{"type":"FeatureCollection","features":[{"type":"Feature","geometry":{"type":"Polygon","coordinates":[[[3.711047822333629,6.438964392263024],[3.709760377688223,6.441096620788316],[3.708472888338019,6.439646657917579],[3.708387015581157,6.43794092149918],[3.711047822333629,6.438964392263024]]]},"id":"00000000000000000000","properties":{"class":1,"year":0}},{"type":"Feature","geometry":{"type":"Polygon","coordinates":[[[3.6740547812745397,6.430606004735909],[3.672509836079437,6.431288265014994],[3.6719948132663465,6.429411907954426],[3.6740547812745397,6.430606004735909]]]},"id":"00000000000000000001","properties":{"class":1,"year":0}},{"type":"Feature","geometry":{"type":"Polygon","coordinates":[[[3.664527572812282,6.432994124546099],[3.6639267567998584,6.434529303245062],[3.662295940227905,6.433505805558823],[3.663154278528343,6.431970601472214],[3.664527572812282,6.432994124546099]]]},"id":"00000000000000000002","properties":{"class":1,"year":0}},{"type":"Feature","geometry":{"type":"Polygon","coordinates":[[[3.7333637698491358,6.438623233409678],[3.733707121163745,6.441096605066176],[3.7322479715928067,6.440755428007146],[3.731132197876571,6.439305530685382],[3.731818795156067,6.436832120665596],[3.7333637698491358,6.438623233409678]]]},"id":"00000000000000000003","properties":{"class":1,"year":0}},{"type":"Feature","geometry":{"type":"Polygon","coordinates":[[[3.7057262712049193,6.4287721934204285],[3.7040526050940543,6.428729577501257],[3.704009711158745,6.428047275321169],[3.7057262712049193,6.4287721934204285]]]},"id":"00000000000000000004","properties":{"class":1,"year":0}},{"type":"Feature","geometry":{"type":"Polygon","coordinates":[[[3.7055546125811354,6.4278766690289],[3.705812139449368,6.42864429946899],[3.703838058355405,6.428388396695741],[3.7055546125811354,6.4278766690289]]]},"id":"00000000000000000005","properties":{"class":1,"year":0}},{"type":"Feature","geometry":{"type":"Polygon","coordinates":[[[3.7018638993974196,6.439987815549727],[3.701305995498035,6.4388791013404365],[3.7020785151914306,6.438452620108839],[3.7029797256454673,6.439859934069739],[3.7018638993974196,6.439987815549727]]]},"id":"00000000000000000006","properties":{"class":1,"year":0}},{"type":"Feature","geometry":{"type":"Polygon","coordinates":[[[3.71319355869368,6.430776570318548],[3.7130218747568464,6.43188536157107],[3.712120717870774,6.431629440762832],[3.711949037570046,6.43056328736434],[3.71319355869368,6.430776570318548]]]},"id":"00000000000000000007","properties":{"class":1,"year":0}},{"type":"Feature","geometry":{"type":"Polygon","coordinates":[[[3.7354236801673735,6.431032391435331],[3.7348228740369844,6.43171475588009],[3.733320851098185,6.431117673903092],[3.734393753291204,6.4308192303161205],[3.7354236801673735,6.431032391435331]]]},"id":"00000000000000000008","properties":{"class":1,"year":0}},{"type":"Feature","geometry":{"type":"Polygon","coordinates":[[[3.7431914151157226,6.433505863650259],[3.743405973483557,6.435041090954313],[3.7443500720677183,6.435467493895407],[3.7418180770704645,6.436064526071455],[3.741689376960383,6.4352116261275345],[3.7425905945212996,6.434785164470769],[3.742418888523306,6.433633741444905],[3.7431914151157226,6.433505863650259]]]},"id":"00000000000000000009","properties":{"class":1,"year":0}},{"type":"Feature","geometry":{"type":"Polygon","coordinates":[[[3.7355524418652335,6.4334205442407155],[3.735852887097486,6.435296937388876],[3.7338787976923697,6.437173296231215],[3.732548397258793,6.436533626585288],[3.734350833669004,6.434444046893324],[3.7355524418652335,6.4334205442407155]]]},"id":"0000000000000000000a","properties":{"class":1,"year":0}},{"type":"Feature","geometry":{"type":"Polygon","coordinates":[[[3.7531906897171274,6.437173279345223],[3.7535768784632038,6.4393055596486635],[3.7506586414750487,6.439262877092484],[3.750916164980765,6.437343874294233],[3.7531906897171274,6.437173279345223]]]},"id":"0000000000000000000b","properties":{"class":1,"year":0}},{"type":"Feature","geometry":{"type":"Polygon","coordinates":[[[3.744543248703239,6.432290476181584],[3.74932826623167,6.433164706043727],[3.7537056861991824,6.434102876337392],[3.7538129487266647,6.434529362326854],[3.7510878222105055,6.43399625631449],[3.7438565567557633,6.43269556504922],[3.743963875975084,6.432098548761479],[3.744543248703239,6.432290476181584]]]},"id":"0000000000000000000c","properties":{"class":1,"year":0}},{"type":"Feature","geometry":{"type":"Polygon","coordinates":[[[3.7481266419272954,6.43627066686668],[3.747053759428679,6.434564912937645],[3.7501651423587785,6.4349060471034925],[3.7502080753515625,6.436569184171375],[3.7481266419272954,6.43627066686668]]]},"id":"0000000000000000000d","properties":{"class":1,"year":0}},{"type":"Feature","geometry":{"type":"Polygon","coordinates":[[[3.7823731348679646,6.446228176337743],[3.771215105035898,6.44366950752753],[3.7719017790158107,6.439575671623549],[3.778339071238016,6.441963724381218],[3.7823731348679646,6.446228176337743]]]},"id":"0000000000000000000e","properties":{"class":1,"year":0}},{"type":"Feature","geometry":{"type":"Polygon","coordinates":[[[3.8023716823831344,6.443328392217543],[3.803659147622,6.44571643518902],[3.7975651533652686,6.4458870268562345],[3.7962776868221932,6.442816644605831],[3.8023716823831344,6.443328392217543]]]},"id":"0000000000000000000f","properties":{"class":1,"year":0}},{"type":"Feature","geometry":{"type":"Polygon","coordinates":[[[3.7724167324337783,6.4516865738494085],[3.7727600376072927,6.454074560593712],[3.76752442022529,6.451345414817571],[3.7724167324337783,6.4516865738494085]]]},"id":"00000000000000000010","properties":{"class":1,"year":0}},{"type":"Feature","geometry":{"type":"Polygon","coordinates":[[[3.802157108002477,6.440513790453295],[3.799539233612046,6.440300587340233],[3.7994534395464084,6.439234505563827],[3.802414581852397,6.439575614495714],[3.802157108002477,6.440513790453295]]]},"id":"00000000000000000011","properties":{"class":1,"year":0}},{"type":"Feature","geometry":{"type":"Polygon","coordinates":[[[3.8098389054494066,6.441793140230213],[3.8068777977070067,6.44128146175992],[3.8069207009654717,6.440257982417915],[3.8100106062450028,6.440812344949873],[3.8098389054494066,6.441793140230213]]]},"id":"00000000000000000012","properties":{"class":1,"year":0}},{"type":"Feature","geometry":{"type":"Polygon","coordinates":[[[3.8131862828355603,6.441963712813735],[3.811727180428718,6.441452015219457],[3.813100465820515,6.4403858816642785],[3.814173344064475,6.441110877988698],[3.8131862828355603,6.441963712813735]]]},"id":"00000000000000000013","properties":{"class":1,"year":0}},{"type":"Feature","geometry":{"type":"Polygon","coordinates":[[[3.818293275657265,6.445375252760889],[3.8214690017942226,6.44610019819322],[3.8212973400689845,6.448872104380828],[3.8182074500587757,6.448445639417298],[3.818293275657265,6.445375252760889]]]},"id":"00000000000000000014","properties":{"class":1,"year":0}},{"type":"Feature","geometry":{"type":"Polygon","coordinates":[[[3.827434216957335,6.451473314145756],[3.827348376001806,6.448829395173018],[3.8309103534788265,6.44870153235377],[3.831425359646456,6.451516024000384],[3.827434216957335,6.451473314145756]]]},"id":"00000000000000000015","properties":{"class":1,"year":0}},{"type":"Feature","geometry":{"type":"Polygon","coordinates":[[[3.8224774872760987,6.442496789978632],[3.8247734472103194,6.442496798643927],[3.8280779511044534,6.442496818451514],[3.8303095065707335,6.442411532224133],[3.8305241216624553,6.442880625898505],[3.827562978660953,6.44296584139471],[3.822048325572679,6.442987237424247],[3.8220912415807913,6.442496827759236],[3.8224774872760987,6.442496789978632]]]},"id":"00000000000000000016","properties":{"class":1,"year":0}},{"type":"Feature","geometry":{"type":"Polygon","coordinates":[[[3.834708403341219,6.4468251753600265],[3.832862980050535,6.444223909697967],[3.8356954146560693,6.444053300661469],[3.8359529023766217,6.446462702972257],[3.834708403341219,6.4468251753600265]]]},"id":"00000000000000000017","properties":{"class":1,"year":0}},{"type":"Feature","geometry":{"type":"Polygon","coordinates":[[[3.8333780058874534,6.442560766738385],[3.835652487224275,6.442390197966338],[3.8358026945798627,6.442752681559089],[3.83389295928823,6.442752676809304],[3.8333780058874534,6.442560766738385]]]},"id":"00000000000000000018","properties":{"class":1,"year":0}},{"type":"Feature","geometry":{"type":"Polygon","coordinates":[[[3.84627404936535,6.440321948352236],[3.8457805557370035,6.440321914543897],[3.845887779168261,6.439596937454916],[3.846359844447985,6.4395969698452316],[3.84627404936535,6.440321948352236]]]},"id":"00000000000000000019","properties":{"class":1,"year":0}},{"type":"Feature","geometry":{"type":"Polygon","coordinates":[[[3.853290698662019,6.439405057721938],[3.8534838224980956,6.440236638768344],[3.8526898994913314,6.440044743512967],[3.8520461661834253,6.440044707584582],[3.8518316160960993,6.43946906077741],[3.852389463723321,6.439469011815448],[3.8524753467068638,6.439852798752658],[3.853033201346805,6.439810160303471],[3.853290698662019,6.439405057721938]]]},"id":"0000000000000000001a","properties":{"class":1,"year":0}},{"type":"Feature","geometry":{"type":"Polygon","coordinates":[[[3.8494068665827235,6.446121579329524],[3.8479048016868242,6.443861428764649],[3.851252265465533,6.443434978582998],[3.8505870414296055,6.445396595100014],[3.8494068665827235,6.446121579329524]]]},"id":"0000000000000000001b","properties":{"class":1,"year":0}},{"type":"Feature","geometry":{"type":"Polygon","coordinates":[[[3.843634736791326,6.444650359522723],[3.8422614847287004,6.447336877410132],[3.8403946725619535,6.4459936256221955],[3.8409739779398415,6.444095986759163],[3.843634736791326,6.444650359522723]]]},"id":"0000000000000000001c","properties":{"class":1,"year":0}},{"type":"Feature","geometry":{"type":"Polygon","coordinates":[[[3.86092962382447,6.445801712458119],[3.8608009334690516,6.4487441276964335],[3.860157175885601,6.450321980342656],[3.8591272116399886,6.448658885807432],[3.8598138262822212,6.4469531359922225],[3.86092962382447,6.445801712458119]]]},"id":"0000000000000000001d","properties":{"class":1,"year":0}},{"type":"Feature","geometry":{"type":"Polygon","coordinates":[[[3.8723021720549626,6.449810253732659],[3.872945926803804,6.452070315896583],[3.8745337913291893,6.4531791183917235],[3.873289286689312,6.4540319494621095],[3.87165850306743,6.45300848330475],[3.870285198667517,6.450364616045764],[3.8723021720549626,6.449810253732659]]]},"id":"0000000000000000001e","properties":{"class":1,"year":0}},{"type":"Feature","geometry":{"type":"Polygon","coordinates":[[[3.8642770068901964,6.442262227911052],[3.864448735191509,6.443285690608637],[3.8634187623568903,6.443285741049747],[3.863289988082267,6.442262278008976],[3.8642770068901964,6.442262227911052]]]},"id":"0000000000000000001f","properties":{"class":1,"year":0}},{"type":"Feature","geometry":{"type":"Polygon","coordinates":[[[3.878782425141837,6.438552212734002],[3.878782425141837,6.439874193152169],[3.878009941285871,6.440385889734774],[3.877838322947431,6.438338949448257],[3.878782425141837,6.438552212734002]]]},"id":"00000000000000000020","properties":{"class":1,"year":0}},{"type":"Feature","geometry":{"type":"Polygon","coordinates":[[[3.872602646899354,6.443200437026886],[3.866937811617667,6.44328567522444],[3.8671953011452413,6.442475498721096],[3.870285198667517,6.442390141956455],[3.872602646899354,6.443200437026886]]]},"id":"00000000000000000021","properties":{"class":1,"year":0}},{"type":"Feature","geometry":{"type":"Polygon","coordinates":[[[3.8648349123787415,6.455396556202128],[3.865135343465784,6.4525820382203065],[3.867495668391254,6.452837898102893],[3.8677102840801485,6.455439190988505],[3.8648349123787415,6.455396556202128]]]},"id":"00000000000000000022","properties":{"class":1,"year":0}},{"type":"Feature","geometry":{"type":"Polygon","coordinates":[[[3.8965537731819304,6.454662306852033],[3.8991287360642053,6.451847871991853],[3.9024761241890467,6.45398005558864],[3.9045360261648803,6.4578178940934],[3.901703594784462,6.458500218810031],[3.899901149046983,6.456026948147193],[3.8965537731819304,6.454662306852033]]]},"id":"00000000000000000023","properties":{"class":1,"year":0}},{"type":"Feature","geometry":{"type":"Polygon","coordinates":[[[3.895437977869316,6.442210346682417],[3.895609655044266,6.44289264924252],[3.8944938802342417,6.442935272259281],[3.894450903532153,6.442082368257924],[3.895437977869316,6.442210346682417]]]},"id":"00000000000000000024","properties":{"class":1,"year":0}},{"type":"Feature","geometry":{"type":"Polygon","coordinates":[[[3.908226738030502,6.441485398908991],[3.908226738030502,6.4425941360085845],[3.906338478944398,6.442679415019538],[3.907111000258229,6.4420397444998985],[3.908226738030502,6.441485398908991]]]},"id":"00000000000000000025","properties":{"class":1,"year":0}},{"type":"Feature","geometry":{"type":"Polygon","coordinates":[[[3.8886144107796845,6.442764733604626],[3.886726172869841,6.443191142314787],[3.8865116330295315,6.44250882748342],[3.888571516703345,6.441997083481158],[3.8886144107796845,6.442764733604626]]]},"id":"00000000000000000026","properties":{"class":1,"year":0}},{"type":"Feature","geometry":{"type":"Polygon","coordinates":[[[3.897347753592082,6.439097287081942],[3.897776846976202,6.440227396001882],[3.897347753592082,6.440248662572382],[3.896832706366256,6.439139970697782],[3.897347753592082,6.439097287081942]]]},"id":"00000000000000000027","properties":{"class":1,"year":0}},{"type":"Feature","geometry":{"type":"Polygon","coordinates":[[[3.8991287360642053,6.4427646778321],[3.896725454085005,6.442807353985708],[3.896296291761991,6.44197580069467],[3.8970472893197834,6.442252963835749],[3.8988497904171124,6.442252979864805],[3.8991287360642053,6.4427646778321]]]},"id":"00000000000000000028","properties":{"class":1,"year":0}},{"type":"Feature","geometry":{"type":"Polygon","coordinates":[[[3.8916400099747936,6.442892679291451],[3.889451318677298,6.442913981458598],[3.889901871399203,6.442252995281504],[3.890502718123077,6.442487503751769],[3.891296682729415,6.442125037372887],[3.8916400099747936,6.442892679291451]]]},"id":"00000000000000000029","properties":{"class":1,"year":0}},{"type":"Feature","geometry":{"type":"Polygon","coordinates":[[[4.1244658742799905,6.446945175886349],[4.136310493672885,6.450356683047966],[4.123435867787985,6.455473907635892],[4.1244658742799905,6.446945175886349]]]},"id":"0000000000000000002a","properties":{"class":1,"year":0}},{"type":"Feature","geometry":{"type":"Polygon","coordinates":[[[4.074340728082763,6.439951575082916],[4.07262412382757,6.445580571310783],[4.068332626733064,6.44540999806966],[4.070735862093564,6.437734005976192],[4.074340728082763,6.439951575082916]]]},"id":"0000000000000000002b","properties":{"class":1,"year":0}},{"type":"Feature","geometry":{"type":"Polygon","coordinates":[[[4.06541433311103,6.438757493502115],[4.057689590358411,6.439439780525267],[4.057174580707576,6.436369392526263],[4.063011109431358,6.435004759213181],[4.06541433311103,6.438757493502115]]]},"id":"0000000000000000002c","properties":{"class":1,"year":0}},{"type":"Feature","geometry":{"type":"Polygon","coordinates":[[[4.17991244648678,6.428352067336985],[4.192615387962955,6.431934307222387],[4.186263963294924,6.435175291446946],[4.177165921922392,6.432616620459072],[4.17991244648678,6.428352067336985]]]},"id":"0000000000000000002d","properties":{"class":1,"year":0}},{"type":"Feature","geometry":{"type":"Polygon","coordinates":[[[4.163089699141813,6.428863814705738],[4.158969802110188,6.4293755403300406],[4.161373068602924,6.424769842651411],[4.163089699141813,6.428863814705738]]]},"id":"0000000000000000002e","properties":{"class":1,"year":0}},{"type":"Feature","geometry":{"type":"Polygon","coordinates":[[[4.2381056790182825,6.43278721916159],[4.240508964268582,6.438245739026061],[4.232612564857841,6.438586933325873],[4.2381056790182825,6.43278721916159]]]},"id":"0000000000000000002f","properties":{"class":1,"year":0}},{"type":"Feature","geometry":{"type":"Polygon","coordinates":[[[4.267459767693646,6.419481754161545],[4.2702063826550205,6.426475672299392],[4.262138289106556,6.4280109334717785],[4.262138289106556,6.4213582080385505],[4.267459767693646,6.419481754161545]]]},"id":"00000000000000000030","properties":{"class":1,"year":0}},{"type":"Feature","geometry":{"type":"Polygon","coordinates":[[[4.3071135564886704,6.4119759097062525],[4.301620400304837,6.4181170390688225],[4.299560437173772,6.413681804921385],[4.3071135564886704,6.4119759097062525]]]},"id":"00000000000000000031","properties":{"class":1,"year":0}},{"type":"Feature","geometry":{"type":"Polygon","coordinates":[[[4.248405371498299,6.407199473999924],[4.24917781597412,6.411122982719292],[4.246173780904891,6.411805379836641],[4.2448863225511895,6.4070289203180115],[4.248405371498299,6.407199473999924]]]},"id":"00000000000000000032","properties":{"class":1,"year":0}},{"type":"Feature","geometry":{"type":"Polygon","coordinates":[[[4.206005022429363,6.419481749229913],[4.207378316464095,6.423916953872072],[4.202228472670234,6.421187566815625],[4.206005022429363,6.419481749229913]]]},"id":"00000000000000000033","properties":{"class":1,"year":0}},{"type":"Feature","geometry":{"type":"Polygon","coordinates":[[[4.462168624473417,6.35277834385829],[4.459422076370442,6.3643795530745955],[4.44431582452066,6.367791595741411],[4.443285861311988,6.360285021454371],[4.462168624473417,6.35277834385829]]]},"id":"00000000000000000034","properties":{"class":1,"year":0}},{"type":"Feature","geometry":{"type":"Polygon","coordinates":[[[4.463198557303572,6.366768017176868],[4.466288474283664,6.378027664415488],[4.458392058853758,6.379733596418923],[4.454615523196191,6.371203602640412],[4.463198557303572,6.366768017176868]]]},"id":"00000000000000000035","properties":{"class":1,"year":0}},{"type":"Feature","geometry":{"type":"Polygon","coordinates":[[[4.477103168608595,6.339129610269166],[4.465773475778261,6.341688787389238],[4.479849756069714,6.333669973132194],[4.477103168608595,6.339129610269166]]]},"id":"00000000000000000036","properties":{"class":1,"year":0}},{"type":"Feature","geometry":{"type":"Polygon","coordinates":[[[4.489977766601134,6.3461246704967955],[4.484999582818049,6.351754759319137],[4.476931467347738,6.35192530737755],[4.4741849503622415,6.346636493930269],[4.488604471893672,6.340323904633634],[4.489977766601134,6.3461246704967955]]]},"id":"00000000000000000037","properties":{"class":1,"year":0}},{"type":"Feature","geometry":{"type":"Polygon","coordinates":[[[4.496500923251993,6.326162980149641],[4.4918660254302925,6.329404653572807],[4.487231212226107,6.329063392683375],[4.484141270322409,6.326845413403517],[4.497359197009168,6.320361973458719],[4.496500923251993,6.326162980149641]]]},"id":"00000000000000000038","properties":{"class":1,"year":0}},{"type":"Feature","geometry":{"type":"Polygon","coordinates":[[[4.460452035087491,6.340153254172011],[4.436419421973326,6.349536840137585],[4.43607612309132,6.346295298630094],[4.4570187852692795,6.338617806179849],[4.460452035087491,6.340153254172011]]]},"id":"00000000000000000039","properties":{"class":1,"year":0}},{"type":"Feature","geometry":{"type":"Polygon","coordinates":[[[3.6248097523370144,6.4348602277585725],[3.6201748695864695,6.442280455677431],[3.618114938549316,6.442195095217018],[3.612535925136681,6.4396364793889935],[3.616827466531055,6.433836763360808],[3.6248097523370144,6.4348602277585725]]]},"id":"0000000000000000003a","properties":{"class":1,"year":0}},{"type":"Feature","geometry":{"type":"Polygon","coordinates":[[[3.6066994264252257,6.43383679495297],[3.609703566318273,6.43921004915372],[3.604896982341023,6.441256939069306],[3.6031803738583386,6.435286687326001],[3.6066994264252257,6.43383679495297]]]},"id":"0000000000000000003b","properties":{"class":1,"year":0}},{"type":"Feature","geometry":{"type":"Polygon","coordinates":[[[3.581293603815785,6.439124752644368],[3.5809502843803545,6.440659936653305],[3.577860360782222,6.4404893324983545],[3.578203659059202,6.438613030741143],[3.581293603815785,6.439124752644368]]]},"id":"0000000000000000003c","properties":{"class":1,"year":0}},{"type":"Feature","geometry":{"type":"Polygon","coordinates":[[[3.6281571454666444,6.451320951256362],[3.6266980257580785,6.450212173798398],[3.6290154436542754,6.448080001045429],[3.6281571454666444,6.451320951256362]]]},"id":"0000000000000000003d","properties":{"class":1,"year":0}},{"type":"Feature","geometry":{"type":"Polygon","coordinates":[[[3.6155829235480668,6.430510418592182],[3.6175570325371584,6.429742858092768],[3.6190590953405812,6.431363364452203],[3.616055014601731,6.431363329928097],[3.6155829235480668,6.430510418592182]]]},"id":"0000000000000000003e","properties":{"class":1,"year":0}},{"type":"Feature","geometry":{"type":"Polygon","coordinates":[[[3.623565166420891,6.430169303706372],[3.6268267426278546,6.429913392657839],[3.6288008290797884,6.430936915852479],[3.623393555126187,6.431192803528755],[3.623565166420891,6.430169303706372]]]},"id":"0000000000000000003f","properties":{"class":1,"year":0}},{"type":"Feature","geometry":{"type":"Polygon","coordinates":[[[3.651803499880027,6.42927371575261],[3.650859347648269,6.431875054488551],[3.6491427173727806,6.430041382989037],[3.651803499880027,6.42927371575261]]]},"id":"00000000000000000040","properties":{"class":1,"year":0}},{"type":"Feature","geometry":{"type":"Polygon","coordinates":[[[3.640388000427943,6.429913447627828],[3.6372123023491354,6.430680984727937],[3.636868909949576,6.429401625782325],[3.6406884219812885,6.429231087987879],[3.640388000427943,6.429913447627828]]]},"id":"00000000000000000041","properties":{"class":1,"year":0}},{"type":"Feature","geometry":{"type":"Polygon","coordinates":[[[3.5933957056281685,6.474475858011204],[3.595369792769769,6.478228310462951],[3.593910697551301,6.478569441613117],[3.5922369544945845,6.4754992563495675],[3.592537397499071,6.474049498215001],[3.5933957056281685,6.474475858011204]]]},"id":"00000000000000000042","properties":{"class":1,"year":0}},{"type":"Feature","geometry":{"type":"Polygon","coordinates":[[[3.533875021190954,6.441572052161017],[3.534046634982277,6.4387149076395795],[3.5339608280129253,6.434023950130088],[3.5369648541473104,6.434066571163977],[3.5372652744109576,6.440591237442694],[3.533875021190954,6.441572052161017]]]},"id":"00000000000000000043","properties":{"class":1,"year":0}},{"type":"Feature","geometry":{"type":"Polygon","coordinates":[[[3.542372232138389,6.427840398711755],[3.536771777397212,6.428437444444888],[3.536621607107338,6.427968321556362],[3.5420288707841214,6.427371235392323],[3.542372232138389,6.427840398711755]]]},"id":"00000000000000000044","properties":{"class":1,"year":0}},{"type":"Feature","geometry":{"type":"Polygon","coordinates":[[[3.5065379335486706,6.43093215897047],[3.5057654076034694,6.430633650541685],[3.50503584931852,6.430932177990068],[3.505078805044328,6.430484415310513],[3.505615253455924,6.429993940799593],[3.5065808134466674,6.430399122940837],[3.5065379335486706,6.43093215897047]]]},"id":"00000000000000000045","properties":{"class":1,"year":0}},{"type":"Feature","geometry":{"type":"Polygon","coordinates":[[[3.4972051840893568,6.44118494790105],[3.497291004971327,6.44323191679151],[3.4965185452493706,6.443061320701732],[3.4964755969020103,6.441227571901184],[3.4972051840893568,6.44118494790105]]]},"id":"00000000000000000046","properties":{"class":1,"year":0}},{"type":"Feature","geometry":{"type":"Polygon","coordinates":[[[3.4228757952367053,6.445001635879446],[3.4214596181321464,6.446579467709176],[3.420751467775439,6.446003710919954],[3.4222749505542875,6.4444259099805015],[3.4228757952367053,6.445001635879446]]]},"id":"00000000000000000047","properties":{"class":1,"year":0}},{"type":"Feature","geometry":{"type":"Polygon","coordinates":[[[3.427253157910198,6.449585861338403],[3.427253157910198,6.451035683855016],[3.4266094491416985,6.450225461991472],[3.426523596271747,6.4487755816551005],[3.427253157910198,6.449585861338403]]]},"id":"00000000000000000048","properties":{"class":1,"year":0}},{"type":"Feature","geometry":{"type":"Polygon","coordinates":[[[3.414292738580853,6.453466407577066],[3.4131769404216095,6.454319264677119],[3.4128764990340654,6.453636971187052],[3.413606090583131,6.4532105797451536],[3.414292738580853,6.453466407577066]]]},"id":"00000000000000000049","properties":{"class":1,"year":0}},{"type":"Feature","geometry":{"type":"Polygon","coordinates":[[[3.3969061586514875,6.427450761491301],[3.397335321579993,6.428943368462441],[3.3957903678642025,6.429071309235278],[3.3951895441958255,6.42719489697862],[3.3969061586514875,6.427450761491301]]]},"id":"0000000000000000004a","properties":{"class":1,"year":0}},{"type":"Feature","geometry":{"type":"Polygon","coordinates":[[[3.3867781642746455,6.422845010801442],[3.3880656312024415,6.423612604657698],[3.387636471831445,6.42476408854065],[3.38694980920561,6.424977295095847],[3.3867781642746455,6.422845010801442]]]},"id":"0000000000000000004b","properties":{"class":1,"year":0}},{"type":"Feature","geometry":{"type":"Polygon","coordinates":[[[3.3848469498686446,6.409880425444847],[3.3823578396035137,6.407620185344094],[3.3832161472741062,6.407321649126957],[3.3859627243618258,6.408003990488221],[3.3848469498686446,6.409880425444847]]]},"id":"0000000000000000004c","properties":{"class":1,"year":0}},{"type":"Feature","geometry":{"type":"Polygon","coordinates":[[[3.381928729827153,6.408387847323582],[3.3839886138535076,6.410051053168231],[3.383430707290059,6.411287818752317],[3.382658249437687,6.410008430475615],[3.3816283244312833,6.409112818328907],[3.381928729827153,6.408387847323582]]]},"id":"0000000000000000004d","properties":{"class":1,"year":0}},{"type":"Feature","geometry":{"type":"Polygon","coordinates":[[[3.3789246042686445,6.405103945794512],[3.3793537648602725,6.406767222750562],[3.3783238318621027,6.40591422958654],[3.3789246042686445,6.405103945794512]]]},"id":"0000000000000000004e","properties":{"class":1,"year":0}},{"type":"Feature","geometry":{"type":"Polygon","coordinates":[[[3.33753696791193,6.411375693945503],[3.337451116055909,6.40928603557397],[3.3391677204630317,6.407793343003622],[3.339811443337366,6.409030155419152],[3.3390818657620116,6.410906614123312],[3.33753696791193,6.411375693945503]]]},"id":"0000000000000000004f","properties":{"class":1,"year":0}},{"type":"Feature","geometry":{"type":"Polygon","coordinates":[[[3.345905437198022,6.402377093778292],[3.346763725592595,6.404211017176584],[3.3455621260290718,6.403912436100783],[3.343588017957811,6.40344332575727],[3.342472202626855,6.4025903448386],[3.345905437198022,6.402377093778292]]]},"id":"00000000000000000050","properties":{"class":1,"year":0}},{"type":"Feature","geometry":{"type":"Polygon","coordinates":[[[3.3263789427311745,6.409030134031477],[3.328653440203761,6.4088168785829795],[3.328481767647074,6.410480109411037],[3.3270226519565576,6.410010974671346],[3.3263789427311745,6.409030134031477]]]},"id":"00000000000000000051","properties":{"class":1,"year":0}},{"type":"Feature","geometry":{"type":"Polygon","coordinates":[[[3.3330308317725033,6.409883035898718],[3.3320008674420833,6.411119847326955],[3.33037004503662,6.409925693180749],[3.3330308317725033,6.409883035898718]]]},"id":"00000000000000000052","properties":{"class":1,"year":0}},{"type":"Feature","geometry":{"type":"Polygon","coordinates":[[[3.342429310809054,6.414830082781266],[3.3430301071309705,6.415981546261639],[3.3420430555313265,6.416109480640569],[3.3413564125873174,6.41517128887907],[3.342429310809054,6.414830082781266]]]},"id":"00000000000000000053","properties":{"class":1,"year":0}},{"type":"Feature","geometry":{"type":"Polygon","coordinates":[[[3.3257781191986906,6.404338916137671],[3.3247911063265834,6.4049786309357915],[3.3239328169638975,6.404552130072786],[3.325005642588821,6.403997769993232],[3.3257781191986906,6.404338916137671]]]},"id":"00000000000000000054","properties":{"class":1,"year":0}},{"type":"Feature","geometry":{"type":"Polygon","coordinates":[[[3.324533617944303,6.408560975221491],[3.3240186452258147,6.409371296269795],[3.3232032443696453,6.408177161015339],[3.324533617944303,6.408560975221491]]]},"id":"00000000000000000055","properties":{"class":1,"year":0}},{"type":"Feature","geometry":{"type":"Polygon","coordinates":[[[3.3049427172445993,6.408987476059911],[3.3065949711083777,6.409371312988385],[3.3066164013852877,6.410032339099888],[3.305221686241434,6.409883083868274],[3.3049427172445993,6.408987476059911]]]},"id":"00000000000000000056","properties":{"class":1,"year":0}},{"type":"Feature","geometry":{"type":"Polygon","coordinates":[[[3.308569053795214,6.425491622549606],[3.3082257727815154,6.428391571074701],[3.3036767002824603,6.428732742991798],[3.3035050381778968,6.4254916957342605],[3.308569053795214,6.425491622549606]]]},"id":"00000000000000000057","properties":{"class":1,"year":0}},{"type":"Feature","geometry":{"type":"Polygon","coordinates":[[[3.259130619756553,6.415682999440623],[3.260675583046709,6.417815399602524],[3.258272327903231,6.4178153482807545],[3.259130619756553,6.415682999440623]]]},"id":"00000000000000000058","properties":{"class":1,"year":0}},{"type":"Feature","geometry":{"type":"Polygon","coordinates":[[[3.2335530850023613,6.409456630893431],[3.2388745774091627,6.4101389737137575],[3.2361280074349286,6.413550697120391],[3.2308065076132184,6.409797788101543],[3.2335530850023613,6.409456630893431]]]},"id":"00000000000000000059","properties":{"class":1,"year":0}},{"type":"Feature","geometry":{"type":"Polygon","coordinates":[[[3.2155285980653776,6.42301820156437],[3.218961842288417,6.4249799484073264],[3.2183610320158023,6.429500369730177],[3.2132969924763812,6.425235750527131],[3.2155285980653776,6.42301820156437]]]},"id":"0000000000000000005a","properties":{"class":1,"year":0}},{"type":"Feature","geometry":{"type":"Polygon","coordinates":[[[3.198619993679236,6.411247800258126],[3.1983624787520433,6.413891904755086],[3.196560065678514,6.411162479251953],[3.198619993679236,6.411247800258126]]]},"id":"0000000000000000005b","properties":{"class":1,"year":0}},{"type":"Feature","geometry":{"type":"Polygon","coordinates":[[[3.2062589196308187,6.411333107061971],[3.205915589487363,6.413294809253359],[3.2031690354558147,6.410394852868437],[3.2062589196308187,6.411333107061971]]]},"id":"0000000000000000005c","properties":{"class":1,"year":0}},{"type":"Feature","geometry":{"type":"Polygon","coordinates":[[[3.225742479400085,6.425321094188452],[3.2253133564218976,6.42881804899971],[3.222738391104076,6.429329721794884],[3.2222234143519066,6.425321064814777],[3.225742479400085,6.425321094188452]]]},"id":"0000000000000000005d","properties":{"class":1,"year":0}},{"type":"Feature","geometry":{"type":"Polygon","coordinates":[[[3.1907235655447788,6.418583013130112],[3.1888353074999296,6.423018186889812],[3.1876336711757887,6.419180050893075],[3.1907235655447788,6.418583013130112]]]},"id":"0000000000000000005e","properties":{"class":1,"year":0}},{"type":"Feature","geometry":{"type":"Polygon","coordinates":[[[2.913919596568218,6.400500660807383],[2.9049932019824616,6.398624129848088],[2.910486380823686,6.3960652250529755],[2.9190693888974186,6.397259404569971],[2.913919596568218,6.400500660807383]]]},"id":"0000000000000000005f","properties":{"class":1,"year":0}},{"type":"Feature","geometry":{"type":"Polygon","coordinates":[[[2.86439529201841,6.4013535887796404],[2.8587304254605637,6.401609486520814],[2.8595887804225555,6.398624156566484],[2.866369409652493,6.399903587844926],[2.86439529201841,6.4013535887796404]]]},"id":"00000000000000000060","properties":{"class":1,"year":0}},{"type":"Feature","geometry":{"type":"Polygon","coordinates":[[[2.919155264124526,6.418924147619816],[2.9134904215423307,6.418753545563541],[2.9083406228715374,6.417474224158045],[2.9179536345979367,6.416791873123795],[2.919155264124526,6.418924147619816]]]},"id":"00000000000000000061","properties":{"class":1,"year":0}},{"type":"Feature","geometry":{"type":"Polygon","coordinates":[[[2.9480801621817383,6.421994686779188],[2.942844520576466,6.421653544729307],[2.9435311831303186,6.417559478351268],[2.95082679158362,6.417730070173163],[2.9480801621817383,6.421994686779188]]]},"id":"00000000000000000062","properties":{"class":1,"year":0}},{"type":"Feature","geometry":{"type":"Polygon","coordinates":[[[4.1761635559335115,6.396041494681734],[4.173631549631313,6.39655328294606],[4.172944909006975,6.395657620350694],[4.176206453805445,6.395017910084062],[4.1761635559335115,6.396041494681734]]]},"id":"00000000000000000063","properties":{"class":1,"year":0}},{"type":"Feature","geometry":{"type":"Polygon","coordinates":[[[4.187664877927649,6.396553245649114],[4.187578985350766,6.39723562047953],[4.1862915513788765,6.397406185658331],[4.186119927159765,6.396084090440981],[4.187664877927649,6.396553245649114]]]},"id":"00000000000000000064","properties":{"class":1,"year":0}},{"type":"Feature","geometry":{"type":"Polygon","coordinates":[[[4.179682626233878,6.404272528273558],[4.179038884818851,6.4034621742831925],[4.18028339615652,6.403462225039268],[4.179682626233878,6.404272528273558]]]},"id":"00000000000000000065","properties":{"class":1,"year":0}},{"type":"Feature","geometry":{"type":"Polygon","coordinates":[[[4.164490542528544,6.398088595010423],[4.163503495573945,6.397491510005518],[4.165949703017496,6.3970223446008605],[4.164490542528544,6.398088595010423]]]},"id":"00000000000000000066","properties":{"class":1,"year":0}},{"type":"Feature","geometry":{"type":"Polygon","coordinates":[[[4.182214611671009,6.39407964464515],[4.1838024298584315,6.393823774422553],[4.183459120088766,6.394762003751871],[4.182214611671009,6.39407964464515]]]},"id":"00000000000000000067","properties":{"class":1,"year":0}},{"type":"Feature","geometry":{"type":"Polygon","coordinates":[[[4.208266657027019,6.390889052712953],[4.206163811385265,6.391315514151626],[4.2062067337406654,6.39054783889984],[4.208180887177931,6.390206698595236],[4.208266657027019,6.390889052712953]]]},"id":"00000000000000000068","properties":{"class":1,"year":0}},{"type":"Feature","geometry":{"type":"Polygon","coordinates":[[[4.227921955572414,6.387586067310164],[4.228393985569575,6.389846453871809],[4.227449851586358,6.389803776629802],[4.226934890759545,6.3882684740438425],[4.227921955572414,6.387586067310164]]]},"id":"00000000000000000069","properties":{"class":1,"year":0}},{"type":"Feature","geometry":{"type":"Polygon","coordinates":[[[4.249765842209632,6.385368351634279],[4.244916366800434,6.385624228616071],[4.2426418933488375,6.386605127895049],[4.241869388007323,6.385453642185277],[4.250237911122252,6.38417412038128],[4.249765842209632,6.385368351634279]]]},"id":"0000000000000000006a","properties":{"class":1,"year":0}},{"type":"Feature","geometry":{"type":"Polygon","coordinates":[[[4.251954546685854,6.385155042826839],[4.251654064922675,6.3842594624145415],[4.256889812913571,6.383960906292456],[4.251954546685854,6.385155042826839]]]},"id":"0000000000000000006b","properties":{"class":1,"year":0}},{"type":"Feature","geometry":{"type":"Polygon","coordinates":[[[4.288432569189275,6.382084294632798],[4.289376696812507,6.381060722505709],[4.290149191618925,6.381956417710174],[4.288432569189275,6.382084294632798]]]},"id":"0000000000000000006c","properties":{"class":1,"year":0}},{"type":"Feature","geometry":{"type":"Polygon","coordinates":[[[4.286801743264681,6.382041662844386],[4.285170967543891,6.382340232917684],[4.284741807898918,6.381487204954371],[4.287016370148614,6.381359259122089],[4.286801743264681,6.382041662844386]]]},"id":"0000000000000000006d","properties":{"class":1,"year":0}},{"type":"Feature","geometry":{"type":"Polygon","coordinates":[[[4.293968605872671,6.382553453234957],[4.293239048526493,6.3823402156673525],[4.293324878281299,6.381018116704703],[4.293968605872671,6.382553453234957]]]},"id":"0000000000000000006e","properties":{"class":1,"year":0}},{"type":"Feature","geometry":{"type":"Polygon","coordinates":[[[4.295998748360428,6.393796183639813],[4.295183330168922,6.395032977788386],[4.294582503738167,6.39371089052658],[4.295998748360428,6.393796183639813]]]},"id":"0000000000000000006f","properties":{"class":1,"year":0}},{"type":"Feature","geometry":{"type":"Polygon","coordinates":[[[3.5100164151899578,6.4232163994972655],[3.5086002207680425,6.4230031991417835],[3.5085787799460255,6.422448765892986],[3.51050995628773,6.422619350856799],[3.5100164151899578,6.4232163994972655]]]},"id":"00000000000000000070","properties":{"class":2,"year":0}},{"type":"Feature","geometry":{"type":"Polygon","coordinates":[[[3.517955777124786,6.422747322731777],[3.518899899368165,6.422363474984656],[3.5196295061931466,6.42274732063012],[3.517955777124786,6.422747322731777]]]},"id":"00000000000000000071","properties":{"class":2,"year":0}},{"type":"Feature","geometry":{"type":"Polygon","coordinates":[[[3.384037465597048,6.424203085775093],[3.383715583502613,6.422795778012417],[3.3842091010035777,6.4229237305948175],[3.384681159146952,6.423819293589526],[3.384037465597048,6.424203085775093]]]},"id":"00000000000000000072","properties":{"class":2,"year":0}},{"type":"Feature","geometry":{"type":"Polygon","coordinates":[[[3.385088828374581,6.426164839978967],[3.3842734932844207,6.425759717147774],[3.3849171899106882,6.425439851830152],[3.385303396526738,6.425802356751787],[3.385088828374581,6.426164839978967]]]},"id":"00000000000000000073","properties":{"class":2,"year":0}},{"type":"Feature","geometry":{"type":"Polygon","coordinates":[[[3.3906892932168367,6.427060346975728],[3.3906463594443945,6.429469824331895],[3.390238721291565,6.429427233391476],[3.3900455983124713,6.4288514955594245],[3.3901313879092023,6.4272309302137],[3.3906892932168367,6.427060346975728]]]},"id":"00000000000000000074","properties":{"class":2,"year":0}},{"type":"Feature","geometry":{"type":"Polygon","coordinates":[[[3.3975557913431316,6.424406447208996],[3.397040747807947,6.4236388085441405],[3.397427049194467,6.422700608309995],[3.3975557913431316,6.424406447208996]]]},"id":"00000000000000000075","properties":{"class":2,"year":0}},{"type":"Feature","geometry":{"type":"Polygon","coordinates":[[[3.391118479107233,6.41690066554977],[3.392749234819544,6.4159198169618765],[3.3946375131084974,6.41928888620675],[3.392835106056018,6.421591766524505],[3.391118479107233,6.41690066554977]]]},"id":"00000000000000000076","properties":{"class":2,"year":0}},{"type":"Feature","geometry":{"type":"Polygon","coordinates":[[[3.3906463594443945,6.408584528523762],[3.388672292571633,6.409352214724188],[3.388328991335775,6.407944817045477],[3.389702287533682,6.407347789852089],[3.3906463594443945,6.408584528523762]]]},"id":"00000000000000000077","properties":{"class":2,"year":0}},{"type":"Feature","geometry":{"type":"Polygon","coordinates":[[[3.396354108392678,6.3945961195899015],[3.39468045034858,6.395534397175683],[3.392749234819544,6.395278472654059],[3.3900455983124713,6.395491739505302],[3.3869127258486333,6.395576991335674],[3.385282008910042,6.395662284597138],[3.384552450538872,6.39634466033889],[3.3831791436510126,6.396088773193317],[3.380432567523376,6.39660056983392],[3.3809475148699666,6.3954063920530135],[3.3877281814447415,6.394425469540881],[3.3922771765204054,6.393785788873663],[3.3966974653839266,6.393913696417967],[3.396354108392678,6.3945961195899015]]]},"id":"00000000000000000078","properties":{"class":2,"year":0}},{"type":"Feature","geometry":{"type":"Polygon","coordinates":[[[3.3951525316036317,6.40129182407231],[3.39667599588315,6.401633001979072],[3.396075161449912,6.402038192770183],[3.394980858175648,6.4014837977200365],[3.393457369196492,6.400545508160149],[3.3951525316036317,6.40129182407231]]]},"id":"00000000000000000079","properties":{"class":2,"year":0}},{"type":"Feature","geometry":{"type":"Polygon","coordinates":[[[3.416383455635761,6.421210277887657],[3.420589175121201,6.422063202036233],[3.416383455635761,6.422148486588295],[3.414666857978374,6.4210396864321675],[3.416383455635761,6.421210277887657]]]},"id":"0000000000000000007a","properties":{"class":2,"year":0}},{"type":"Feature","geometry":{"type":"Polygon","coordinates":[[[3.4332062432585944,6.410378077999773],[3.442132629002934,6.412169256802255],[3.435523711388995,6.411316251928328],[3.4332062432585944,6.410378077999773]]]},"id":"0000000000000000007b","properties":{"class":2,"year":0}},{"type":"Feature","geometry":{"type":"Polygon","coordinates":[[[3.5339747947847675,6.4247102793381545],[3.534876007062736,6.4247529281762485],[3.5361849891672836,6.42564850555575],[3.53343835008807,6.4256058791958885],[3.5339747947847675,6.4247102793381545]]]},"id":"0000000000000000007c","properties":{"class":2,"year":0}},{"type":"Feature","geometry":{"type":"Polygon","coordinates":[[[3.629395969295948,6.424889082084261],[3.6254906543571472,6.424867778161681],[3.617916061118737,6.424857085967337],[3.6177873670482428,6.424590536593225],[3.6214136514802013,6.424505244530323],[3.6275934845336857,6.424643831460502],[3.629395969295948,6.424889082084261]]]},"id":"0000000000000000007d","properties":{"class":2,"year":0}},{"type":"Feature","geometry":{"type":"Polygon","coordinates":[[[3.6663422105672008,6.425117841990021],[3.658574502796691,6.4251497702720135],[3.658220444443798,6.4248725939470965],[3.665880866290784,6.42486196018487],[3.6663422105672008,6.425117841990021]]]},"id":"0000000000000000007e","properties":{"class":2,"year":0}},{"type":"Feature","geometry":{"type":"Polygon","coordinates":[[[3.699740552783388,6.426865703108995],[3.704997674558559,6.427057586117632],[3.7056414096744956,6.427292161990357],[3.700405743889852,6.4271855481316],[3.699740552783388,6.426865703108995]]]},"id":"0000000000000000007f","properties":{"class":2,"year":0}},{"type":"Feature","geometry":{"type":"Polygon","coordinates":[[[3.71602693104175,6.428113085368164],[3.7121752344253864,6.427846527563206],[3.7121323336090235,6.427643963856225],[3.7155226168089315,6.427878569750493],[3.71602693104175,6.428113085368164]]]},"id":"00000000000000000080","properties":{"class":2,"year":0}},{"type":"Feature","geometry":{"type":"Polygon","coordinates":[[[3.7239803017620474,6.4293178198768475],[3.7227678916881017,6.4292005419326435],[3.721501913392561,6.428934067569631],[3.718304771556116,6.428347678642313],[3.7182725533237595,6.428070491445498],[3.7193239935180324,6.428283688612822],[3.7211478788669146,6.428699441940617],[3.723990990742336,6.429136606290904],[3.7239803017620474,6.4293178198768475]]]},"id":"00000000000000000081","properties":{"class":2,"year":0}},{"type":"Feature","geometry":{"type":"Polygon","coordinates":[[[3.732863776399802,6.430157948963699],[3.727241862062349,6.429646158358101],[3.7272525517301998,6.429443610331434],[3.732466821985814,6.429912690366235],[3.732863776399802,6.430157948963699]]]},"id":"00000000000000000082","properties":{"class":2,"year":0}},{"type":"Feature","geometry":{"type":"Polygon","coordinates":[[[3.7452753584024903,6.431778467582999],[3.7389882996011092,6.430946853664078],[3.7389560682270635,6.430701704002436],[3.7452753584024903,6.431607873652955],[3.7452753584024903,6.431778467582999]]]},"id":"00000000000000000083","properties":{"class":2,"year":0}},{"type":"Feature","geometry":{"type":"Polygon","coordinates":[[[3.75918093684232,6.433822971047331],[3.751166559987115,6.432607621442149],[3.7511236261843495,6.432426388463939],[3.7588161756509253,6.433609777033146],[3.75918093684232,6.433822971047331]]]},"id":"00000000000000000084","properties":{"class":2,"year":0}},{"type":"Feature","geometry":{"type":"Polygon","coordinates":[[[3.7867647993943914,6.4374584967628925],[3.781271613956631,6.4368614253903385],[3.774834338592819,6.436093817991198],[3.774469542673001,6.435731366952437],[3.786185410836559,6.437138681622755],[3.7867647993943914,6.4374584967628925]]]},"id":"00000000000000000085","properties":{"class":2,"year":0}},{"type":"Feature","geometry":{"type":"Polygon","coordinates":[[[3.799887841363447,6.43897015089607],[3.7897598725576613,6.437946668471541],[3.7896311286416884,6.437541514328623],[3.7990724877125643,6.438671645044646],[3.799887841363447,6.43897015089607]]]},"id":"00000000000000000086","properties":{"class":2,"year":0}},{"type":"Feature","geometry":{"type":"Polygon","coordinates":[[[3.7887728183291274,6.438884855628408],[3.78821488947928,6.439311311369712],[3.787828670417533,6.4391407146623525],[3.7887728183291274,6.438884855628408]]]},"id":"00000000000000000087","properties":{"class":2,"year":0}},{"type":"Feature","geometry":{"type":"Polygon","coordinates":[[[3.830994803267956,6.439099153342914],[3.8243214491050224,6.439291035750748],[3.821810930077841,6.439482929444916],[3.8190428201739315,6.439525595731858],[3.8184420351962873,6.439248404928595],[3.829707347228864,6.4389498414439625],[3.830994803267956,6.439099153342914]]]},"id":"00000000000000000088","properties":{"class":2,"year":0}},{"type":"Feature","geometry":{"type":"Polygon","coordinates":[[[3.8442556159593946,6.438971227504615],[3.8427535469534466,6.4392057176392115],[3.8397923944565098,6.439290987091018],[3.837002894365441,6.43916306744061],[3.831638504636285,6.439056465538902],[3.832325138711879,6.438821928630293],[3.841702194755665,6.438992531761366],[3.8442556159593946,6.438971227504615]]]},"id":"00000000000000000089","properties":{"class":2,"year":0}},{"type":"Feature","geometry":{"type":"Polygon","coordinates":[[[4.043225185033617,6.4404449486496],[4.045370906410601,6.444453586963535],[4.043053484386433,6.442236083072233],[4.041422707245204,6.440786165785129],[4.043225185033617,6.4404449486496]]]},"id":"0000000000000000008a","properties":{"class":2,"year":0}},{"type":"Feature","geometry":{"type":"Polygon","coordinates":[[[4.033268809962132,6.42611621416585],[4.033182937055934,6.427352922931676],[4.031938419253888,6.4276087901915675],[4.032067147656743,6.426500020830544],[4.033268809962132,6.42611621416585]]]},"id":"0000000000000000008b","properties":{"class":2,"year":0}},{"type":"Feature","geometry":{"type":"Polygon","coordinates":[[[4.006918808212045,6.433536563122783],[4.006618328389494,6.432001273056615],[4.007648363024535,6.4317880638402505],[4.007734193677618,6.433408553436141],[4.006918808212045,6.433536563122783]]]},"id":"0000000000000000008c","properties":{"class":2,"year":0}},{"type":"Feature","geometry":{"type":"Polygon","coordinates":[[[4.056718513746788,6.4167731031237585],[4.051826141256547,6.417754029330583],[4.048757709930332,6.418287078013494],[4.044444720205057,6.4189054582641925],[4.045024062046191,6.418564273930905],[4.055366707985411,6.416709160929598],[4.056718513746788,6.4167731031237585]]]},"id":"0000000000000000008d","properties":{"class":2,"year":0}},{"type":"Feature","geometry":{"type":"Polygon","coordinates":[[[4.06558057149026,6.415045953741923],[4.058327863252465,6.416773153075328],[4.058177630244675,6.416410641406847],[4.065752190561474,6.414534179845787],[4.06558057149026,6.415045953741923]]]},"id":"0000000000000000008e","properties":{"class":2,"year":0}},{"type":"Feature","geometry":{"type":"Polygon","coordinates":[[[4.083111483761571,6.4109091891786285],[4.0831543834154695,6.411335652233182],[4.077339306293635,6.412870946359169],[4.076717100190309,6.412551115285556],[4.083111483761571,6.4109091891786285]]]},"id":"0000000000000000008f","properties":{"class":2,"year":0}},{"type":"Feature","geometry":{"type":"Polygon","coordinates":[[[4.093359887792616,6.410133125417174],[4.092093881148873,6.410644871187199],[4.0921153346659285,6.4099412421882525],[4.093123815946756,6.409557354485191],[4.093359887792616,6.410133125417174]]]},"id":"00000000000000000090","properties":{"class":2,"year":0}},{"type":"Feature","geometry":{"type":"Polygon","coordinates":[[[4.0870083983377645,6.410772844124725],[4.086514861975343,6.409386777583737],[4.0872873455643965,6.409045628095753],[4.087587745938077,6.410538274365091],[4.0870083983377645,6.410772844124725]]]},"id":"00000000000000000091","properties":{"class":2,"year":0}},{"type":"Feature","geometry":{"type":"Polygon","coordinates":[[[4.12610424697208,6.4079794092763915],[4.126619234923057,6.410346390806803],[4.126061390085976,6.410516946823371],[4.125374747933553,6.4098986102535225],[4.125117220419042,6.40844859910722],[4.12610424697208,6.4079794092763915]]]},"id":"00000000000000000092","properties":{"class":2,"year":0}},{"type":"Feature","geometry":{"type":"Polygon","coordinates":[[[4.125825326555787,6.406380150382127],[4.126061390085976,6.408000745755192],[4.125009963198325,6.408150033252515],[4.12490262813576,6.4066999949745345],[4.125825326555787,6.406380150382127]]]},"id":"00000000000000000093","properties":{"class":2,"year":0}},{"type":"Feature","geometry":{"type":"Polygon","coordinates":[[[4.1184868114484035,6.407382362959199],[4.118679912965084,6.4077449263808335],[4.11805768217563,6.40821402774732],[4.117864504905924,6.407446340922587],[4.1184868114484035,6.407382362959199]]]},"id":"00000000000000000094","properties":{"class":2,"year":0}},{"type":"Feature","geometry":{"type":"Polygon","coordinates":[[[4.181379225066684,6.406657399904895],[4.1852845566207035,6.405804458735646],[4.1859282964079325,6.4065721149416195],[4.181636716528166,6.407467677818171],[4.181379225066684,6.406657399904895]]]},"id":"00000000000000000095","properties":{"class":2,"year":0}},{"type":"Feature","geometry":{"type":"Polygon","coordinates":[[[4.1970433312796445,6.4140779862982225],[4.19742956679034,6.415741166174818],[4.196742927843051,6.415741168286077],[4.196313783052471,6.413992658010961],[4.1970433312796445,6.4140779862982225]]]},"id":"00000000000000000096","properties":{"class":2,"year":0}},{"type":"Feature","geometry":{"type":"Polygon","coordinates":[[[4.217428103424294,6.388766507682924],[4.215711496204094,6.388915812169529],[4.214896143008057,6.3885959333450435],[4.217707119940451,6.388276069571751],[4.218028913525161,6.388830477727579],[4.217428103424294,6.388766507682924]]]},"id":"00000000000000000097","properties":{"class":2,"year":0}},{"type":"Feature","geometry":{"type":"Polygon","coordinates":[[[4.347688862155827,6.37036313797182],[4.358374774734911,6.3675909130076755],[4.360477635328583,6.36750562306631],[4.356057403869143,6.368571893380517],[4.356100291093413,6.36955282662167],[4.354898677840446,6.370277862339319],[4.351980452698644,6.370917619643978],[4.351122153952225,6.3708323343387585],[4.349019270747512,6.371130922336118],[4.3466159989807815,6.371514712438045],[4.345500200321844,6.371216145371686],[4.343139885853683,6.371855974340093],[4.347688862155827,6.37036313797182]]]},"id":"00000000000000000098","properties":{"class":2,"year":0}},{"type":"Feature","geometry":{"type":"Polygon","coordinates":[[[4.410903204095058,6.354569098017327],[4.404809190849118,6.356061902581348],[4.396955726768832,6.3584503391042775],[4.398071504035715,6.357554716056405],[4.410645695422088,6.353673352190328],[4.410903204095058,6.354569098017327]]]},"id":"00000000000000000099","properties":{"class":2,"year":0}},{"type":"Feature","geometry":{"type":"Polygon","coordinates":[[[4.492114020052644,6.321088262878683],[4.473574562461914,6.330130914068987],[4.473188358970421,6.329320467145931],[4.4910411665918915,6.320832263979737],[4.492114020052644,6.321088262878683]]]},"id":"0000000000000000009a","properties":{"class":2,"year":0}},{"type":"Feature","geometry":{"type":"Polygon","coordinates":[[[4.1110312500040544,6.416262433095588],[4.114893645485751,6.415324202928656],[4.114636169588083,6.41703006396956],[4.110945482934306,6.417456536221628],[4.1110312500040544,6.416262433095588]]]},"id":"0000000000000000009b","properties":{"class":2,"year":0}},{"type":"Feature","geometry":{"type":"Polygon","coordinates":[[[4.147144579678301,6.413106619427728],[4.147251804161383,6.412594830841885],[4.147959975448888,6.412935989148478],[4.147144579678301,6.413106619427728]]]},"id":"0000000000000000009c","properties":{"class":2,"year":0}},{"type":"Feature","geometry":{"type":"Polygon","coordinates":[[[3.321511476731832,6.402506086455755],[3.3121988078122024,6.402847283766156],[3.302328304855878,6.403359068106336],[3.3037015855769787,6.402847283662939],[3.3215543503128604,6.401653146367402],[3.321511476731832,6.402506086455755]]]},"id":"0000000000000000009d","properties":{"class":2,"year":0}},{"type":"Feature","geometry":{"type":"Polygon","coordinates":[[[3.326360884876343,6.406429693083795],[3.3240434639901815,6.406642877853538],[3.3224555493478785,6.406429700146775],[3.3221980731996354,6.40540610272376],[3.323700151668324,6.405107574784295],[3.3266612608644466,6.405747337345393],[3.326360884876343,6.406429693083795]]]},"id":"0000000000000000009e","properties":{"class":2,"year":0}},{"type":"Feature","geometry":{"type":"Polygon","coordinates":[[[3.3571311704053612,6.399435489992322],[3.3495780786169864,6.401013416219525],[3.3442136573629364,6.400970794056325],[3.3448144754607885,6.399776621503547],[3.353569217466683,6.399136948980989],[3.3571311704053612,6.399435489992322]]]},"id":"0000000000000000009f","properties":{"class":2,"year":0}},{"type":"Feature","geometry":{"type":"Polygon","coordinates":[[[3.3382484603647593,6.405917911490809],[3.336317224620055,6.4062164181214145],[3.3367463986482084,6.40497961272057],[3.3376476455480484,6.4048517073124405],[3.3392784017668133,6.405406135366813],[3.3382484603647593,6.405917911490809]]]},"id":"000000000000000000a0","properties":{"class":2,"year":0}},{"type":"Feature","geometry":{"type":"Polygon","coordinates":[[[3.3525607349444657,6.404403933932133],[3.3520671495900927,6.404489226481464],[3.35150929645747,6.403913450751132],[3.3529254684832885,6.403892170486979],[3.3525607349444657,6.404403933932133]]]},"id":"000000000000000000a1","properties":{"class":2,"year":0}},{"type":"Feature","geometry":{"type":"Polygon","coordinates":[[[3.282858967832293,6.43526111431766],[3.282579972464055,6.436199316891088],[3.2820220632656936,6.436177964712904],[3.282150810978414,6.435516988047539],[3.282858967832293,6.43526111431766]]]},"id":"000000000000000000a2","properties":{"class":2,"year":0}},{"type":"Feature","geometry":{"type":"Polygon","coordinates":[[[2.866388894740566,6.394025085482383],[2.8668824181541903,6.394153056542846],[2.8662601867483097,6.3946434707859545],[2.8654662541539415,6.394003747805499],[2.8654018633092497,6.393385383559845],[2.8648654285568904,6.393300082189039],[2.864092982299742,6.393278721328909],[2.862805523705884,6.393022815705067],[2.8606382487229065,6.393150742385924],[2.859264964397868,6.392873558695857],[2.858943129227823,6.3935559608768395],[2.858707062349988,6.393129450886683],[2.858792904715086,6.392553666735164],[2.8700367050372786,6.39321478871316],[2.866388894740566,6.394025085482383]]]},"id":"000000000000000000a3","properties":{"class":2,"year":0}},{"type":"Feature","geometry":{"type":"Polygon","coordinates":[[[2.9283586782618625,6.395304559544072],[2.929109685634618,6.395731033337423],[2.927714988845153,6.395709642840336],[2.9248396033992035,6.395645674553178],[2.922693884751826,6.395453759410148],[2.9206339119835762,6.395368526050584],[2.9179302423644136,6.395283184527032],[2.9143897659427944,6.3952192581075895],[2.9112783991361972,6.395133906769723],[2.9072872820170317,6.3950699523919345],[2.9026095021913725,6.394899399801972],[2.902652386861461,6.394494228996866],[2.9078022559027716,6.394600792113258],[2.9140034815759064,6.394792734634889],[2.9202047526719603,6.3949206695338505],[2.923015694479217,6.395091310939803],[2.926448974819089,6.395304498044993],[2.9283586782618625,6.395304559544072]]]},"id":"000000000000000000a4","properties":{"class":2,"year":0}},{"type":"Feature","geometry":{"type":"Polygon","coordinates":[[[2.957639263474623,6.396089339818787],[2.960600439698142,6.396132024499094],[2.9606863134188894,6.396579778989096],[2.958411779593409,6.396473211488705],[2.952639639783387,6.3964305103874874],[2.9502793287651348,6.396473190805771],[2.9470392093375115,6.39636656385462],[2.9438635017730967,6.396302630271705],[2.9409667124582666,6.396132025143768],[2.936696635922138,6.395876146568708],[2.936696635922138,6.39553490866309],[2.9425330975487842,6.395662857111862],[2.9437347366012223,6.395897463559374],[2.956544950562653,6.396153362905407],[2.957639263474623,6.396089339818787]]]},"id":"000000000000000000a5","properties":{"class":2,"year":0}},{"type":"Feature","geometry":{"type":"Polygon","coordinates":[[[2.9485841400324317,6.399394574391602],[2.948948974518102,6.400012936802864],[2.9482623102949956,6.40020492844744],[2.9485841400324317,6.399394574391602]]]},"id":"000000000000000000a6","properties":{"class":2,"year":0}},{"type":"Feature","geometry":{"type":"Polygon","coordinates":[[[2.9392178833122027,6.396739749493443],[2.939368057050033,6.397048903382917],[2.9389067126345636,6.397123572049918],[2.9388637953289263,6.396707767799458],[2.9392178833122027,6.396739749493443]]]},"id":"000000000000000000a7","properties":{"class":2,"year":0}},{"type":"Feature","geometry":{"type":"Polygon","coordinates":[[[2.9637425573783593,6.403230991278894],[2.9639571798095883,6.404681032436726],[2.9612105582886272,6.404808927231592],[2.9613822318107665,6.4032736584640695],[2.9637425573783593,6.403230991278894]]]},"id":"000000000000000000a8","properties":{"class":2,"year":0}},{"type":"Feature","geometry":{"type":"Polygon","coordinates":[[[3.0012633998946563,6.397047027648129],[3.005190160392377,6.397196290772404],[3.0059626807163498,6.397516152890764],[3.001885715378145,6.397388212775419],[2.9985597454654167,6.397302939409539],[2.9943754954875206,6.397174993147372],[2.990148342172962,6.397089691184037],[2.9879381849731446,6.396961709503781],[2.986629293144497,6.397132343212341],[2.985234519139137,6.397068355522825],[2.983732506119427,6.39687647327803],[2.981972956070709,6.396983088333899],[2.981951516221228,6.3964286099307985],[2.988775061215602,6.396684521081653],[3.0001690815594033,6.3970257143338545],[3.0012633998946563,6.397047027648129]]]},"id":"000000000000000000a9","properties":{"class":2,"year":0}},{"type":"Feature","geometry":{"type":"Polygon","coordinates":[[[2.9894616967738084,6.399797852232482],[2.9893544045497493,6.400714797254863],[2.988581922891442,6.400373553175316],[2.9886248848456387,6.3996485394887355],[2.9894616967738084,6.399797852232482]]]},"id":"000000000000000000aa","properties":{"class":2,"year":0}},{"type":"Feature","geometry":{"type":"Polygon","coordinates":[[[3.023620450397313,6.397755373774395],[3.024221291619829,6.39811791060298],[3.0100806834747282,6.397627433130456],[3.007183853090692,6.3976914289181375],[3.0064757418499126,6.39790461830571],[3.0059393217178267,6.397243614362124],[3.0082352755753834,6.397328911929795],[3.020873843375157,6.397691358211218],[3.023620450397313,6.397755373774395]]]},"id":"000000000000000000ab","properties":{"class":2,"year":0}},{"type":"Feature","geometry":{"type":"Polygon","coordinates":[[[3.422224675182839,6.407602457991306],[3.421237656020886,6.409862776845404],[3.420422263686213,6.4095215752886086],[3.421538071159318,6.407090727190353],[3.422224675182839,6.407602457991306]]]},"id":"000000000000000000ac","properties":{"class":2,"year":0}},{"type":"Feature","geometry":{"type":"Polygon","coordinates":[[[3.462263014882125,6.438913391260257],[3.462563370360619,6.439041288486673],[3.4626921277161657,6.439595737746784],[3.461962584166336,6.43913728312048],[3.462263014882125,6.438913391260257]]]},"id":"000000000000000000ad","properties":{"class":4,"year":0}},{"type":"Feature","geometry":{"type":"Polygon","coordinates":[[[3.501717882005145,6.442326416010895],[3.5021470267580095,6.449064178062823],[3.500430392806833,6.448126000513935],[3.5001729143813214,6.44445863448472],[3.501717882005145,6.442326416010895]]]},"id":"000000000000000000ae","properties":{"class":4,"year":0}},{"type":"Feature","geometry":{"type":"Polygon","coordinates":[[[3.55682116853193,6.454948995005665],[3.5574220178713163,6.4524756146779625],[3.559653553469664,6.4540107945530005],[3.5585378118358895,6.455716576584659],[3.55682116853193,6.454948995005665]]]},"id":"000000000000000000af","properties":{"class":4,"year":0}},{"type":"Feature","geometry":{"type":"Polygon","coordinates":[[[3.5688374407559826,6.451111084635816],[3.5681508204359127,6.448637743152359],[3.571154892427603,6.448808273415911],[3.5688374407559826,6.451111084635816]]]},"id":"000000000000000000b0","properties":{"class":4,"year":0}},{"type":"Feature","geometry":{"type":"Polygon","coordinates":[[[3.5836861691574193,6.426974166764876],[3.5832570190648227,6.425268340023367],[3.584973641468561,6.4252683893358835],[3.5836861691574193,6.426974166764876]]]},"id":"000000000000000000b1","properties":{"class":4,"year":0}},{"type":"Feature","geometry":{"type":"Polygon","coordinates":[[[3.5496113847733213,6.4314733219558375],[3.549525551083099,6.433200398687258],[3.5490534684196966,6.433157816624207],[3.5488818031013345,6.4348635447755935],[3.5482381405913572,6.434863608584618],[3.5484955582891917,6.43275266002834],[3.548323972072311,6.431345335732379],[3.5486886803224236,6.431963742706214],[3.5491607595428643,6.432049001990546],[3.549182217795113,6.431537298239689],[3.5496113847733213,6.4314733219558375]]]},"id":"000000000000000000b2","properties":{"class":4,"year":0}},{"type":"Feature","geometry":{"type":"Polygon","coordinates":[[[3.6476955185592463,6.463024054801461],[3.6480389074206387,6.46856761803644],[3.6455497778632426,6.468482284837662],[3.645721464691494,6.463791691791435],[3.6476955185592463,6.463024054801461]]]},"id":"000000000000000000b3","properties":{"class":4,"year":0}},{"type":"Feature","geometry":{"type":"Polygon","coordinates":[[[3.7129864074215737,6.462541934111172],[3.712814724186804,6.470047026627881],[3.710583127393713,6.469876460301954],[3.7109264793176218,6.462371344576003],[3.7129864074215737,6.462541934111172]]]},"id":"000000000000000000b4","properties":{"class":4,"year":0}},{"type":"Feature","geometry":{"type":"Polygon","coordinates":[[[3.7325557568577707,6.474225886615654],[3.7315258107280984,6.475590434784729],[3.728264284767866,6.475505159183547],[3.72852177215007,6.47362892689361],[3.7325557568577707,6.474225886615654]]]},"id":"000000000000000000b5","properties":{"class":4,"year":0}},{"type":"Feature","geometry":{"type":"Polygon","coordinates":[[[3.7042316915379008,6.479769296580704],[3.705089968048956,6.476699074506846],[3.7067207722223796,6.478831165481571],[3.7042316915379008,6.479769296580704]]]},"id":"000000000000000000b6","properties":{"class":4,"year":0}},{"type":"Feature","geometry":{"type":"Polygon","coordinates":[[[3.7156471460237857,6.453842753221903],[3.7140163641668726,6.451881194265317],[3.7166770794164883,6.451369419505388],[3.7156471460237857,6.453842753221903]]]},"id":"000000000000000000b7","properties":{"class":4,"year":0}},{"type":"Feature","geometry":{"type":"Polygon","coordinates":[[[3.8176864467632323,6.481604979280326],[3.8139099137821932,6.479046545515078],[3.8168282074665925,6.475976373044406],[3.8176864467632323,6.481604979280326]]]},"id":"000000000000000000b8","properties":{"class":4,"year":0}},{"type":"Feature","geometry":{"type":"Polygon","coordinates":[[[3.7625832012082046,6.483822317852468],[3.75829167131741,6.483140106215399],[3.7624115051524507,6.479899381941121],[3.7625832012082046,6.483822317852468]]]},"id":"000000000000000000b9","properties":{"class":4,"year":0}},{"type":"Feature","geometry":{"type":"Polygon","coordinates":[[[3.879742083357291,6.485016317096049],[3.8818020061895147,6.48399291573771],[3.8815445210259027,6.485698528548395],[3.879742083357291,6.485016317096049]]]},"id":"000000000000000000ba","properties":{"class":4,"year":0}},{"type":"Feature","geometry":{"type":"Polygon","coordinates":[[[4.022774977077899,6.4256577019250125],[4.021144213370704,6.425487113033141],[4.021144213370704,6.4235253779056665],[4.022517488764635,6.424122463272406],[4.022774977077899,6.4256577019250125]]]},"id":"000000000000000000bb","properties":{"class":4,"year":0}},{"type":"Feature","geometry":{"type":"Polygon","coordinates":[[[4.033246367664409,6.440668734030746],[4.033160494795321,6.44425085846619],[4.0297273327759555,6.4440803374724975],[4.0297273327759555,6.440754046901399],[4.033246367664409,6.440668734030746]]]},"id":"000000000000000000bc","properties":{"class":4,"year":0}},{"type":"Feature","geometry":{"type":"Polygon","coordinates":[[[4.017257138121431,6.450314791070887],[4.017085523326929,6.4499309773189255],[4.017471754789213,6.449781771444633],[4.017257138121431,6.450314791070887]]]},"id":"000000000000000000bd","properties":{"class":4,"year":0}},{"type":"Feature","geometry":{"type":"Polygon","coordinates":[[[4.017364407393926,6.452041840714947],[4.017064022829831,6.4517007233865336],[4.017471754789213,6.451551425121346],[4.017364407393926,6.452041840714947]]]},"id":"000000000000000000be","properties":{"class":4,"year":0}},{"type":"Feature","geometry":{"type":"Polygon","coordinates":[[[4.015712235920888,6.451636769506498],[4.015626392059426,6.452041838675213],[4.015218674606686,6.451892604654508],[4.015368861327582,6.451551443129532],[4.015712235920888,6.451636769506498]]]},"id":"000000000000000000bf","properties":{"class":4,"year":0}},{"type":"Feature","geometry":{"type":"Polygon","coordinates":[[[4.0175790245055465,6.448502414212516],[4.017450254132017,6.448907555549054],[4.017021099762647,6.448779588179938],[4.017235715453788,6.448353170837589],[4.0175790245055465,6.448502414212516]]]},"id":"000000000000000000c0","properties":{"class":4,"year":0}},{"type":"Feature","geometry":{"type":"Polygon","coordinates":[[[4.053778108255001,6.4192159576593975],[4.053509864359066,6.419876987837072],[4.052984138399266,6.41921596562116],[4.053778108255001,6.4192159576593975]]]},"id":"000000000000000000c1","properties":{"class":4,"year":0}},{"type":"Feature","geometry":{"type":"Polygon","coordinates":[[[4.0735455867156505,6.416375913892329],[4.0735455867156505,6.41501124702528],[4.0742108032127495,6.416013451303071],[4.0735455867156505,6.416375913892329]]]},"id":"000000000000000000c2","properties":{"class":4,"year":0}},{"type":"Feature","geometry":{"type":"Polygon","coordinates":[[[4.087128292418737,6.412452440729405],[4.089231202964841,6.413347994062467],[4.087729171070347,6.414243625431298],[4.087128292418737,6.412452440729405]]]},"id":"000000000000000000c3","properties":{"class":4,"year":0}},{"type":"Feature","geometry":{"type":"Polygon","coordinates":[[[4.194290830721462,6.392710717106426],[4.195492476910702,6.392412173564801],[4.19622201374656,6.392753384600262],[4.195320822655162,6.393648961468515],[4.194290830721462,6.392710717106426]]]},"id":"000000000000000000c4","properties":{"class":4,"year":0}},{"type":"Feature","geometry":{"type":"Polygon","coordinates":[[[3.420008144063517,6.432957391094758],[3.417776546214246,6.430739857395268],[3.4213814731893666,6.429545728643443],[3.420008144063517,6.432957391094758]]]},"id":"000000000000000000c5","properties":{"class":4,"year":0}},{"type":"Feature","geometry":{"type":"Polygon","coordinates":[[[3.4119400850417496,6.448138835516591],[3.413656665116306,6.449076982116284],[3.4103951369055965,6.4498446207007385],[3.4119400850417496,6.448138835516591]]]},"id":"000000000000000000c6","properties":{"class":4,"year":0}},{"type":"Feature","geometry":{"type":"Polygon","coordinates":[[[3.3932289922506556,6.453682469289439],[3.3995804654021913,6.451806180929022],[3.3994087765966756,6.455729346496231],[3.3944305992254376,6.456496938261786],[3.3932289922506556,6.453682469289439]]]},"id":"000000000000000000c7","properties":{"class":4,"year":0}},{"type":"Feature","geometry":{"type":"Polygon","coordinates":[[[3.3920273375470367,6.436496918497751],[3.392070272519407,6.437563072516124],[3.3879503779252182,6.43952469040794],[3.384259645475003,6.440804055870064],[3.3841738660754044,6.439951160109578],[3.3866629140012794,6.439354150765736],[3.386877488991659,6.438160066169389],[3.386147983988589,6.438629167599772],[3.385461265120609,6.437989481768827],[3.3916840129986996,6.435473422236947],[3.3920273375470367,6.436496918497751]]]},"id":"000000000000000000c8","properties":{"class":4,"year":0}},{"type":"Feature","geometry":{"type":"Polygon","coordinates":[[[3.3791527612364476,6.429758962836678],[3.3806118830574254,6.430739835772781],[3.38232845261928,6.432872137507856],[3.3815989378812255,6.43363974108748],[3.3801827115288785,6.432360327656473],[3.3794960756130843,6.431251577630822],[3.3779511412591128,6.432872113560484],[3.376835317033659,6.4322750485092515],[3.376835317033659,6.430910390157215],[3.3786377556863947,6.430441290857067],[3.3791527612364476,6.429758962836678]]]},"id":"000000000000000000c9","properties":{"class":4,"year":0}},{"type":"Feature","geometry":{"type":"Polygon","coordinates":[[[3.335510074007963,6.447542097248564],[3.3326776965196596,6.44950369994072],[3.3300169288868124,6.4472862235148],[3.3335359848229458,6.445580471022477],[3.335510074007963,6.447542097248564]]]},"id":"000000000000000000ca","properties":{"class":4,"year":0}},{"type":"Feature","geometry":{"type":"Polygon","coordinates":[[[3.342290719760767,6.4341517633939995],[3.33714083624596,6.436198685663084],[3.3378274972376594,6.43415179731394],[3.342290719760767,6.4341517633939995]]]},"id":"000000000000000000cb","properties":{"class":4,"year":0}},{"type":"Feature","geometry":{"type":"Polygon","coordinates":[[[3.2641847563360016,6.442680723429839],[3.260751554784623,6.444386442746682],[3.2595499105867187,6.439780889256412],[3.2641847563360016,6.442680723429839]]]},"id":"000000000000000000cc","properties":{"class":4,"year":0}},{"type":"Feature","geometry":{"type":"Polygon","coordinates":[[[3.2283075571249533,6.447456867080769],[3.2240160415392136,6.447456826041472],[3.2250459616500833,6.4438747690319715],[3.2283075571249533,6.447456867080769]]]},"id":"000000000000000000cd","properties":{"class":4,"year":0}},{"type":"Feature","geometry":{"type":"Polygon","coordinates":[[[3.2037600005986615,6.457861867553363],[3.2061632560656768,6.453768121074747],[3.2095964538654007,6.457179515518925],[3.2037600005986615,6.457861867553363]]]},"id":"000000000000000000ce","properties":{"class":4,"year":0}},{"type":"Feature","geometry":{"type":"Polygon","coordinates":[[[3.1814439750530994,6.454962072893846],[3.1845339359290787,6.458544138994537],[3.1776674100699895,6.458202979154367],[3.1814439750530994,6.454962072893846]]]},"id":"000000000000000000cf","properties":{"class":4,"year":0}},{"type":"Feature","geometry":{"type":"Polygon","coordinates":[[[3.0451448421777436,6.400631677330708],[3.0454881800542486,6.403617032929505],[3.040595808424033,6.403446430637924],[3.0407674608234667,6.400802275852508],[3.0451448421777436,6.400631677330708]]]},"id":"000000000000000000d0","properties":{"class":4,"year":0}},{"type":"Feature","geometry":{"type":"Polygon","coordinates":[[[3.0400808549013165,6.4009728786513485],[3.0399092049522873,6.406005289632077],[3.036990944007348,6.406005263524294],[3.0371625835404106,6.401058111001056],[3.0400808549013165,6.4009728786513485]]]},"id":"000000000000000000d1","properties":{"class":4,"year":0}},{"type":"Feature","geometry":{"type":"Polygon","coordinates":[[[3.050723889568559,6.403616962904669],[3.04643233364668,6.403616981625041],[3.0463464590632126,6.400716920734699],[3.051067190841418,6.400631625852977],[3.050723889568559,6.403616962904669]]]},"id":"000000000000000000d2","properties":{"class":4,"year":0}},{"type":"Feature","geometry":{"type":"Polygon","coordinates":[[[3.0067785733965513,6.414961123297894],[3.0120141894850234,6.415984645052615],[3.007980147200699,6.417519934451019],[3.0067785733965513,6.414961123297894]]]},"id":"000000000000000000d3","properties":{"class":4,"year":0}},{"type":"Feature","geometry":{"type":"Polygon","coordinates":[[[2.963434048854811,6.414961155904606],[2.9656656514275634,6.413852345897211],[2.9656656514275634,6.41624055680262],[2.963434048854811,6.414961155904606]]]},"id":"000000000000000000d4","properties":{"class":4,"year":0}},{"type":"Feature","geometry":{"type":"Polygon","coordinates":[[[2.932663755599895,6.409266179364325],[2.933049962551677,6.410502898136044],[2.9315908224819163,6.4097352329366455],[2.932663755599895,6.409266179364325]]]},"id":"000000000000000000d5","properties":{"class":4,"year":0}},{"type":"Feature","geometry":{"type":"Polygon","coordinates":[[[2.883477731367716,6.4147676047007245],[2.8785853888181516,6.417667567327839],[2.8771262424270003,6.41613225017456],[2.8805594874282234,6.413402922506801],[2.883477731367716,6.4147676047007245]]]},"id":"000000000000000000d6","properties":{"class":4,"year":0}},{"type":"Feature","geometry":{"type":"Polygon","coordinates":[[[2.713252825403522,6.379552250678514],[2.7139395027146738,6.38134354903987],[2.7116649558126547,6.380533161776582],[2.713252825403522,6.379552250678514]]]},"id":"000000000000000000d7","properties":{"class":4,"year":0}},{"type":"Feature","geometry":{"type":"Polygon","coordinates":[[[2.714626114208403,6.387996792391044],[2.7139395027146738,6.389233653532024],[2.712909528450674,6.38765561162897],[2.714626114208403,6.387996792391044]]]},"id":"000000000000000000d8","properties":{"class":4,"year":0}},{"type":"Feature","geometry":{"type":"Polygon","coordinates":[[[2.9729840157593896,6.406552687181966],[2.9789921461329216,6.408087935827972],[2.968349142881477,6.4101349939653165],[2.9729840157593896,6.406552687181966]]]},"id":"000000000000000000d9","properties":{"class":5,"year":0}},{"type":"Feature","geometry":{"type":"Polygon","coordinates":[[[2.8878399752474495,6.406040881596091],[2.908782626170157,6.404846763459798],[2.9129025502223516,6.409111525243929],[2.886466665501039,6.409282057709261],[2.8878399752474495,6.406040881596091]]]},"id":"000000000000000000da","properties":{"class":5,"year":0}},{"type":"Feature","geometry":{"type":"Polygon","coordinates":[[[3.016071018570077,6.400496662482748],[3.0215641457542928,6.400411428357248],[3.023023282150171,6.401776144576736],[3.0136677249091757,6.401520224610791],[3.016071018570077,6.400496662482748]]]},"id":"000000000000000000db","properties":{"class":5,"year":0}},{"type":"Feature","geometry":{"type":"Polygon","coordinates":[[[3.027829857111603,6.4058702635145615],[3.043107708667673,6.40928210003011],[3.044137686035454,6.41388797061977],[3.031263026552735,6.410390858779313],[3.027829857111603,6.4058702635145615]]]},"id":"000000000000000000dc","properties":{"class":5,"year":0}},{"type":"Feature","geometry":{"type":"Polygon","coordinates":[[[3.013496092947853,6.408855581967029],[3.013410277197341,6.412267358458616],[3.0104062118448773,6.4092820939249],[3.013496092947853,6.408855581967029]]]},"id":"000000000000000000dd","properties":{"class":5,"year":0}},{"type":"Feature","geometry":{"type":"Polygon","coordinates":[[[3.082372137032984,6.41277911954688],[3.0778231799868436,6.411414437716181],[3.072072515937563,6.410817349740827],[3.0699266944245234,6.408258539101808],[3.0810846788074766,6.408940871624655],[3.0894960969898424,6.407490878516278],[3.0962767177654777,6.405273242992789],[3.1049456590898092,6.407320279117431],[3.110953770748782,6.410817377917098],[3.1102671593876225,6.414655553769389],[3.107434751522557,6.418408478734407],[3.1056322713747324,6.414143803008797],[3.1054606173891495,6.410646815001989],[3.101426618262085,6.4086849738481595],[3.0910411061335124,6.408770330541885],[3.0843462451967034,6.4134615047355625],[3.082372137032984,6.41277911954688]]]},"id":"000000000000000000de","properties":{"class":5,"year":0}},{"type":"Feature","geometry":{"type":"Polygon","coordinates":[[[3.118764383715802,6.406637954427048],[3.123828371610405,6.405017308200883],[3.1242575176495158,6.406637919895513],[3.1211676439615386,6.409196784941413],[3.1173052540728703,6.408343861584305],[3.118764383715802,6.406637954427048]]]},"id":"000000000000000000df","properties":{"class":5,"year":0}},{"type":"Feature","geometry":{"type":"Polygon","coordinates":[[[3.1547274186705185,6.406723254465053],[3.164941332843223,6.404590884614584],[3.1670870831479636,6.405187971587431],[3.1607355819473413,6.408770293391355],[3.155156608687351,6.409537971055842],[3.1547274186705185,6.406723254465053]]]},"id":"000000000000000000e0","properties":{"class":5,"year":0}},{"type":"Feature","geometry":{"type":"Polygon","coordinates":[[[3.172837711038788,6.407490892576907],[3.1762709329417054,6.414570321003789],[3.1682028862642846,6.410987982625558],[3.172837711038788,6.407490892576907]]]},"id":"000000000000000000e1","properties":{"class":5,"year":0}},{"type":"Feature","geometry":{"type":"Polygon","coordinates":[[[3.1340820841225803,6.4278758830468],[3.1417210488754654,6.423184884064946],[3.1412060874233827,6.425231824007959],[3.1363137289775533,6.427534724843101],[3.1340820841225803,6.4278758830468]]]},"id":"000000000000000000e2","properties":{"class":5,"year":0}},{"type":"Feature","geometry":{"type":"Polygon","coordinates":[[[3.1637794994776662,6.435296131552349],[3.166955268726001,6.440157665704202],[3.165238650238827,6.4398165250454245],[3.1636937225065282,6.437769554131733],[3.1637794994776662,6.435296131552349]]]},"id":"000000000000000000e3","properties":{"class":5,"year":0}},{"type":"Feature","geometry":{"type":"Polygon","coordinates":[[[3.2115121188805698,6.414477029657679],[3.2054181138453126,6.408165278488507],[3.20679143491284,6.40748288920159],[3.211340473327619,6.408932938227628],[3.2176061193430026,6.407738791915947],[3.219837692168858,6.409785881165119],[3.2137437194135785,6.414050542773733],[3.2115121188805698,6.414477029657679]]]},"id":"000000000000000000e4","properties":{"class":5,"year":0}},{"type":"Feature","geometry":{"type":"Polygon","coordinates":[[[3.2688469810536565,6.411662303497829],[3.2831807280843313,6.409615279513974],[3.2830948944341887,6.413879948688013],[3.2718510652720654,6.41584167559347],[3.2679886722443614,6.413709403350745],[3.2688469810536565,6.411662303497829]]]},"id":"000000000000000000e5","properties":{"class":5,"year":0}},{"type":"Feature","geometry":{"type":"Polygon","coordinates":[[[3.276314280920851,6.427782599857271],[3.2810349319362593,6.427782622055302],[3.28352406418839,6.430426629386986],[3.2776876008308724,6.429232536004099],[3.276314280920851,6.427782599857271]]]},"id":"000000000000000000e6","properties":{"class":5,"year":0}},{"type":"Feature","geometry":{"type":"Polygon","coordinates":[[[3.253740781295201,6.42607676641491],[3.259319775954382,6.425223892902334],[3.262838828508345,6.426673790491653],[3.2648129914520045,6.428464917132031],[3.260349750042292,6.427612001741158],[3.2553715894127073,6.427270879560802],[3.253740781295201,6.42607676641491]]]},"id":"000000000000000000e7","properties":{"class":5,"year":0}},{"type":"Feature","geometry":{"type":"Polygon","coordinates":[[[3.3364816230398717,6.428891360204389],[3.3310742868608036,6.435885184111636],[3.327812680730104,6.436055809608362],[3.327211916520505,6.433155891946813],[3.3302159646638176,6.429061963549252],[3.3364816230398717,6.428891360204389]]]},"id":"000000000000000000e8","properties":{"class":5,"year":0}},{"type":"Feature","geometry":{"type":"Polygon","coordinates":[[[3.3338208802124725,6.418229898374942],[3.3261819203672407,6.41345352471728],[3.3120198180548597,6.415585850314534],[3.3060975455175305,6.416097603847126],[3.2997460574517246,6.413368159160213],[3.2989736061829835,6.410468241401906],[3.3057542049755333,6.412941714920043],[3.310389044000996,6.4133681654496195],[3.3139081544450772,6.412174073786731],[3.318886271084064,6.411321144550074],[3.324121992794666,6.411321174137411],[3.3297009324275426,6.41166233674379],[3.3353658151000474,6.413624109463892],[3.338799015165564,6.4139652568127925],[3.3391423560326388,6.41703581316315],[3.3391423560326388,6.419594590252425],[3.3338208802124725,6.418229898374942]]]},"id":"000000000000000000e9","properties":{"class":5,"year":0}},{"type":"Feature","geometry":{"type":"Polygon","coordinates":[[[3.348412081002456,6.406731225966339],[3.3543343770851535,6.405110601576171],[3.3610291847216964,6.4045987854195126],[3.360256693038546,6.410569456744815],[3.348412081002456,6.409290048719795],[3.348412081002456,6.406731225966339]]]},"id":"000000000000000000ea","properties":{"class":5,"year":0}},{"type":"Feature","geometry":{"type":"Polygon","coordinates":[[[3.3164830800522904,6.397604569930494],[3.3230919845401554,6.386004153435081],[3.3456654419911405,6.386174792939747],[3.351759468511595,6.395216319735191],[3.3271260826836007,6.3982869796778035],[3.3164830800522904,6.397604569930494]]]},"id":"000000000000000000eb","properties":{"class":5,"year":0}},{"type":"Feature","geometry":{"type":"Polygon","coordinates":[[[3.415182008080482,6.40121963617777],[3.3975008469541566,6.387657503915601],[3.4108904602988557,6.3809188646195185],[3.43646796458496,6.387316258063825],[3.446853471462748,6.406678523949169],[3.415182008080482,6.40121963617777]]]},"id":"000000000000000000ec","properties":{"class":5,"year":0}},{"type":"Feature","geometry":{"type":"Polygon","coordinates":[[[3.400934065123511,6.407446177525822],[3.4044531822025283,6.419643140433494],[3.399818260384649,6.418875517471194],[3.397672529134179,6.409578550177518],[3.400934065123511,6.407446177525822]]]},"id":"000000000000000000ed","properties":{"class":5,"year":0}},{"type":"Feature","geometry":{"type":"Polygon","coordinates":[[[3.407382122628869,6.404173031996839],[3.407060242412676,6.403959728653298],[3.4067061919871287,6.403863841147803],[3.4064272636102206,6.4040663468627805],[3.405933755114141,6.404588789088256],[3.405601109151981,6.404471507821204],[3.406041045843715,6.403927763912196],[3.406491607875497,6.40363993500462],[3.4069637249367553,6.403597238711913],[3.407639582128447,6.403885096681719],[3.407382122628869,6.404173031996839]]]},"id":"000000000000000000ee","properties":{"class":5,"year":0}},{"type":"Feature","geometry":{"type":"Polygon","coordinates":[[[3.407028069899782,6.40610281320101],[3.406459435732396,6.406060170145213],[3.406041045843715,6.405846929256445],[3.405483121197965,6.405228564230372],[3.4053328851498117,6.404876721699641],[3.405526067857066,6.404844706298437],[3.4057298725827634,6.40506860711207],[3.4058801098366174,6.405463115166046],[3.4064487373449497,6.405857541191317],[3.407199708188977,6.4058895716196576],[3.407028069899782,6.40610281320101]]]},"id":"000000000000000000ef","properties":{"class":5,"year":0}},{"type":"Feature","geometry":{"type":"Polygon","coordinates":[[[3.402650725123036,6.405463080588826],[3.4026399505984655,6.405025959946399],[3.4030262187706994,6.405004595928195],[3.40320861782057,6.405207226455845],[3.402800876063316,6.405665681979821],[3.402650725123036,6.405463080588826]]]},"id":"000000000000000000f0","properties":{"class":5,"year":0}},{"type":"Feature","geometry":{"type":"Polygon","coordinates":[[[3.410418382741067,6.413392052903019],[3.4071675355853843,6.414969970146314],[3.40630919671912,6.415375098806028],[3.406212680708471,6.415097967147519],[3.4071353630027175,6.41447954759719],[3.4072641304270026,6.4147141164916555],[3.4103701207041257,6.413205468293724],[3.410418382741067,6.413392052903019]]]},"id":"000000000000000000f1","properties":{"class":5,"year":0}},{"type":"Feature","geometry":{"type":"Polygon","coordinates":[[[3.418729083682184,6.414143438752864],[3.421486333722148,6.415209589958424],[3.422033506051077,6.415593402314127],[3.4199306943009584,6.414804483764397],[3.4184286085979823,6.414154111443445],[3.418729083682184,6.414143438752864]]]},"id":"000000000000000000f2","properties":{"class":5,"year":0}},{"type":"Feature","geometry":{"type":"Polygon","coordinates":[[[3.432342755521695,6.42594649326975],[3.43088364713634,6.424667062681054],[3.4353534381362474,6.424655095900747],[3.433722664319732,6.425699883151266],[3.432342755521695,6.42594649326975]]]},"id":"000000000000000000f3","properties":{"class":5,"year":0}},{"type":"Feature","geometry":{"type":"Polygon","coordinates":[[[3.467800696671665,6.450583764183472],[3.4660840911091797,6.454165781338996],[3.4621358767581034,6.450413215741385],[3.467800696671665,6.450583764183472]]]},"id":"000000000000000000f4","properties":{"class":5,"year":0}},{"type":"Feature","geometry":{"type":"Polygon","coordinates":[[[3.4592176454105044,6.469346646694358],[3.469517284456023,6.464741284737108],[3.470718892642127,6.472587377872181],[3.4605909048639054,6.47258739000918],[3.4592176454105044,6.469346646694358]]]},"id":"000000000000000000f5","properties":{"class":5,"year":0}},{"type":"Feature","geometry":{"type":"Polygon","coordinates":[[[3.4049726129610502,6.431308428129857],[3.398449454243507,6.442225557739699],[3.394329643416935,6.442737263968579],[3.3975911897213167,6.434720109026404],[3.401367726632236,6.426532152876221],[3.4049726129610502,6.431308428129857]]]},"id":"000000000000000000f6","properties":{"class":5,"year":0}},{"type":"Feature","geometry":{"type":"Polygon","coordinates":[[[3.4095205780094275,6.441458153206926],[3.414756231363975,6.437790769146964],[3.4185327700079324,6.4376201418926735],[3.422867249086207,6.439027437609759],[3.4236397192587766,6.441330260568718],[3.4217943724449595,6.441031734270336],[3.4201635828689683,6.440008269446527],[3.418361169398423,6.439283304558667],[3.4157432752995347,6.439581844876551],[3.4131683959449632,6.440178823070102],[3.4095205780094275,6.441458153206926]]]},"id":"000000000000000000f7","properties":{"class":5,"year":0}},{"type":"Feature","geometry":{"type":"Polygon","coordinates":[[[3.438917592610971,6.441799317472032],[3.4377159836130384,6.439837734982246],[3.440462506231351,6.438686284760193],[3.441664181772933,6.437406919936786],[3.4434665956199306,6.436937885324089],[3.444968670020257,6.4371084530268865],[3.447243165730089,6.43732163029018],[3.4491314430207183,6.4372790101634285],[3.451920968215919,6.439240670788868],[3.4528221606382434,6.440818552763972],[3.451405975446617,6.441202358697323],[3.448702293286892,6.438984838801641],[3.4465565232501727,6.438345163194809],[3.4438957771011163,6.438174579005695],[3.441664181772933,6.439667157984823],[3.4400333544530697,6.441117032311358],[3.438917592610971,6.441799317472032]]]},"id":"000000000000000000f8","properties":{"class":5,"year":0}},{"type":"Feature","geometry":{"type":"Polygon","coordinates":[[[3.5046804827230247,6.4594659032221005],[3.5063971088193813,6.466459351881216],[3.5026205940167987,6.4669710353030965],[3.500560636218803,6.459977649674696],[3.5046804827230247,6.4594659032221005]]]},"id":"000000000000000000f9","properties":{"class":5,"year":0}},{"type":"Feature","geometry":{"type":"Polygon","coordinates":[[[3.53008639567119,6.431406143792964],[3.530644254666759,6.432898718663834],[3.529657241995598,6.433708929753992],[3.5291851926430895,6.431875213481889],[3.53008639567119,6.431406143792964]]]},"id":"000000000000000000fa","properties":{"class":5,"year":0}},{"type":"Feature","geometry":{"type":"Polygon","coordinates":[[[3.5354937238147235,6.426331327509438],[3.5335196034960417,6.426523211466522],[3.533390894455086,6.426032778231514],[3.5353650096880065,6.425904826311331],[3.5354937238147235,6.426331327509438]]]},"id":"000000000000000000fb","properties":{"class":5,"year":0}},{"type":"Feature","geometry":{"type":"Polygon","coordinates":[[[3.5671516394378338,6.429828253577046],[3.566379102414329,6.430766464056359],[3.5662933171790563,6.430084091397025],[3.5662074548764844,6.429103248108729],[3.5671516394378338,6.429828253577046]]]},"id":"000000000000000000fc","properties":{"class":5,"year":0}},{"type":"Feature","geometry":{"type":"Polygon","coordinates":[[[3.566937057494177,6.435926465086609],[3.5691686310922788,6.435457402242905],[3.569082841079487,6.4362250014190705],[3.5680528318661455,6.43635297301098],[3.566937057494177,6.435926465086609]]]},"id":"000000000000000000fd","properties":{"class":5,"year":0}},{"type":"Feature","geometry":{"type":"Polygon","coordinates":[[[3.5762952748075407,6.433297573824985],[3.5775934470310005,6.433468170928391],[3.577786604091391,6.4337240242858424],[3.5759519123708747,6.433404221369102],[3.5762952748075407,6.433297573824985]]]},"id":"000000000000000000fe","properties":{"class":5,"year":0}},{"type":"Feature","geometry":{"type":"Polygon","coordinates":[[[3.6189801766032184,6.421995847537503],[3.618722628754816,6.41474598468953],[3.6326272287997403,6.416366588205358],[3.6302239820047015,6.42293404620034],[3.6189801766032184,6.421995847537503]]]},"id":"000000000000000000ff","properties":{"class":5,"year":0}},{"type":"Feature","geometry":{"type":"Polygon","coordinates":[[[4.08018230089206,6.440616674183699],[4.094601818043117,6.4378874181130525],[4.081555576172164,6.448804359074967],[4.08018230089206,6.440616674183699]]]},"id":"00000000000000000100","properties":{"class":5,"year":0}},{"type":"Feature","geometry":{"type":"Polygon","coordinates":[[[4.163953074214932,6.44129903074675],[4.1804325738319195,6.449486655043552],[4.155026671426311,6.454945065522926],[4.157773209248583,6.441981299242105],[4.163953074214932,6.44129903074675]]]},"id":"00000000000000000101","properties":{"class":5,"year":0}},{"type":"Feature","geometry":{"type":"Polygon","coordinates":[[[4.260255091901983,6.413323457902357],[4.258881829346892,6.409570582781122],[4.26883818440499,6.4034293368422945],[4.2640316500331235,6.410082287304187],[4.260255091901983,6.413323457902357]]]},"id":"00000000000000000102","properties":{"class":5,"year":0}},{"type":"Feature","geometry":{"type":"Polygon","coordinates":[[[4.204465161861696,6.427993747973494],[4.213906507134343,6.421682153945374],[4.218198061220538,6.422535073189042],[4.212189936477991,6.428164332086405],[4.204465161861696,6.427993747973494]]]},"id":"00000000000000000103","properties":{"class":5,"year":0}},{"type":"Feature","geometry":{"type":"Polygon","coordinates":[[[4.323083125696752,6.407694119110665],[4.3361294027955175,6.408888224256583],[4.349690641521549,6.409570581578273],[4.361535330540109,6.405817635292817],[4.361191963472312,6.410252900004131],[4.353810537958044,6.4122999679514265],[4.345055815758117,6.41315292969585],[4.333039477913288,6.412299925712145],[4.323083125696752,6.407694119110665]]]},"id":"00000000000000000104","properties":{"class":5,"year":0}},{"type":"Feature","geometry":{"type":"Polygon","coordinates":[[[4.4296848994141165,6.405476434111245],[4.419900146894137,6.404111730616841],[4.404107305579029,6.404623488369066],[4.414235310153678,6.400358667334641],[4.426251655917796,6.401382259095444],[4.445992708194298,6.397117413270275],[4.447537620585117,6.400017548214892],[4.433118127395797,6.404623488274633],[4.4296848994141165,6.405476434111245]]]},"id":"00000000000000000105","properties":{"class":5,"year":0}},{"type":"Feature","geometry":{"type":"Polygon","coordinates":[[[4.271386510442728,6.3742588196013665],[4.243234071645993,6.351056657865288],[4.325631474582917,6.338090279981653],[4.32906475341451,6.36606995270746],[4.271386510442728,6.3742588196013665]]]},"id":"00000000000000000106","properties":{"class":5,"year":0}},{"type":"Feature","geometry":{"type":"Polygon","coordinates":[[[4.156716693329663,6.355151215571056],[4.151223559833889,6.39063615361703],[4.0612729699718955,6.40496589596025],[4.064706188513334,6.3790355496289095],[4.156716693329663,6.355151215571056]]]},"id":"00000000000000000107","properties":{"class":5,"year":0}},{"type":"Feature","geometry":{"type":"Polygon","coordinates":[[[3.844842418525684,6.396095147680183],[3.855142139372273,6.426118611837179],[3.757638431873677,6.424753972800205],[3.7555785503633365,6.3981422591632535],[3.844842418525684,6.396095147680183]]]},"id":"00000000000000000108","properties":{"class":5,"year":0}},{"type":"Feature","geometry":{"type":"Polygon","coordinates":[[[3.5523314318992294,6.413836515120607],[3.513192625384784,6.38517712091791],[3.5537047112572977,6.380400395701531],[3.609323035088809,6.381765150616986],[3.6663145901388368,6.376988359962303],[3.664941324593504,6.4063306518805145],[3.591470211086422,6.414518823325327],[3.5523314318992294,6.413836515120607]]]},"id":"00000000000000000109","properties":{"class":5,"year":0}},{"type":"Feature","geometry":{"type":"Polygon","coordinates":[[[3.6972136495117125,6.412471768321331],[3.6848540031709565,6.381082755466158],[3.7356657865182696,6.387906639531578],[3.731545952385001,6.4186129290234835],[3.6972136495117125,6.412471768321331]]]},"id":"0000000000000000010a","properties":{"class":5,"year":0}},{"type":"Feature","geometry":{"type":"Polygon","coordinates":[[[3.4327378803453206,6.422380215633778],[3.438960645287482,6.422294876612707],[3.442393812205691,6.422081681833754],[3.4477153631214796,6.421911073960979],[3.448788261595486,6.4223802029241135],[3.445054554834269,6.422465480939085],[3.443423770105142,6.422721406694592],[3.437072370001161,6.422891957434495],[3.431536267094325,6.422806623347513],[3.4292617216195773,6.422593392476186],[3.4327378803453206,6.422380215633778]]]},"id":"0000000000000000010b","properties":{"class":4,"year":2026}},{"type":"Feature","geometry":{"type":"Polygon","coordinates":[[[3.458658736678258,6.425365424614022],[3.463014677529556,6.4253440804909925],[3.4661475110625783,6.425258812282944],[3.4668341162248923,6.425557299677787],[3.4640660996641808,6.425663970741449],[3.4594527218057283,6.425642594678406],[3.458658736678258,6.425365424614022]]]},"id":"0000000000000000010c","properties":{"class":4,"year":2026}},{"type":"Feature","geometry":{"type":"Polygon","coordinates":[[[3.452049775021253,6.423233094903746],[3.4524789536965934,6.423126531081145],[3.4534230673943243,6.423702234458408],[3.454217045858698,6.424256636594411],[3.455096785126434,6.4247470198363],[3.45694213875877,6.425109543385],[3.4573927784926384,6.425408088944666],[3.4559551218209648,6.425109519793505],[3.45496804745823,6.424896276437667],[3.454109727825638,6.424427167121703],[3.453401650336237,6.423958105827818],[3.4524789536965934,6.4234890256042085],[3.452049775021253,6.423233094903746]]]},"id":"0000000000000000010d","properties":{"class":4,"year":2026}},{"type":"Feature","geometry":{"type":"Polygon","coordinates":[[[3.4680357366141443,6.4254400788871955],[3.470996949777412,6.425248112516144],[3.4718552529108373,6.425461380171802],[3.4687438685886676,6.42556795825043],[3.4680357366141443,6.4254400788871955]]]},"id":"0000000000000000010e","properties":{"class":4,"year":2026}},{"type":"Feature","geometry":{"type":"Polygon","coordinates":[[[3.472434579294127,6.424139324401207],[3.4733143328783305,6.424992244524787],[3.4707393923667396,6.423201127384767],[3.472434579294127,6.424139324401207]]]},"id":"0000000000000000010f","properties":{"class":4,"year":2026}},{"type":"Feature","geometry":{"type":"Polygon","coordinates":[[[3.4804383282733036,6.425418733319376],[3.485008788071502,6.425312104660928],[3.4892359755487385,6.425098886275777],[3.489514907150009,6.4256106361480265],[3.4859743341585094,6.425717226471686],[3.484000246040407,6.425845155056581],[3.4818330637439385,6.425695937261672],[3.4804383282733036,6.425418733319376]]]},"id":"00000000000000000110","properties":{"class":4,"year":2026}},{"type":"Feature","geometry":{"type":"Polygon","coordinates":[[[3.499063512973817,6.4258238294344165],[3.497668834511781,6.425589269785135],[3.496595883210603,6.4255253289768675],[3.4954800846346656,6.4254613523931585],[3.4934631364566995,6.425418744567055],[3.493978102386703,6.425034907821584],[3.498655831320357,6.425269477145131],[3.5016170161737166,6.425568015540824],[3.5052862578139217,6.4257812319416265],[3.50711018270758,6.425994427329619],[3.5106935989400987,6.426207702063468],[3.5112514725980977,6.42699662716254],[3.5093846681169825,6.42669806339323],[3.5052004231617935,6.426463559976164],[3.5028400667068245,6.42639955867038],[3.501230751280535,6.426101077572629],[3.4998574492171897,6.425951809248956],[3.499063512973817,6.4258238294344165]]]},"id":"00000000000000000111","properties":{"class":4,"year":2026}},{"type":"Feature","geometry":{"type":"Polygon","coordinates":[[[3.5164724790589608,6.426953988650208],[3.5197984481821405,6.427252522683989],[3.5224806910142097,6.427487049315335],[3.524089997892922,6.427529654588798],[3.524347445518337,6.427913509047742],[3.5211717594874403,6.427764232093305],[3.516772930329647,6.427337795716572],[3.5164724790589608,6.426953988650208]]]},"id":"00000000000000000112","properties":{"class":4,"year":2026}},{"type":"Feature","geometry":{"type":"Polygon","coordinates":[[[3.533252385995476,6.428233329023541],[3.530698960676898,6.428382621399771],[3.528531753460553,6.428297295827151],[3.528660449980826,6.427870877200565],[3.530763311687946,6.427977494962841],[3.5345398735852815,6.427465746607203],[3.538573933247239,6.426271615589134],[3.5394322431379925,6.4267193839549375],[3.5349046356153906,6.427892178098456],[3.533252385995476,6.428233329023541]]]},"id":"00000000000000000113","properties":{"class":4,"year":2026}},{"type":"Feature","geometry":{"type":"Polygon","coordinates":[[[3.5466420260684943,6.4259304925031335],[3.5482298816346822,6.425013601652048],[3.5527145413996797,6.424800369823137],[3.5591088813047285,6.424629792495088],[3.5594736681729366,6.425013587294702],[3.554903177246668,6.425141559244042],[3.549753334877391,6.425333441170266],[3.5466420260684943,6.4259304925031335]]]},"id":"00000000000000000114","properties":{"class":4,"year":2026}},{"type":"Feature","geometry":{"type":"Polygon","coordinates":[[[3.561276101733279,6.425141544345078],[3.562327589882547,6.424757683617485],[3.564344541684309,6.425226816556656],[3.566619085653135,6.425781205668395],[3.5691725692512106,6.426164990708254],[3.570524379899836,6.426399557389369],[3.571468491386543,6.426463502978453],[3.572198093407762,6.4267833489978505],[3.574343870653175,6.427273783551819],[3.57608188937286,6.427764206531386],[3.5762106310374486,6.428233366665231],[3.5731422364318437,6.427401713395833],[3.56865759968373,6.426484874583651],[3.566490368631431,6.426207685384356],[3.564344541684309,6.4256958845966325],[3.561276101733279,6.425141544345078]]]},"id":"00000000000000000115","properties":{"class":4,"year":2026}},{"type":"Feature","geometry":{"type":"Polygon","coordinates":[[[3.577755634036804,6.42821199388593],[3.584579162249246,6.430045776713964],[3.58509414092839,6.430536188095946],[3.577369398130408,6.428489218613906],[3.577755634036804,6.42821199388593]]]},"id":"00000000000000000116","properties":{"class":4,"year":2026}},{"type":"Feature","geometry":{"type":"Polygon","coordinates":[[[3.6053134899339483,6.4322422938144355],[3.60812450419683,6.4320717469266855],[3.60913300239565,6.4323488679797105],[3.6049058688306075,6.432519457919573],[3.6053134899339483,6.4322422938144355]]]},"id":"00000000000000000117","properties":{"class":4,"year":2026}},{"type":"Feature","geometry":{"type":"Polygon","coordinates":[[[3.6129739043347513,6.432071677264423],[3.6215784536671776,6.431837182642581],[3.6223080112978914,6.432093035494426],[3.6159565459970966,6.432220995970109],[3.6129739043347513,6.432071677264423]]]},"id":"00000000000000000118","properties":{"class":4,"year":2026}},{"type":"Feature","geometry":{"type":"Polygon","coordinates":[[[3.6263635180512237,6.431837196865705],[3.6330368529554256,6.4316452603035],[3.6337020160788738,6.4319650721725505],[3.6289813495631082,6.432007752109167],[3.6263635180512237,6.431837196865705]]]},"id":"00000000000000000119","properties":{"class":4,"year":2026}},{"type":"Feature","geometry":{"type":"Polygon","coordinates":[[[3.638808980177557,6.4312188338046035],[3.6451389692322986,6.42972621892942],[3.64578271526908,6.4298541317122275],[3.6434008805445672,6.4303445437688955],[3.6404612304329476,6.4310908808252245],[3.638808980177557,6.4312188338046035]]]},"id":"0000000000000000011a","properties":{"class":4,"year":2026}},{"type":"Feature","geometry":{"type":"Polygon","coordinates":[[[3.650825238768567,6.428617397790216],[3.655846376048403,6.426698417224353],[3.6585071255404755,6.426421216157061],[3.6597087130105335,6.426762375989758],[3.656447173190323,6.426847626328742],[3.6544945119599404,6.4273594209673215],[3.652305863828366,6.428254975032118],[3.650825238768567,6.428617397790216]]]},"id":"0000000000000000011b","properties":{"class":4,"year":2026}},{"type":"Feature","geometry":{"type":"Polygon","coordinates":[[[3.660094962972392,6.426741051499637],[3.66211197381084,6.426378532122233],[3.66659667511267,6.426783656878546],[3.6677553599343446,6.4272741194063645],[3.6640861278496013,6.426805033599806],[3.660094962972392,6.426741051499637]]]},"id":"0000000000000000011c","properties":{"class":4,"year":2026}},{"type":"Feature","geometry":{"type":"Polygon","coordinates":[[[3.6741599407867755,6.427871122243538],[3.681090737094464,6.428041722434209],[3.685339359129601,6.4281696408821825],[3.6858114846898418,6.428532107683595],[3.6828073708158433,6.428446875748982],[3.6755117900714462,6.428148304074974],[3.6741599407867755,6.427871122243538]]]},"id":"0000000000000000011d","properties":{"class":4,"year":2026}},{"type":"Feature","geometry":{"type":"Polygon","coordinates":[[[3.6897892014936153,6.428382877360288],[3.698243517678295,6.42861742310134],[3.6988228325724637,6.429107841611126],[3.688308560451281,6.428681392750026],[3.6897892014936153,6.428382877360288]]]},"id":"0000000000000000011e","properties":{"class":4,"year":2026}},{"type":"Feature","geometry":{"type":"Polygon","coordinates":[[[3.7025028718263795,6.429139844360579],[3.7094336820066887,6.429353043212164],[3.713660833122249,6.429694218039375],[3.717887949756679,6.429992769470254],[3.718510240716919,6.430568436851541],[3.7143259748067203,6.43014197925172],[3.709605353781375,6.429672875220309],[3.7053996015499653,6.429417011283164],[3.7025028718263795,6.429139844360579]]]},"id":"0000000000000000011f","properties":{"class":4,"year":2026}},{"type":"Feature","geometry":{"type":"Polygon","coordinates":[[[3.7203770819940782,6.430461885828104],[3.7265139629514965,6.431122854785124],[3.730676769695328,6.4315919538937],[3.7316208639252992,6.43199711200348],[3.7264281370768493,6.431464020096252],[3.721020780223438,6.4308242947952206],[3.7203770819940782,6.430461885828104]]]},"id":"00000000000000000120","properties":{"class":4,"year":2026}},{"type":"Feature","geometry":{"type":"Polygon","coordinates":[[[3.739174017796898,6.432423505596301],[3.741512870055192,6.4324448538339505],[3.74228538286206,6.433020541609591],[3.7397533358670976,6.432658110208204],[3.739174017796898,6.432423505596301]]]},"id":"00000000000000000121","properties":{"class":4,"year":2026}},{"type":"Feature","geometry":{"type":"Polygon","coordinates":[[[3.7591725657529125,6.43570717551001],[3.76284179284039,6.43630423044869],[3.7676483018283746,6.436943864302917],[3.768227712029554,6.437434310785111],[3.7647944501643567,6.436901272318362],[3.7594729182029663,6.436090963425749],[3.7591725657529125,6.43570717551001]]]},"id":"00000000000000000122","properties":{"class":4,"year":2026}},{"type":"Feature","geometry":{"type":"Polygon","coordinates":[[[3.772626529764626,6.438073971511614],[3.775308693499209,6.438905590582465],[3.7776690586728194,6.4396091991796105],[3.775437478750518,6.4392254172684895],[3.77157507083179,6.438009980864076],[3.772626529764626,6.438073971511614]]]},"id":"00000000000000000123","properties":{"class":4,"year":2026}},{"type":"Feature","geometry":{"type":"Polygon","coordinates":[[[3.7817030692210936,6.43986506408024],[3.787582515458734,6.440504723561805],[3.7883549527780267,6.441059127562826],[3.7831192824545488,6.4403128346600385],[3.7817030692210936,6.43986506408024]]]},"id":"00000000000000000124","properties":{"class":4,"year":2026}},{"type":"Feature","geometry":{"type":"Polygon","coordinates":[[[3.889972197767105,6.443300229730573],[3.907631825161548,6.4429590843330535],[3.907932273568186,6.443300179436448],[3.9033617607716957,6.443321509187636],[3.892933374931679,6.443534763466459],[3.889972197767105,6.443300229730573]]]},"id":"00000000000000000125","properties":{"class":4,"year":2026}},{"type":"Feature","geometry":{"type":"Polygon","coordinates":[[[3.868750518781029,6.443641368023395],[3.8807239025182003,6.443406857858446],[3.8849940281983026,6.4435774273850885],[3.869866355524054,6.443833248524161],[3.868750518781029,6.443641368023395]]]},"id":"00000000000000000126","properties":{"class":4,"year":2026}},{"type":"Feature","geometry":{"type":"Polygon","coordinates":[[[3.84220737214741,6.442809818472189],[3.846971051225353,6.442745810822417],[3.8539232654164493,6.4424900154479685],[3.854803094430879,6.443023047048307],[3.851305455807707,6.442809832890876],[3.8455547738950466,6.443214950002023],[3.84220737214741,6.442809818472189]]]},"id":"00000000000000000127","properties":{"class":4,"year":2026}},{"type":"Feature","geometry":{"type":"Polygon","coordinates":[[[3.828152616718362,6.443364158404396],[3.8391389641139186,6.442980355473107],[3.840254776963784,6.443406842278149],[3.836156362839969,6.44357736723768],[3.8291396567118685,6.443641388414396],[3.828152616718362,6.443364158404396]]]},"id":"00000000000000000128","properties":{"class":4,"year":2026}},{"type":"Feature","geometry":{"type":"Polygon","coordinates":[[[3.8232942237748384,6.443278857445048],[3.823809230810414,6.443598720221575],[3.821405909058722,6.44357744257459],[3.817264619570553,6.443428167486184],[3.8125653930022168,6.443385469953723],[3.8232942237748384,6.443278857445048]]]},"id":"00000000000000000129","properties":{"class":4,"year":2026}},{"type":"Feature","geometry":{"type":"Polygon","coordinates":[[[3.8108916972274276,6.44289506891127],[3.816084437608799,6.4430443667423685],[3.817157300956662,6.4433854810674855],[3.811449563858363,6.443278882137445],[3.8108916972274276,6.44289506891127]]]},"id":"0000000000000000012a","properties":{"class":4,"year":2026}},{"type":"Feature","geometry":{"type":"Polygon","coordinates":[[[3.7935324463575437,6.4414451828618615],[3.7986608209093027,6.441722349241911],[3.803209818872678,6.442191486898576],[3.8037033669980453,6.442660563862142],[3.801986752412459,6.4424260061060385],[3.7995405523284678,6.4421914908197415],[3.7964077661623405,6.441978269027479],[3.7942190334774644,6.441765025379841],[3.7935324463575437,6.4414451828618615]]]},"id":"0000000000000000012b","properties":{"class":4,"year":2026}},{"type":"Feature","geometry":{"type":"Polygon","coordinates":[[[3.5443398331015064,6.426723402855193],[3.539425992131542,6.426936609954058],[3.5376235740455226,6.4272564893468],[3.5376235740455226,6.426830071841991],[3.5391685439523246,6.4264249152317685],[3.5440823596146904,6.426318317243983],[3.5443398331015064,6.426723402855193]]]},"id":"0000000000000000012c","properties":{"class":4,"year":2025}},{"type":"Feature","geometry":{"type":"Polygon","coordinates":[[[3.49085492621642,6.425608848924352],[3.4913269983668287,6.425288991374827],[3.4940306864210426,6.425118439666782],[3.4974638809075005,6.4251610765511655],[3.5006825517636986,6.425438236770419],[3.5029140984716913,6.425651513703511],[3.508857896979734,6.426099258551202],[3.509222702753174,6.426781597722365],[3.5013262954623467,6.426077954063736],[3.4982793051529053,6.4256728222744615],[3.4959618388420166,6.425523552216672],[3.4941593710442405,6.425566219065504],[3.49085492621642,6.425608848924352]]]},"id":"0000000000000000012d","properties":{"class":4,"year":2025}},{"type":"Feature","geometry":{"type":"Polygon","coordinates":[[[3.461956496976458,6.4253415456563925],[3.470560983392639,6.425341515657295],[3.4711188699984428,6.425597458480475],[3.463351253480323,6.425554790079293],[3.461956496976458,6.4253415456563925]]]},"id":"0000000000000000012e","properties":{"class":4,"year":2025}},{"type":"Feature","geometry":{"type":"Polygon","coordinates":[[[3.6671562076245974,6.427260626123639],[3.6674136936962207,6.426855463813102],[3.670503551624955,6.427303268700236],[3.6746234500027772,6.427793667165331],[3.679558732729545,6.4279429302630975],[3.682863171483891,6.427964218763681],[3.686682684020414,6.428113531610115],[3.687240581456021,6.428795805564775],[3.6820907130666676,6.428433349756479],[3.6744088733377507,6.428134850414219],[3.6719627018917196,6.427942949321496],[3.6671562076245974,6.427260626123639]]]},"id":"0000000000000000012f","properties":{"class":4,"year":2025}},{"type":"Feature","geometry":{"type":"Polygon","coordinates":[[[3.6883664570437724,6.428752119783868],[3.688538134762601,6.42821906741454],[3.692507783398187,6.428410981998737],[3.701112286756505,6.428837464478495],[3.706541134965502,6.429029307891763],[3.7076783579569828,6.429455827046381],[3.70321517339139,6.429327860609903],[3.6949969067652813,6.4289866550962795],[3.6883664570437724,6.428752119783868]]]},"id":"00000000000000000130","properties":{"class":4,"year":2025}},{"type":"Feature","geometry":{"type":"Polygon","coordinates":[[[3.7265825927716634,6.43139613816334],[3.7240290992990865,6.431268221648718],[3.7239218222358774,6.430713812607035],[3.7244368316664995,6.430671144206044],[3.7251448716704147,6.430884388456557],[3.7263035813727456,6.430820423540435],[3.7265825927716634,6.43139613816334]]]},"id":"00000000000000000131","properties":{"class":4,"year":2025}},{"type":"Feature","geometry":{"type":"Polygon","coordinates":[[[3.7794425447803754,6.439529864953587],[3.783712594681909,6.440041634339601],[3.785708162782859,6.44031881586566],[3.788519135994358,6.440638648164167],[3.7887122477761195,6.441086426336911],[3.786244582461857,6.440787913300076],[3.784849841005609,6.440596029923266],[3.783519501850869,6.440382818315725],[3.7796571010877704,6.439977647341507],[3.778219428259661,6.439807073900435],[3.7794425447803754,6.439529864953587]]]},"id":"00000000000000000132","properties":{"class":4,"year":2025}},{"type":"Feature","geometry":{"type":"Polygon","coordinates":[[[3.791136987465296,6.441043777256279],[3.7974455428010265,6.441619468047196],[3.8003637483156605,6.441853986389735],[3.8027026220803775,6.44215249123823],[3.8029386875036435,6.442536344887855],[3.8007714726204536,6.442259122554886],[3.79772447941646,6.442024585920461],[3.794591649698813,6.441790016179543],[3.791737761235903,6.441448872601546],[3.791136987465296,6.441043777256279]]]},"id":"00000000000000000133","properties":{"class":4,"year":2025}},{"type":"Feature","geometry":{"type":"Polygon","coordinates":[[[3.80589979939633,6.442557631674465],[3.814482866683683,6.443005408826571],[3.820297957447459,6.443154659806908],[3.8207485230889238,6.44353844834095],[3.8135387858852794,6.44336793217841],[3.809440341482189,6.443239934887378],[3.80589979939633,6.442557631674465]]]},"id":"00000000000000000134","properties":{"class":4,"year":2025}},{"type":"Feature","geometry":{"type":"Polygon","coordinates":[[[3.8228586914363145,6.443627871044151],[3.823480948148988,6.443244041255418],[3.8305619995732676,6.4431374343685865],[3.844938615036817,6.4428175899425435],[3.845625272382495,6.443222777548156],[3.832171370998544,6.443670510447313],[3.8228586914363145,6.443627871044151]]]},"id":"00000000000000000135","properties":{"class":4,"year":2025}}]}