unit_id,seg_id,zone,treated,side,year,a_total,a_veg,a_sand,a_beach,a_built,a_water,a_flagged,a_veg2020,a_land2020,a_veglost,elev_x_area
CE01_B1,CE01,B1,0,E,2023,1434296.6559564322,257151.92938190533,602206.787274888,0.0,574937.9392996394,0.0,0.0,292102.784883716,1434296.6559564322,98901.77399977142,9453874.92811782
CE01_B1,CE01,B1,0,E,2020,1434296.6559564327,292102.7848837161,741429.537000918,0.0,400764.33407179883,0.0,0.0,292102.7848837161,1434296.6559564327,0.0,9453874.92811782
CE01_B1,CE01,B1,0,E,2021,1434296.6559564327,228943.06940122118,692254.6977282356,0.0,513098.888826976,0.0,0.0,292102.784883716,1434296.6559564327,88928.18134466432,9453874.92811782
CE01_B1,CE01,B1,0,E,2022,1434296.6559564327,316442.33632809506,511564.6797769584,0.0,606289.6398513793,0.0,0.0,292102.7848837161,1434296.6559564327,70876.95457060571,9453874.92811782
CE01_B1,CE01,B1,0,E,2024,1434296.6559564327,388916.4231205958,411633.7124585021,0.0,633746.5203773349,0.0,0.0,292102.7848837161,1434296.6559564327,80356.44291914397,9453874.92811782
CE01_B1,CE01,B1,0,E,2025,1434296.6559564327,337965.42606721766,418820.0859097051,0.0,677511.1439795101,0.0,0.0,292102.7848837161,1434296.6559564327,97715.6633935966,9453874.92811782
CE01_B1,CE01,B1,0,E,2026,1434296.6559564327,360972.5998460657,163692.07908917594,0.0,909631.9770211912,0.0,0.0,292102.7848837161,1434296.6559564327,98389.72142136518,9453874.92811782
CE02_B1,CE02,B1,0,E,2021,1000233.2134966684,227588.32418820247,505080.4652817968,0.0,267564.4240266688,0.0,0.0,284768.8153119854,1000233.2134966684,84357.51973682476,7443451.50496946
CE02_B1,CE02,B1,0,E,2025,1000233.2134966684,322582.25903054024,289764.5182051116,0.0,387886.4362610163,0.0,0.0,284768.8153119854,1000233.2134966684,115723.04426472983,7443451.504969459
CE02_B1,CE02,B1,0,E,2020,1000233.2134966685,284768.8153119854,551660.1467603497,0.0,163804.25142433314,0.0,0.0,284768.8153119854,1000233.2134966685,0.0,7443451.504969459
CE02_B1,CE02,B1,0,E,2022,1000233.2134966685,326006.7784953697,371576.3961551742,0.0,302650.0388461244,0.0,0.0,284768.8153119854,1000233.2134966685,104402.13269384048,7443451.504969459
CE02_B1,CE02,B1,0,E,2023,1000233.2134966685,246565.15831924137,481384.7977351469,0.0,272283.25744227995,0.0,0.0,284768.81531198544,1000233.2134966685,117492.20375994516,7443451.504969459
CE02_B1,CE02,B1,0,E,2024,1000233.2134966685,388327.49604504154,290105.031682063,0.0,321800.6857695636,0.0,0.0,284768.81531198544,1000233.2134966685,95476.31884786568,7443451.504969459
CE02_B1,CE02,B1,0,E,2026,1000233.2134966685,317974.9485450295,175697.0957419302,0.0,506561.16920970834,0.0,0.0,284768.81531198544,1000233.2134966685,145694.77812933832,7443451.504969459
CE03_B1,CE03,B1,0,E,2020,1000546.8804179773,342705.4478421679,520103.78683561436,0.0,137737.6457401949,0.0,0.0,342705.4478421679,1000546.8804179773,0.0,6927681.154689327
CE03_B1,CE03,B1,0,E,2021,1000546.8804179773,242587.08756118474,507886.37019925594,0.0,250073.42265753652,0.0,0.0,342705.4478421679,1000546.8804179773,139822.20126567167,6927681.154689327
CE03_B1,CE03,B1,0,E,2022,1000546.8804179773,345131.8640437407,320662.83352493594,0.0,334752.18284930056,0.0,0.0,342705.4478421679,1000546.8804179773,140290.73199247473,6927681.154689327
CE03_B1,CE03,B1,0,E,2023,1000546.8804179773,277003.4133654725,496827.1018919403,0.0,226716.3651605643,0.0,0.0,342705.4478421679,1000546.8804179773,154704.53168559354,6927681.154689327
CE03_B1,CE03,B1,0,E,2024,1000546.8804179773,451200.4259064019,299284.14834289544,0.0,250062.3061686796,0.0,0.0,342705.4478421679,1000546.8804179773,103372.90817607807,6927681.154689327
CE03_B1,CE03,B1,0,E,2025,1000546.8804179773,402443.9386819577,331469.9209874471,0.0,266633.02074857225,0.0,0.0,342705.4478421679,1000546.8804179773,134140.91494825773,6927681.154689327
CE03_B1,CE03,B1,0,E,2026,1000546.8804179773,411143.1510086658,163389.19431598144,0.0,426014.53509332996,0.0,0.0,342705.4478421679,1000546.8804179773,134648.04014246323,6927681.154689327
CE04_B1,CE04,B1,0,E,2022,1025881.1896165439,211534.9920008641,274159.1074203492,0.0,540187.0901953303,0.0,0.0,182471.14003711776,1025881.1896165439,65213.332802237725,7435312.537915756
CE04_B1,CE04,B1,0,E,2023,1025881.1896165439,133916.17925818948,426317.34575611196,0.0,465647.6646022422,0.0,0.0,182471.14003711776,1025881.1896165439,95873.75538895553,7435312.537915756
CE04_B1,CE04,B1,0,E,2024,1025881.1896165439,300883.2639439303,247284.92928448843,0.0,477712.9963881249,0.0,0.0,182471.14003711773,1025881.1896165439,59750.28507421157,7435312.537915755
CE04_B1,CE04,B1,0,E,2026,1025881.1896165439,296848.8395143098,157150.58719165277,0.0,571881.762910581,0.0,0.0,182471.14003711773,1025881.1896165439,77123.44076876172,7435312.537915755
CE04_B1,CE04,B1,0,E,2020,1025881.189616544,182471.14003711776,436283.04366416193,0.0,407127.0059152641,0.0,0.0,182471.14003711776,1025881.189616544,0.0,7435312.537915756
CE04_B1,CE04,B1,0,E,2021,1025881.189616544,168013.47992996516,423879.83285244217,0.0,433987.8768341363,0.0,0.0,182471.14003711776,1025881.189616544,42229.045318394084,7435312.537915756
CE04_B1,CE04,B1,0,E,2025,1025881.189616544,372814.34275518684,186021.9927437876,0.0,467044.8541175691,0.0,0.0,182471.14003711776,1025881.189616544,52547.26406049542,7435312.537915756
CE05_B1,CE05,B1,0,E,2020,1000295.7600673003,103532.7829529407,416731.15466120106,0.0,474829.13637581613,5202.686077342313,0.0,103532.7829529407,995093.0739899579,0.0,6597027.5395188285
CE05_B1,CE05,B1,0,E,2021,1000295.7600673003,85438.22862901876,392034.40957273595,0.0,515887.4980507345,6935.623814810959,0.0,103532.7829529407,995093.0739899579,31628.37808936624,6597027.5395188285
CE05_B1,CE05,B1,0,E,2022,1000295.7600673003,66235.6393515194,287376.14252854884,0.0,639057.2702354582,7626.707951773849,0.0,103532.7829529407,995093.0739899579,60372.46895704082,6597027.539518828
CE05_B1,CE05,B1,0,E,2023,1000295.7600673003,57380.18432934331,388531.0148932662,0.0,544370.2250538546,10014.33579083611,0.0,103532.7829529407,995093.0739899579,63514.26146820666,6597027.539518828
CE05_B1,CE05,B1,0,E,2024,1000295.7600673003,140319.10428050923,286956.2523473104,0.0,563775.3578937305,9245.045545750037,0.0,103532.7829529407,995093.0739899579,44905.218632208125,6597027.539518828
CE05_B1,CE05,B1,0,E,2025,1000295.7600673003,169130.48946464394,287419.4693643608,0.0,532734.5247576246,11011.276480671004,0.0,103532.7829529407,995093.0739899579,44612.90878257004,6597027.5395188285
CE05_B1,CE05,B1,0,E,2026,1000295.7600673003,211446.76529699587,146394.31683574003,0.0,632943.6522723031,9511.025662261363,0.0,103532.7829529407,995093.0739899579,49887.535204330154,6597027.539518828
CE06_B1,CE06,B1,0,E,2020,974768.6751452575,99664.79938303628,672411.5719554825,0.0,192573.42217655558,10118.881630183201,0.0,99664.79938303628,964649.7935150745,0.0,6705537.166449692
CE06_B1,CE06,B1,0,E,2021,974768.6751452577,47742.86270159553,684367.5965099559,0.0,224832.0878522387,17826.12808146757,0.0,99664.79938303628,964649.7935150745,61095.27673378738,6705537.166449692
CE06_B1,CE06,B1,0,E,2022,974768.6751452577,94651.60627106311,557387.0423416137,0.0,304534.15998882224,18195.866543758617,0.0,99664.79938303628,964649.7935150745,48247.50395325305,6705537.166449692
CE06_B1,CE06,B1,0,E,2023,974768.6751452577,79152.90457865396,621368.4653163835,0.0,247006.54969353773,27240.755556682507,0.0,99664.79938303628,964649.7935150745,49234.76575924742,6705537.166449692
CE06_B1,CE06,B1,0,E,2024,974768.6751452577,148305.83333180743,533375.1430167104,0.0,266996.81247005094,26090.886326688877,0.0,99664.79938303628,964649.7935150745,34418.271627717855,6705537.166449692
CE06_B1,CE06,B1,0,E,2025,974768.6751452577,149430.93272423837,550826.6419149062,0.0,226782.47828916664,47728.622216946475,0.0,99664.79938303628,964649.7935150745,36945.63229911654,6705537.166449692
CE06_B1,CE06,B1,0,E,2026,974768.6751452577,174293.45079570098,441247.1503959806,0.0,324728.796502925,34499.27745065128,0.0,99664.79938303628,964649.7935150745,34794.59932131299,6705537.166449692
CE07_B1,CE07,B1,0,E,2020,1000755.5952738143,70106.6345204372,790060.504113949,0.0,140588.45663942822,0.0,0.0,70106.6345204372,1000755.5952738143,0.0,7211288.061893838
CE07_B1,CE07,B1,0,E,2025,1000755.5952738143,184978.54528078565,664113.6883629593,0.0,145568.63764361214,6094.723986457375,0.0,70106.6345204372,1000755.5952738143,32518.88680955475,7211288.061893838
CE07_B1,CE07,B1,0,E,2021,1000755.5952738144,65753.30606168859,752167.6372899372,0.0,182593.06208561914,241.58983656939336,0.0,70106.6345204372,1000755.5952738144,18521.01226118499,7211288.061893838
CE07_B1,CE07,B1,0,E,2022,1000755.5952738144,85362.36675247492,725144.0116014966,0.0,190209.72627348057,39.49064636230469,0.0,70106.6345204372,1000755.5952738144,27129.969009279735,7211288.061893838
CE07_B1,CE07,B1,0,E,2023,1000755.5952738144,67984.36337064856,773546.3667254578,0.0,158945.3333241182,279.5318535898246,0.0,70106.6345204372,1000755.5952738144,30585.38136279536,7211288.061893838
CE07_B1,CE07,B1,0,E,2024,1000755.5952738144,167973.35429451134,689931.1938435273,0.0,142114.2753675573,736.7717682183957,0.0,70106.6345204372,1000755.5952738144,29744.11823042327,7211288.061893838
CE07_B1,CE07,B1,0,E,2026,1000755.5952738144,103874.85867186902,665945.3894399006,0.0,228081.95340052585,2853.3937615188897,0.0,70106.6345204372,1000755.5952738144,43910.617674614405,7211288.061893838
CE08_B1,CE08,B1,0,E,2020,999987.3392800724,369698.29271449667,458762.9059564626,0.0,171526.14060911292,0.0,0.0,369698.29271449667,999987.3392800724,0.0,6910290.1088403445
CE08_B1,CE08,B1,0,E,2021,999987.3392800724,257103.7409454944,493666.3216509052,0.0,249217.2766836727,0.0,0.0,369698.29271449667,999987.3392800724,143107.36792446958,6910290.1088403445
CE08_B1,CE08,B1,0,E,2022,999987.3392800724,288836.73657543707,415000.290558729,0.0,296150.3121459064,0.0,0.0,369698.2927144967,999987.3392800724,143179.06596018473,6910290.1088403445
CE08_B1,CE08,B1,0,E,2023,999987.3392800724,270531.890540957,506178.0355213538,0.0,222092.6935674929,1184.7196502685547,0.0,369698.29271449667,999987.3392800724,150642.71073013006,6910290.1088403445
CE08_B1,CE08,B1,0,E,2024,999987.3392800724,350316.4957493502,436943.6234616747,0.0,212727.2200690475,0.0,0.0,369698.29271449667,999987.3392800724,130173.18610941572,6910290.1088403445
CE08_B1,CE08,B1,0,E,2025,999987.3392800724,350930.2160419838,464225.62379311945,0.0,182462.0604496077,2369.438995361328,0.0,369698.29271449667,999987.3392800724,134772.23169777065,6910290.1088403445
CE08_B1,CE08,B1,0,E,2026,999987.3392800724,416401.7580852135,350301.7406264062,0.0,232296.57460012997,987.2659683227539,0.0,369698.29271449667,999987.3392800724,91680.54097140442,6910290.1088403445
CE09_B1,CE09,B1,0,E,2020,1000213.3047233432,247943.53420969646,507574.3930189244,0.0,244695.37749472226,0.0,0.0,247943.53420969646,1000213.3047233432,0.0,7743782.304251667
CE09_B1,CE09,B1,0,E,2021,1000213.3047233432,162960.15581682988,474544.1100405525,0.0,362493.77402436506,215.26484159581798,0.0,247943.53420969646,1000213.3047233432,98575.42827034745,7743782.304251667
CE09_B1,CE09,B1,0,E,2022,1000213.3047233432,194912.90181340236,397245.255458757,0.0,408055.1474511839,0.0,0.0,247943.53420969646,1000213.3047233432,103620.09123834348,7743782.304251667
CE09_B1,CE09,B1,0,E,2023,1000213.3047233432,215856.25045584887,426890.1046615002,0.0,355776.1920109768,1690.757595017377,0.0,247943.53420969646,1000213.3047233432,108407.42550027886,7743782.304251667
CE09_B1,CE09,B1,0,E,2024,1000213.3047233432,287355.07497127756,341279.9418022305,0.0,369887.53035481775,1690.757595017377,0.0,247943.53420969646,1000213.3047233432,104149.54423660578,7743782.304251667
CE09_B1,CE09,B1,0,E,2025,1000213.3047233432,384865.5111601886,285167.7586267209,0.0,327069.15029844403,3110.8846379897172,0.0,247943.53420969646,1000213.3047233432,115016.01582901899,7743782.304251667
CE09_B1,CE09,B1,0,E,2026,1000213.3047233432,262573.994734162,319152.36584062764,0.0,416796.1865535362,1690.757595017377,0.0,247943.53420969646,1000213.3047233432,125433.4195465088,7743782.304251667
CE10_B1,CE10,B1,0,E,2020,999549.2232332114,303950.2589174458,572126.7761301375,0.0,78471.2336970909,45000.95448853737,0.0,303950.2589174458,954548.2687446742,0.0,6506635.51242209
CE10_B1,CE10,B1,0,E,2021,999549.2232332114,158013.6528399299,594884.6770506913,0.0,198184.7975095861,48466.09583300423,0.0,303950.2589174458,954548.2687446742,150629.80379605765,6506635.51242209
CE10_B1,CE10,B1,0,E,2022,999549.2232332114,144241.99722535373,647806.931590989,0.0,161478.37518382355,46021.91923304539,0.0,303950.2589174458,954548.2687446742,172671.25204662245,6506635.51242209
CE10_B1,CE10,B1,0,E,2023,999549.2232332114,148993.88704448027,636987.209825224,0.0,140286.89729479622,73281.22906871123,0.0,303950.2589174458,954548.2687446742,179958.9319503784,6506635.51242209
CE10_B1,CE10,B1,0,E,2024,999549.2232332114,195530.15993559596,574687.0482803644,0.0,159342.49182927748,69989.52318797391,0.0,303950.2589174458,954548.2687446742,165650.906611005,6506635.51242209
CE10_B1,CE10,B1,0,E,2025,999549.2232332114,338480.5474159091,431271.9859362134,0.0,145852.8693588257,83943.82052226347,0.0,303950.2589174458,954548.2687446742,158848.4791888667,6506635.51242209
CE10_B1,CE10,B1,0,E,2026,999549.2232332114,164220.4785665774,503871.03042841883,0.0,256794.29950055887,74663.41473765654,0.0,303950.2589174458,954548.2687446744,187583.50566756303,6506635.51242209
CE11_B1,CE11,B1,0,E,2020,1000622.3289439186,255754.41312348616,416855.5157806396,0.0,147489.6104456284,180522.78959416412,0.0,255754.41312348616,820099.5393497542,0.0,5211095.924998744
CE11_B1,CE11,B1,0,E,2021,1000622.3289439186,237350.55112591913,322499.0379321528,0.0,279856.1317833695,160916.60810247686,0.0,255754.41312348616,820099.5393497542,36182.51655521766,5211095.924998744
CE11_B1,CE11,B1,0,E,2022,1000622.3289439186,266428.5089657952,326710.9001959408,0.0,231998.7022864248,175484.2174957575,0.0,255754.41312348616,820099.5393497542,38526.88618678672,5211095.924998744
CE11_B1,CE11,B1,0,E,2023,1000622.3289439186,224067.53052763094,410264.7604555915,0.0,154781.3368598489,211508.70110084687,0.0,255754.41312348616,820099.5393497542,71394.51546918083,5211095.924998744
CE11_B1,CE11,B1,0,E,2024,1000622.3289439186,273836.4528682634,367458.24937444937,0.0,168150.67410745058,191176.95259375477,0.0,255754.41312348616,820099.5393497542,59887.221652849985,5211095.924998745
CE11_B1,CE11,B1,0,E,2025,1000622.3289439186,257343.28849283856,374063.08242758963,0.0,152811.49305758008,216404.46496591007,0.0,255754.41312348616,820099.5393497542,70923.34425081739,5211095.924998744
CE11_B1,CE11,B1,0,E,2026,1000622.3289439186,249305.38826632034,264952.89928591857,0.0,276368.39435248275,209995.64703919657,0.0,255754.41312348616,820099.5393497542,81008.99439775056,5211095.924998744
CE12_B1,CE12,B1,0,E,2021,1000562.6362149105,107991.57685295554,494877.371596572,0.0,241103.52675577797,156590.16100960525,0.0,170439.14080188225,833178.1723298614,84227.97212371828,6135398.702578736
CE12_B1,CE12,B1,0,E,2020,1000562.6362149107,170439.14080188225,491542.1818208882,0.0,171196.84970709105,167384.46388504925,0.0,170439.14080188225,833178.1723298614,0.0,6135398.702578736
CE12_B1,CE12,B1,0,E,2022,1000562.6362149107,209299.99912749647,400298.7095198987,0.0,216031.56615540746,174932.36141210815,0.0,170439.14080188225,833178.1723298614,52798.68910160438,6135398.702578736
CE12_B1,CE12,B1,0,E,2023,1000562.6362149107,171306.2040516872,441114.0443659763,0.0,193999.01776356413,194143.37003368302,0.0,170439.14080188225,833178.1723298614,69055.08822697659,6135398.702578736
CE12_B1,CE12,B1,0,E,2024,1000562.6362149107,261801.25841653862,365101.5040979722,0.0,189433.09659839707,184226.7771020029,0.0,170439.14080188228,833178.1723298614,51235.76004282634,6135398.702578736
CE12_B1,CE12,B1,0,E,2025,1000562.6362149107,266487.1643642052,369159.66930045333,0.0,160550.75315710326,204365.04939314898,0.0,170439.14080188228,833178.1723298614,47009.06199053596,6135398.702578736
CE12_B1,CE12,B1,0,E,2026,1000562.6362149107,258789.1117378684,304767.62929139973,0.0,244892.84564334643,192113.04954229615,0.0,170439.14080188225,833178.1723298614,44920.28852766448,6135398.702578736
CE13_B1,CE13,B1,0,E,2020,1000754.0898476394,297302.93654809095,502063.32222206274,0.0,46881.29791140089,154506.53316608508,0.0,297302.93654809095,846247.5566815543,0.0,6368984.975303592
CE13_B1,CE13,B1,0,E,2021,1000754.0898476394,256704.39216673613,500170.3524919099,0.0,80777.98879466337,163101.3563943302,0.0,297302.93654809095,846247.5566815543,73486.0915836409,6368984.975303592
CE13_B1,CE13,B1,0,E,2022,1000754.0898476394,265885.7560175578,494649.4060592953,0.0,69067.88673493628,171151.04103585042,0.0,297302.93654809095,846247.5566815543,85475.09689378925,6368984.975303592
CE13_B1,CE13,B1,0,E,2023,1000754.0898476394,258869.3659831627,497619.33863016777,0.0,56173.64476898793,188091.7404653213,0.0,297302.93654809095,846247.5566815543,84859.57873277852,6368984.975303592
CE13_B1,CE13,B1,0,E,2024,1000754.0898476394,340535.761806473,418928.3718034333,0.0,54295.84787869921,186994.10835903397,0.0,297302.93654809095,846247.5566815543,65360.27876275755,6368984.975303592
CE13_B1,CE13,B1,0,E,2025,1000754.0898476394,369114.32113444,379961.9573646695,0.0,51730.49225484811,199947.3190936818,0.0,297302.93654809095,846247.5566815543,67571.91529687619,6368984.975303592
CE13_B1,CE13,B1,0,E,2026,1000754.0898476394,348691.3969793881,389766.8018219892,0.0,66700.7653880699,195595.12565819238,0.0,297302.93654809095,846247.5566815543,73859.0764764524,6368984.975303592
CE14_B1,CE14,B1,0,E,2020,1025513.6627581731,232463.78346387073,508482.3045953788,0.0,121299.60592866788,163267.96877025533,0.0,232463.78346387073,862245.6939879175,0.0,6619599.753841506
CE14_B1,CE14,B1,0,E,2021,1025513.6627581731,223456.52344761268,434707.7697112738,0.0,197758.86768574428,169590.50191354193,0.0,232463.78346387073,862245.6939879174,41795.01840159098,6619599.753841506
CE14_B1,CE14,B1,0,E,2022,1025513.6627581731,225395.375142565,414762.8858401429,0.0,217495.94802120427,167859.45375426055,0.0,232463.78346387073,862245.6939879176,52126.29537138098,6619599.753841506
CE14_B1,CE14,B1,0,E,2023,1025513.6627581731,209321.8877989227,445731.4108603683,0.0,177640.6511472216,192819.7129516602,0.0,232463.78346387073,862245.6939879175,72349.02481070124,6619599.753841506
CE14_B1,CE14,B1,0,E,2024,1025513.6627581731,292528.6872169644,354013.85568258254,0.0,190298.02838218538,188673.09147644043,0.0,232463.78346387073,862245.6939879174,56943.59015470018,6619599.753841506
CE14_B1,CE14,B1,0,E,2025,1025513.6627581731,298891.8277860155,369185.11342435353,0.0,158405.20931770478,199031.512230099,0.0,232463.78346387073,862245.6939879175,58253.00228780111,6619599.753841506
CE14_B1,CE14,B1,0,E,2026,1025513.6627581731,314649.229778574,337472.8360142128,0.0,187285.46434362073,186106.1326217652,0.0,232463.78346387073,862245.6939879175,54073.12521817076,6619599.753841506
CE15_B1,CE15,B1,0,E,2020,974688.9252382762,400244.39764754334,282320.9064861821,0.0,119548.28520067998,172575.33590387081,0.0,400244.39764754334,802113.5893344057,0.0,6434109.338451461
CE15_B1,CE15,B1,0,E,2021,974688.9252382762,274395.2354138243,321813.05761626,0.0,207839.20735967302,170641.4248485191,0.0,400244.39764754334,802113.5893344057,133836.47701194612,6434109.338451461
CE15_B1,CE15,B1,0,E,2022,974688.9252382762,359801.0535879696,224336.41686458213,0.0,219918.93278623096,170632.52199949377,0.0,400244.39764754334,802113.5893344057,84981.36768406886,6434109.338451461
CE15_B1,CE15,B1,0,E,2023,974688.9252382762,290888.7183292164,307551.01272220985,0.0,179740.29789536423,196508.89629148593,0.0,400244.3976475434,802113.5893344057,127637.4227006501,6434109.33845146
CE15_B1,CE15,B1,0,E,2024,974688.9252382762,343004.86074529914,248697.349097308,0.0,196897.4354841644,186089.279911505,0.0,400244.39764754334,802113.5893344057,107957.18822332643,6434109.338451461
CE15_B1,CE15,B1,0,E,2025,974688.9252382762,368755.07298685703,229908.44741097244,0.0,171421.0953667734,204604.30947367346,0.0,400244.3976475434,802113.5893344057,89710.68248446597,6434109.33845146
CE15_B1,CE15,B1,0,E,2026,974688.9252382762,352057.1257429235,225709.63458293836,0.0,208770.0227347281,188152.1421776865,0.0,400244.39764754334,802113.5893344055,101879.51343599208,6434109.338451461
CE16_B1,CE16,B1,0,E,2020,1025586.2008874033,108153.25174976424,368087.2720240873,0.0,355412.0207871381,193933.65632641362,0.0,108153.25174976424,831652.5445609897,0.0,6344494.578318547
CE16_B1,CE16,B1,0,E,2021,1025586.2008874033,69122.97586915258,340216.9374578438,0.0,420893.63536864636,195352.65219176048,0.0,108153.25174976424,831652.5445609897,47751.311120007085,6344494.578318547
CE16_B1,CE16,B1,0,E,2022,1025586.2008874033,147532.2677182964,269404.7606376199,0.0,411817.1263834337,196832.04614805334,0.0,108153.25174976424,831652.5445609897,28838.06814871395,6344494.578318547
CE16_B1,CE16,B1,0,E,2023,1025586.2008874033,94337.7780026305,344555.5787946514,0.0,365572.14382036997,221120.70026975145,0.0,108153.25174976424,831652.5445609897,46417.55336091284,6344494.578318547
CE16_B1,CE16,B1,0,E,2024,1025586.2008874033,88287.76937115239,315593.22666970047,0.0,414397.744370195,207307.46047635545,0.0,108153.25174976424,831652.5445609897,48957.08240284639,6344494.578318547
CE16_B1,CE16,B1,0,E,2025,1025586.2008874033,158160.37118643968,292284.2570473465,0.0,355600.54812696873,219541.02452664843,0.0,108153.25174976424,831652.5445609897,37456.9911099303,6344494.578318547
CE16_B1,CE16,B1,0,E,2026,1025586.2008874033,147942.96188369454,238996.43581875076,0.0,419994.34449998447,218652.45868497362,0.0,108153.25174976424,831652.5445609897,44405.555321816835,6344494.578318547
CE17_B1,CE17,B1,0,E,2020,974332.552155618,399330.1397238339,283863.98597468954,0.0,58711.51868522494,232426.90777186974,0.0,399330.1397238339,741905.6443837485,0.0,5235622.69047696
CE17_B1,CE17,B1,0,E,2021,974332.552155618,403871.298682987,224880.8596855912,0.0,125872.23713779822,219708.1566492417,0.0,399330.1397238338,741905.6443837485,25831.767048076552,5235622.6904769605
CE17_B1,CE17,B1,0,E,2022,974332.552155618,433038.52010943845,201669.55032614907,0.0,110281.04250742593,229343.4392126046,0.0,399330.1397238338,741905.6443837485,39556.63229911654,5235622.6904769605
CE17_B1,CE17,B1,0,E,2023,974332.552155618,391722.2157959284,226384.8368110507,0.0,98858.27382474412,257367.2257238949,0.0,399330.1397238339,741905.6443837485,57629.446296841495,5235622.69047696
CE17_B1,CE17,B1,0,E,2024,974332.552155618,371016.09080197196,230322.11607848524,0.0,127742.6184865615,245251.72678859934,0.0,399330.1397238338,741905.6443837485,79291.47466299022,5235622.69047696
CE17_B1,CE17,B1,0,E,2025,974332.552155618,406944.47862073116,216832.7540661681,0.0,93286.82052857644,257268.49894014245,0.0,399330.1397238339,741905.6443837485,72342.57014558082,5235622.6904769605
CE17_B1,CE17,B1,0,E,2026,974332.552155618,389602.92475164076,198023.11477963318,0.0,131172.95402401194,255533.55860033218,0.0,399330.1397238338,741905.6443837485,82507.84613417083,5235622.69047696
CE18_B1,CE18,B1,0,E,2020,1026032.7568880869,453817.1536203424,184561.42143084953,0.0,85504.84982907164,302149.3320078233,0.0,453817.1536203424,723883.4248802634,0.0,5274549.422293987
CE18_B1,CE18,B1,0,E,2021,1026032.7568880869,410853.6639135623,192542.953768891,0.0,128597.38563002044,294038.75357561297,0.0,453817.1536203424,723883.4248802634,57321.04314817541,5274549.422293987
CE18_B1,CE18,B1,0,E,2022,1026032.7568880869,389654.3597441131,212692.99844988657,0.0,125856.95609819001,297828.442595897,0.0,453817.1536203424,723883.4248802634,87806.71451436958,5274549.422293987
CE18_B1,CE18,B1,0,E,2023,1026032.7568880869,340906.40887059225,252055.33827915567,0.0,122627.56912452848,310443.4406138102,0.0,453817.1536203424,723883.4248802634,122050.35443103267,5274549.422293987
CE18_B1,CE18,B1,0,E,2024,1026032.7568880869,351463.5908903534,245414.44857081998,0.0,127795.2240345076,301359.4933924058,0.0,453817.1536203424,723883.4248802634,123834.70312607709,5274549.422293987
CE18_B1,CE18,B1,0,E,2025,1026032.7568880869,362740.40012987936,241896.95813027184,0.0,106679.84751242845,314715.55111550726,0.0,453817.1536203424,723883.4248802634,118252.05295858944,5274549.422293988
CE18_B1,CE18,B1,0,E,2026,1026032.7568880869,345619.1258279539,208479.93354564,0.0,169981.82517769013,301951.8723368028,0.0,453817.1536203424,723883.4248802634,138160.20228498869,5274549.422293988
CE19_B1,CE19,B1,0,E,2020,974649.9670309927,305141.3517597872,260479.36865832758,0.0,104521.20502902761,304508.04158385034,0.0,305141.3517597872,670141.9254471425,0.0,5315657.0268426025
CE19_B1,CE19,B1,0,E,2021,974649.9670309927,197115.267270077,334063.8619815601,0.0,163967.9043803196,279502.9333990359,0.0,305141.3517597872,670141.9254471425,121248.83672515271,5315657.0268426025
CE19_B1,CE19,B1,0,E,2022,974649.9670309927,248959.78810514562,267635.59443844063,0.0,160915.3084933711,297139.2759940353,0.0,305141.35175978724,670141.9254471426,87047.42463872573,5315657.026842603
CE19_B1,CE19,B1,0,E,2023,974649.9670309927,233670.73498831355,279927.80838578165,0.0,151156.9658118753,309894.4578450222,0.0,305141.35175978724,670141.9254471426,84703.83543533625,5315657.026842603
CE19_B1,CE19,B1,0,E,2024,974649.9670309927,235296.45233689854,285373.53821219655,0.0,153661.57980017568,300318.396681722,0.0,305141.3517597872,670141.9254471425,88946.51631436816,5315657.0268426025
CE19_B1,CE19,B1,0,E,2025,974649.9670309927,247141.2847497379,278448.1112169154,0.0,131393.90431036858,317666.6667539709,0.0,305141.35175978724,670141.9254471426,76831.46959509756,5315657.026842603
CE19_B1,CE19,B1,0,E,2026,974649.9670309927,260537.8738063139,238245.0548823338,0.0,168242.59586899704,307624.442473348,0.0,305141.3517597872,670141.9254471426,78749.15589710309,5315657.026842603
CE20_B1,CE20,B1,0,E,2020,1000738.6587116016,336570.3793127622,366892.65179757506,0.0,30554.548808288575,266721.0787929759,0.0,336570.3793127622,734017.5799186258,0.0,5374527.88847336
CE20_B1,CE20,B1,0,E,2021,1000738.6587116016,251490.66767703788,414441.35911296774,0.0,93447.69957610486,241358.93234549128,0.0,336570.3793127622,734017.5799186258,105284.40602327234,5374527.88847336
CE20_B1,CE20,B1,0,E,2022,1000738.6587116016,258111.57707169477,428801.5479620241,0.0,61766.918695128195,252058.61498275457,0.0,336570.3793127622,734017.5799186258,112091.87530421837,5374527.88847336
CE20_B1,CE20,B1,0,E,2023,1000738.6587116016,250255.71771889483,429894.1631478403,0.0,48098.34773649328,272490.4301083733,0.0,336570.3793127622,734017.5799186258,126584.6684401269,5374527.88847336
CE20_B1,CE20,B1,0,E,2024,1000738.6587116016,269400.65428993374,408177.1874249627,0.0,68997.10945967131,254163.70753703394,0.0,336570.3793127622,734017.5799186258,129233.39226603787,5374527.88847336
CE20_B1,CE20,B1,0,E,2025,1000738.6587116016,243771.60735695035,425756.40519148886,0.0,54323.413875564875,276887.2322875976,0.0,336570.3793127622,734017.5799186258,139634.4978316363,5374527.88847336
CE20_B1,CE20,B1,0,E,2026,1000738.6587116016,274002.5740709192,374196.2329347798,0.0,89922.48202233408,262617.3696835686,0.0,336570.3793127622,734017.5799186258,131821.66547244202,5374527.88847336
CE21_B1,CE21,B1,0,E,2020,1025936.3071905397,336777.1236061845,434432.1183658075,0.0,23137.815446591845,231589.2497719559,0.0,336777.1236061845,794347.0574185837,0.0,5447795.577624689
CE21_B1,CE21,B1,0,E,2021,1025936.3071905397,291858.4094871671,462830.3530877805,0.0,47105.30585997338,224142.2387556188,0.0,336777.1236061845,794347.0574185837,62239.37873577043,5447795.577624689
CE21_B1,CE21,B1,0,E,2022,1025936.3071905397,282780.64738177136,477953.91441626445,0.0,42046.814772871425,223154.93061963248,0.0,336777.1236061845,794347.0574185837,69085.87046858841,5447795.577624689
CE21_B1,CE21,B1,0,E,2023,1025936.3071905397,239511.57999800143,504799.5636479396,0.0,46876.52760320925,234748.63594138948,0.0,336777.1236061844,794347.0574185837,112998.01724473541,5447795.577624689
CE21_B1,CE21,B1,0,E,2024,1025936.3071905397,251801.09999162264,487420.5876374188,0.0,61755.43272734997,224959.18683414834,0.0,336777.1236061845,794347.0574185837,128793.37784202426,5447795.577624689
CE21_B1,CE21,B1,0,E,2025,1025936.3071905397,279974.16837218043,455520.0986905564,0.0,50223.71991394641,240218.3202138564,0.0,336777.12360618444,794347.0574185837,147443.02847188315,5447795.577624689
CE21_B1,CE21,B1,0,E,2026,1025936.3071905397,265364.0221853219,377576.3792395498,0.0,156441.92345739627,226553.9823082718,0.0,336777.12360618444,794347.0574185837,154871.37200440053,5447795.577624689
CE22_B1,CE22,B1,0,E,2020,1000388.1384806316,442877.2625117583,358338.71196007816,0.0,19647.46183013916,179524.7021786559,0.0,442877.2625117583,820863.4363019757,0.0,6281413.039178167
CE22_B1,CE22,B1,0,E,2021,1000388.1384806316,400417.90699163696,390630.77492768527,0.0,36876.92579809451,172462.5307632147,0.0,442877.26251175825,820863.4363019757,50878.11617647059,6281413.039178167
CE22_B1,CE22,B1,0,E,2022,1000388.1384806316,417294.1687177471,375690.7888826257,0.0,30991.409402017034,176411.77147824154,0.0,442877.2625117583,820863.4363019757,39414.975645357015,6281413.039178167
CE22_B1,CE22,B1,0,E,2023,1000388.1384806316,348078.89811694575,431831.7188679713,0.0,34450.11949558632,186027.40200012806,0.0,442877.2625117583,820863.4363019757,105039.1902611826,6281413.039178167
CE22_B1,CE22,B1,0,E,2024,1000388.1384806316,432235.39516643446,359947.6903943828,0.0,38673.4830255845,169531.56989422964,0.0,442877.2625117583,820863.4363019757,85308.00873553706,6281413.039178167
CE22_B1,CE22,B1,0,E,2025,1000388.1384806316,419624.43193398276,354021.99031527643,0.0,35376.64394722733,191365.072284145,0.0,442877.2625117583,820863.4363019757,66146.59590609682,6281413.039178167
CE22_B1,CE22,B1,0,E,2026,1000388.1384806316,472188.81603597023,296223.7585392072,0.0,47920.84708733652,184054.71681811762,0.0,442877.26251175825,820863.4363019757,58810.41736189899,6281413.039178167
CE23_B1,CE23,B1,0,E,2020,974735.689193516,470121.05921394494,304181.4729979272,0.0,5064.706142350739,195368.45083929325,0.0,470121.05921394494,779367.238354223,0.0,5230117.019363164
CE23_B1,CE23,B1,0,E,2021,974735.689193516,364130.67212380795,374851.8227504656,0.0,45344.923972156,190408.2703470866,0.0,470121.059213945,779367.2383542231,110926.90627806421,5230117.019363163
CE23_B1,CE23,B1,0,E,2022,974735.689193516,404853.18285262166,322923.16658058914,0.0,44076.09108773027,202883.2486725751,0.0,470121.05921394494,779367.2383542231,83443.9308093202,5230117.019363164
CE23_B1,CE23,B1,0,E,2023,974735.689193516,378324.5906524658,331427.2833445531,0.0,43858.5332944683,221125.281902029,0.0,470121.059213945,779367.2383542231,105833.98051889458,5230117.019363163
CE23_B1,CE23,B1,0,E,2024,974735.689193516,336745.8946105359,406358.48189125815,0.0,34853.52217502968,196777.79051669253,0.0,470121.05921394494,779367.238354223,157868.4090456196,5230117.019363164
CE23_B1,CE23,B1,0,E,2025,974735.689193516,239834.75150083654,496664.25840391277,0.0,22830.060821234012,215406.61846753288,0.0,470121.05921394494,779367.238354223,249100.8161520565,5230117.019363164
CE23_B1,CE23,B1,0,E,2026,974735.689193516,395457.5171407961,328439.67557187553,0.0,46644.644176707545,204193.852304137,0.0,470121.05921394494,779367.238354223,112727.38227189008,5230117.019363164
CE24_B1,CE24,B1,0,E,2020,1000761.9447275198,504584.98183785233,219794.21806996662,0.0,48201.48244266884,228181.2623770321,0.0,504584.98183785233,772580.6823504877,0.0,5891461.870803145
CE24_B1,CE24,B1,0,E,2021,1000761.9447275198,423849.8438364066,258326.3023637659,0.0,111595.76771724925,206990.0308100981,0.0,504584.98183785233,772580.6823504877,83598.33539677039,5891461.870803146
CE24_B1,CE24,B1,0,E,2022,1000761.9447275198,441373.51147574635,232866.4080725277,0.0,98137.49037568335,228384.53480356254,0.0,504584.98183785233,772580.6823504877,81322.16559484146,5891461.870803145
CE24_B1,CE24,B1,0,E,2023,1000761.9447275198,395379.5171010037,264023.9256571451,0.0,92116.5120314355,249241.98993793564,0.0,504584.98183785233,772580.6823504877,125662.56498173732,5891461.870803145
CE24_B1,CE24,B1,0,E,2024,1000761.9447275198,410218.80223131366,277293.2354192397,0.0,91216.70085658654,222033.20622038,0.0,504584.98183785233,772580.6823504877,119717.54407252892,5891461.870803145
CE24_B1,CE24,B1,0,E,2025,1000761.9447275198,370372.72784271237,310346.9251385857,0.0,75250.95438331156,244791.33736291024,0.0,504584.98183785233,772580.6823504877,151482.42826657763,5891461.870803145
CE24_B1,CE24,B1,0,E,2026,1000761.9447275198,437499.454764153,215348.1606563493,0.0,125677.85136201148,222236.47794500613,0.0,504584.98183785233,772580.6823504877,104816.17003380269,5891461.870803145
CE25_B1,CE25,B1,0,E,2020,1000120.1131528965,347132.50970853923,409297.8070091696,0.0,19340.48442361869,224349.31201156916,0.0,347132.50970853923,775770.8011413275,0.0,4889864.590860225
CE25_B1,CE25,B1,0,E,2021,1000120.1131528965,223605.11874141323,389066.3879622815,0.0,202018.10976628325,185430.49668291875,0.0,347132.50970853923,775770.8011413275,130002.96225888119,4889864.590860225
CE25_B1,CE25,B1,0,E,2023,1000120.1131528965,196307.10780020326,506400.7082662545,0.0,61912.91527279125,235499.3818136477,0.0,347132.50970853923,775770.8011413275,156749.24456733253,4889864.590860225
CE25_B1,CE25,B1,0,E,2024,1000120.1131528965,163278.03063896028,555713.8599301507,0.0,65197.80046907312,215930.4221147126,0.0,347132.50970853923,775770.8011413275,206853.35729118797,4889864.590860225
CE25_B1,CE25,B1,0,E,2026,1000120.1131528965,279139.42659068387,414174.72680526436,0.0,84949.71660790536,221856.24314904306,0.0,347132.50970853923,775770.8011413275,123615.27543840598,4889864.590860225
CE25_B1,CE25,B1,0,E,2022,1000120.1131528966,293134.66746820195,407729.48177915084,0.0,79571.81415554868,219684.1497499952,0.0,347132.5097085392,775770.8011413275,90087.17050739362,4889864.590860225
CE25_B1,CE25,B1,0,E,2025,1000120.1131528966,178466.6342208563,529806.8490717271,0.0,52962.88689090505,238883.74296940822,0.0,347132.50970853923,775770.8011413275,195473.00457509357,4889864.590860225
CE26_B1,CE26,B1,0,E,2020,1025810.8517185583,423607.8364022348,318731.855819014,0.0,31902.1160980823,251569.04339922738,0.0,423607.8364022348,774241.808319331,0.0,5155556.018652643
CE26_B1,CE26,B1,0,E,2021,1025810.8517185583,286322.31284541707,362240.24535492546,0.0,147491.19631757546,229757.09720064054,0.0,423607.8364022348,774241.808319331,142894.96077581667,5155556.018652643
CE26_B1,CE26,B1,0,E,2022,1025810.8517185583,317971.5871333103,370027.45011506916,0.0,101538.42907678941,236273.38539338956,0.0,423607.8364022348,774241.808319331,121495.4858317955,5155556.018652643
CE26_B1,CE26,B1,0,E,2023,1025810.8517185583,288958.23597789084,391461.6342357859,0.0,90741.51219317867,254649.46931170297,0.0,423607.8364022348,774241.808319331,146140.68134310853,5155556.018652643
CE26_B1,CE26,B1,0,E,2024,1025810.8517185583,263366.3593930413,438523.0934703154,0.0,90502.7136913524,233418.6851638495,0.0,423607.8364022348,774241.808319331,178058.69800735175,5155556.018652643
CE26_B1,CE26,B1,0,E,2026,1025810.8517185583,410466.63667285396,274921.9793624579,0.0,100891.48480167764,239530.75088156908,0.0,423607.8364022348,774241.808319331,98676.76336750702,5155556.018652643
CE26_B1,CE26,B1,0,E,2025,1025810.8517185585,263247.8977910958,430792.5138828352,0.0,79044.49915538114,252725.94088924633,0.0,423607.8364022348,774241.808319331,181358.97143414067,5155556.018652643
CE27_B1,CE27,B1,0,E,2020,974442.4772256289,324319.0944128597,317994.4894909727,0.0,81984.68694461,250144.20637718646,0.0,324319.0944128597,724298.2708484426,0.0,5731741.926020365
CE27_B1,CE27,B1,0,E,2021,974442.4772256289,213542.95645725023,323565.4890531652,0.0,204592.55982124474,232741.47189396876,0.0,324319.0944128597,724298.2708484426,123531.03012435016,5731741.926020365
CE27_B1,CE27,B1,0,E,2022,974442.4772256289,216718.94720683375,379893.09866757854,0.0,135511.97492203058,242318.45642918602,0.0,324319.0944128597,724298.2708484426,130985.05712277282,5731741.926020365
CE27_B1,CE27,B1,0,E,2023,974442.4772256289,221977.251692469,359805.29954804067,0.0,138461.53095828783,254198.3950268315,0.0,324319.0944128597,724298.2708484426,133444.40223741718,5731741.926020365
CE27_B1,CE27,B1,0,E,2024,974442.4772256289,261129.76528966567,347181.72907457536,0.0,130579.72173330268,235551.26112808526,0.0,324319.0944128597,724298.2708484426,106685.55041105981,5731741.926020365
CE27_B1,CE27,B1,0,E,2025,974442.4772256289,288168.0047732784,318269.12915736175,0.0,130041.53938646501,237963.8039085238,0.0,324319.0944128597,724298.2708484426,103471.99196783328,5731741.926020365
CE27_B1,CE27,B1,0,E,2026,974442.4772256289,323327.09120441513,286276.201837248,0.0,143745.73948376224,221093.44470020366,0.0,324319.0944128597,724298.2708484426,86785.29271291097,5731741.926020365
CE28_B1,CE28,B1,0,E,2020,1026018.2057534908,403721.6302103977,383269.96870299696,0.0,7193.852853333716,231832.75398676255,0.0,403721.6302103977,794185.4517667285,0.0,4922957.637030149
CE28_B1,CE28,B1,0,E,2021,1026018.2057534908,210023.32550817754,500944.91790056403,0.0,111820.8280182483,203229.134326501,0.0,403721.6302103977,794185.4517667285,199641.14137540333,4922957.637030149
CE28_B1,CE28,B1,0,E,2022,1026018.2057534908,216025.64851415297,549500.3401817471,0.0,43445.636876663506,217046.58018092735,0.0,403721.6302103977,794185.4517667285,209017.2179378734,4922957.637030149
CE28_B1,CE28,B1,0,E,2023,1026018.2057534908,216082.88534423232,547194.6552361283,0.0,36476.39254874435,226264.27262438607,0.0,403721.6302103977,794185.4517667285,202704.31030126833,4922957.637030149
CE28_B1,CE28,B1,0,E,2024,1026018.2057534908,310238.4392741783,472804.42536962166,0.0,36608.46775022021,206366.87335947074,0.0,403721.6302103977,794185.4517667285,136765.65723443124,4922957.637030149
CE28_B1,CE28,B1,0,E,2025,1026018.2057534908,440302.60240487487,338754.12884847604,0.0,27644.06075445437,219317.41374568566,0.0,403721.6302103977,794185.4517667285,106939.63964227414,4922957.637030149
CE28_B1,CE28,B1,0,E,2026,1026018.2057534908,345269.01063785923,422987.08897214406,0.0,60754.63401734595,197007.4721261417,0.0,403721.63021039777,794185.4517667285,121549.07334938797,4922957.637030149
CE29_B1,CE29,B1,0,E,2020,974190.4997020044,536846.5868205052,175423.20000595393,0.0,23040.555706996543,238880.15716854914,0.0,536846.5868205052,735310.3425334557,0.0,6309600.819855814
CE29_B1,CE29,B1,0,E,2021,974190.4997020044,375396.41784721834,225753.9316005333,0.0,159038.19379045075,214001.95646380255,0.0,536846.5868205052,735310.3425334557,162459.16612261604,6309600.819855814
CE29_B1,CE29,B1,0,E,2022,974190.4997020044,424152.6200709923,179458.12442318787,0.0,142454.05261236452,228125.70259546014,0.0,536846.5868205052,735310.3425334557,132011.9858256022,6309600.819855814
CE29_B1,CE29,B1,0,E,2023,974190.4997020044,404955.29050487455,205872.47973677696,0.0,131676.47392347746,231686.25553687598,0.0,536846.5868205052,735310.3425334557,154438.78216465967,6309600.819855814
CE29_B1,CE29,B1,0,E,2025,974190.4997020044,412600.60620727553,229799.8667521159,0.0,104552.91361706302,227237.11312555047,0.0,536846.5868205052,735310.3425334557,150721.42719502165,6309600.819855814
CE29_B1,CE29,B1,0,E,2026,974190.4997020044,454637.6887277642,191238.2028578216,0.0,110548.8192527023,217765.78886371682,0.0,536846.5868205052,735310.3425334557,123756.91929273416,6309600.819855814
CE29_B1,CE29,B1,0,E,2024,974190.4997020045,400725.8049868416,242102.31729517924,0.0,122703.57112328024,208658.80629670384,0.0,536846.5868205052,735310.3425334557,158897.09863571465,6309600.819855814
CE30_B1,CE30,B1,0,E,2020,1025494.3520208021,503541.1136952719,224956.09285526656,0.0,15210.557281883088,281786.5881883809,0.0,503541.1136952719,743707.7638324214,0.0,5292921.802534992
CE30_B1,CE30,B1,0,E,2023,1025494.3520208021,320911.6869134641,402220.75734602986,0.0,33562.3203899608,268799.5873713475,0.0,503541.1136952719,743707.7638324214,192860.36512325512,5292921.802534992
CE30_B1,CE30,B1,0,E,2024,1025494.3520208021,399233.7427828022,335205.3367752973,0.0,40377.16180560542,250678.11065709734,0.0,503541.1136952719,743707.7638324214,130304.3984212838,5292921.802534993
CE30_B1,CE30,B1,0,E,2025,1025494.3520208021,318763.9126619826,401589.69991093053,0.0,36267.58381207036,268873.1556358188,0.0,503541.1136952719,743707.7638324214,197626.62672358492,5292921.802534992
CE30_B1,CE30,B1,0,E,2026,1025494.3520208021,481576.97249998216,240293.75912128523,0.0,49244.01505174823,254379.6053477867,0.0,503541.1136952719,743707.7638324214,84295.90274676154,5292921.802534993
CE30_B1,CE30,B1,0,E,2021,1025494.3520208022,426750.76755362126,296964.6060158823,0.0,52110.65768402698,249668.32076727177,0.0,503541.1136952719,743707.7638324214,90747.91586549047,5292921.802534992
CE30_B1,CE30,B1,0,E,2022,1025494.3520208022,379197.77743365726,345477.6609122781,0.0,39812.22335605996,261006.69031880697,0.0,503541.1136952719,743707.7638324214,133812.29163899142,5292921.802534993
CE31_B1,CE31,B1,0,E,2021,975014.3901182587,343366.3842739928,328954.1404438691,0.0,66338.60908532237,236355.25631507428,0.0,515743.68204046495,711652.4255210429,179069.75732733033,5078100.242508715
CE31_B1,CE31,B1,0,E,2022,975014.3901182587,342626.1347323549,353002.80781244015,0.0,43583.098394924986,235802.34917853863,0.0,515743.68204046495,711652.4255210429,179354.2980814017,5078100.242508715
CE31_B1,CE31,B1,0,E,2026,975014.3901182587,440971.9084855322,261485.37951046813,0.0,38389.454281406775,234167.64784085145,0.0,515743.68204046495,711652.4255210429,93261.32046951595,5078100.242508715
CE31_B1,CE31,B1,0,E,2020,975014.3901182588,515743.6820404649,189150.01307331162,0.0,6758.730407266055,263361.9645972158,0.0,515743.6820404649,711652.4255210429,0.0,5078100.242508715
CE31_B1,CE31,B1,0,E,2023,975014.3901182588,376477.5908414354,316224.5430346021,0.0,37747.85323950076,244564.40300272027,0.0,515743.6820404649,711652.4255210429,147751.59478649063,5078100.242508715
CE31_B1,CE31,B1,0,E,2024,975014.3901182588,436906.4569398168,264902.7200297038,0.0,40272.31339703728,232932.89975170064,0.0,515743.6820404649,711652.4255210429,103170.9049667957,5078100.242508715
CE31_B1,CE31,B1,0,E,2025,975014.3901182588,388034.1166618197,303179.63122376084,0.0,35328.742924290076,248471.8993083879,0.0,515743.6820404649,711652.4255210429,145154.08195684094,5078100.242508715
CE32_B1,CE32,B1,0,E,2020,1000164.4418298464,555380.8366510727,188044.85467966116,0.0,12569.280432757208,244169.47006635478,0.0,555380.8366510727,755994.971763491,0.0,5247042.638197536
CE32_B1,CE32,B1,0,E,2021,1000164.4418298464,467157.8019166833,276231.3189400766,0.0,31192.08159212599,225583.2393809599,0.0,555380.8366510726,755994.971763491,90543.04874512916,5247042.638197536
CE32_B1,CE32,B1,0,E,2023,1000164.4418298464,458336.18359219405,291778.661088562,0.0,22392.18612637987,227657.41102270986,0.0,555380.8366510727,755994.971763491,100500.2833384196,5247042.638197536
CE32_B1,CE32,B1,0,E,2024,1000164.4418298464,547010.6978911455,221099.15043299057,0.0,26272.19915229947,205782.3943534103,0.0,555380.8366510727,755994.971763491,31880.376065272914,5247042.638197536
CE32_B1,CE32,B1,0,E,2025,1000164.4418298464,474734.6314009123,273460.1346115412,0.0,26805.371412658693,225164.3044047337,0.0,555380.8366510726,755994.971763491,90944.56521603453,5247042.638197536
CE32_B1,CE32,B1,0,E,2022,1000164.4418298465,445485.1795439775,311010.5315308814,0.0,20183.6641159656,223485.0666390213,0.0,555380.8366510726,755994.971763491,112857.62645218793,5247042.638197535
CE32_B1,CE32,B1,0,E,2026,1000164.4418298465,516268.6706171073,235081.7042015824,0.0,34534.80662327187,214279.2603878844,0.0,555380.8366510726,755994.971763491,52676.438293576706,5247042.638197535
CE33_B1,CE33,B1,0,E,2020,1000442.7974280566,463994.1971771539,299532.55898799526,0.0,43930.8101364435,192985.23112646365,0.0,463994.1971771539,807457.5663015929,0.0,5569335.831974642
CE33_B1,CE33,B1,0,E,2021,1000442.7974280566,399762.65714604984,350958.4595458386,0.0,81727.27311039346,167994.40762577427,0.0,463994.1971771539,807457.566301593,83489.84543208701,5569335.831974642
CE33_B1,CE33,B1,0,E,2022,1000442.7974280566,337367.21601356054,405414.1259113087,0.0,77560.3755842321,180101.0799189549,0.0,463994.1971771539,807457.566301593,142375.0354751587,5569335.831974642
CE33_B1,CE33,B1,0,E,2023,1000442.7974280566,314815.06592167873,448738.5237391453,0.0,60584.52430162616,176304.6834656061,0.0,463994.1971771539,807457.566301593,162428.6690324372,5569335.831974642
CE33_B1,CE33,B1,0,E,2024,1000442.7974280566,353290.08965905884,412184.63929377537,0.0,95227.73097375606,139740.337501466,0.0,463994.1971771539,807457.566301593,129761.0306143069,5569335.831974642
CE33_B1,CE33,B1,0,E,2025,1000442.7974280566,322694.30399038276,426840.769778173,0.0,76235.82358969894,174671.9000698015,0.0,463994.1971771539,807457.566301593,162879.35398131728,5569335.831974642
CE33_B1,CE33,B1,0,E,2026,1000442.7974280566,427104.54154465615,324766.53847590426,0.0,83068.48501323625,165503.23239425957,0.0,463994.1971771539,807457.566301593,84923.24725356756,5569335.831974642
CE34_B1,CE34,B1,0,E,2020,1025223.0700731163,410210.88759990025,315972.3350818709,0.0,54233.60387393727,244806.24351740815,0.0,410210.88759990025,780416.8265557082,0.0,5023924.0028454065
CE34_B1,CE34,B1,0,E,2021,1025223.0700731165,375184.38977293135,359744.36558344227,0.0,93148.25939289169,197146.05532385132,0.0,410210.88759990025,780416.8265557082,55627.241578434965,5023924.002845406
CE34_B1,CE34,B1,0,E,2022,1025223.0700731165,374427.055676479,336620.7977649763,0.0,117995.04076376524,196180.175867896,0.0,410210.88759990025,780416.8265557082,62458.387289847575,5023924.002845406
CE34_B1,CE34,B1,0,E,2023,1025223.0700731165,324009.0048271329,392983.61566934024,0.0,73285.9038510491,234944.5457255943,0.0,410210.88759990025,780416.8265557082,99407.34104859596,5023924.002845406
CE34_B1,CE34,B1,0,E,2024,1025223.0700731165,360637.5878732719,376971.33907982317,0.0,136883.69630165846,150730.44681836295,0.0,410210.88759990025,780416.8265557082,76708.93343221628,5023924.002845406
CE34_B1,CE34,B1,0,E,2025,1025223.0700731165,366404.04138725135,348957.4035204719,0.0,83066.68622825472,226794.93893713856,0.0,410210.88759990025,780416.8265557082,68652.30700414321,5023924.002845406
CE34_B1,CE34,B1,0,E,2026,1025223.0700731165,393683.64987194585,341339.87999061134,0.0,107316.3804961859,182883.1597143734,0.0,410210.88759990025,780416.8265557082,56291.38359300202,5023924.002845406
CE35_B1,CE35,B1,0,E,2020,974763.1906977341,446442.6652481378,303721.4549519857,0.0,37898.36409104292,186700.7064065672,0.0,446442.6652481378,788062.4842911665,0.0,4290628.129016831
CE35_B1,CE35,B1,0,E,2021,974763.1906977341,436893.3267601162,288973.94251664105,0.0,83220.58628255807,165675.3351384182,0.0,446442.6652481377,788062.4842911665,50069.13935139973,4290628.129016831
CE35_B1,CE35,B1,0,E,2022,974763.1906977341,365412.3458294439,358107.37323743035,0.0,79921.71065622967,171321.76097462975,0.0,446442.6652481377,788062.4842911665,94996.63921481863,4290628.129016831
CE35_B1,CE35,B1,0,E,2023,974763.1906977341,345080.60608879535,395732.09447886155,0.0,46214.03039897844,187736.45973109826,0.0,446442.6652481377,788062.4842911665,114184.62886149088,4290628.129016831
CE35_B1,CE35,B1,0,E,2024,974763.1906977341,442544.349923736,294377.58796335856,0.0,71874.3645185882,165966.88829205086,0.0,446442.6652481377,788062.4842911665,51693.01767120361,4290628.129016831
CE35_B1,CE35,B1,0,E,2025,974763.1906977341,414515.0315250173,316880.8453395469,0.0,68278.1487349267,175089.1650982427,0.0,446442.6652481377,788062.4842911665,75398.23200563918,4290628.129016831
CE35_B1,CE35,B1,0,E,2026,974763.1906977341,413522.6243283739,318274.0974329033,0.0,84371.35611491484,158595.1128215416,0.0,446442.6652481377,788062.4842911665,75926.41028217989,4290628.129016831
CE36_B1,CE36,B1,0,E,2020,1000037.3664644727,435479.7016642551,340507.9114045686,0.0,45583.905643717444,178465.84775193158,0.0,435479.7016642551,821571.5187125411,0.0,4022640.195183847
CE36_B1,CE36,B1,0,E,2021,1000037.3664644727,430697.4286161236,338548.8944156721,0.0,68878.55088857016,161912.49254410688,0.0,435479.7016642551,821571.5187125411,43617.541005302875,4022640.195183847
CE36_B1,CE36,B1,0,E,2022,1000037.3664644727,302771.56270497636,466699.6323377722,0.0,56961.55761413574,173604.61380758847,0.0,435479.7016642552,821571.5187125411,142363.15114734124,4022640.1951838476
CE36_B1,CE36,B1,0,E,2023,1000037.3664644727,309953.7847292133,443121.2438776953,0.0,55568.44365174537,191393.89420581894,0.0,435479.7016642551,821571.5187125411,140998.45067578484,4022640.195183847
CE36_B1,CE36,B1,0,E,2024,1000037.3664644727,371425.4477858599,390727.0879624311,0.0,71290.38564809164,166594.4450680901,0.0,435479.7016642551,821571.5187125411,89961.62525239833,4022640.195183847
CE36_B1,CE36,B1,0,E,2025,1000037.3664644727,443108.53653283225,321996.2705063764,0.0,52183.16951278986,182749.38991247443,0.0,435479.7016642551,821571.5187125411,51360.56665888768,4022640.195183847
CE36_B1,CE36,B1,0,E,2026,1000037.3664644727,470422.24099650676,300434.83756588213,0.0,68508.75880877925,160671.52909330482,0.0,435479.7016642551,821571.5187125411,48104.7202856924,4022640.195183847
CE37_B1,CE37,B1,0,E,2020,1025884.9566017298,445028.6237765743,221253.75953261435,0.0,81954.93197281781,277647.6413197237,0.0,445028.6237765743,748237.3152820065,0.0,3748750.895185466
CE37_B1,CE37,B1,0,E,2022,1025884.9566017298,433060.0981093764,245661.7474978579,0.0,98598.4300383923,248564.68095610372,0.0,445028.6237765743,748237.3152820065,21432.33050713633,3748750.895185466
CE37_B1,CE37,B1,0,E,2024,1025884.9566017298,412714.9738579545,282981.6033820657,0.0,107639.81754434622,222548.56181736366,0.0,445028.6237765743,748237.3152820065,40571.33952618767,3748750.895185466
CE37_B1,CE37,B1,0,E,2025,1025884.9566017298,422305.77285048546,255670.39030905333,0.0,76737.11937055399,271171.67407163733,0.0,445028.6237765743,748237.3152820065,33820.23970274084,3748750.895185466
CE37_B1,CE37,B1,0,E,2026,1025884.9566017298,456074.54669934453,220697.83275218288,0.0,90932.0141033696,258180.56304683315,0.0,445028.6237765743,748237.3152820065,18318.15292292576,3748750.895185466
CE37_B1,CE37,B1,0,E,2021,1025884.95660173,450372.29526244535,242686.66572513964,0.0,77200.5625780891,255625.43303605623,0.0,445028.6237765743,748237.3152820064,7275.770536086138,3748750.8951854655
CE37_B1,CE37,B1,0,E,2023,1025884.9566017301,434618.9140587902,241313.25207061772,0.0,87147.22395058426,262805.5665217381,0.0,445028.6237765744,748237.3152820064,22306.646756430237,3748750.8951854655
CE38_B1,CE38,B1,0,E,2020,975178.0441356885,419505.95533438283,267282.7633199954,0.0,58498.04316373339,229891.28231757667,0.0,419505.95533438283,745286.7618181118,0.0,3128694.15578619
CE38_B1,CE38,B1,0,E,2021,975178.0441356885,363209.76259511313,331646.0945081525,0.0,89887.96884864359,190434.21818377922,0.0,419505.95533438283,745286.7618181118,69177.7996059642,3128694.1557861906
CE38_B1,CE38,B1,0,E,2022,975178.0441356885,356736.2505556593,310324.1838749007,0.0,94266.02394762226,213851.58575750614,0.0,419505.95533438283,745286.7618181118,72945.1942461201,3128694.1557861906
CE38_B1,CE38,B1,0,E,2023,975178.0441356885,363359.632707334,314858.3104600495,0.0,92652.94268137612,204307.15828692866,0.0,419505.95533438283,745286.7618181118,68781.68763610242,3128694.1557861906
CE38_B1,CE38,B1,0,E,2024,975178.0441356885,357203.6116549921,356905.68879918125,0.0,96407.61367157582,164661.13000993914,0.0,419505.95533438283,745286.7618181118,73184.86625429042,3128694.15578619
CE38_B1,CE38,B1,0,E,2025,975178.0441356885,370672.5321005129,334201.5852372113,0.0,76234.29763246424,194069.62916549982,0.0,419505.95533438283,745286.7618181118,64812.99103516224,3128694.15578619
CE38_B1,CE38,B1,0,E,2026,975178.0441356885,413296.9613145716,295031.78578572004,0.0,78660.06302627864,188189.23400911817,0.0,419505.95533438283,745286.7618181118,46345.313366100825,3128694.15578619
CE39_B1,CE39,B1,0,E,2020,1025436.4439527325,492808.911119678,276154.67642992805,0.0,16192.250056188244,240280.60634693818,0.0,492808.911119678,785155.8376057942,0.0,3153654.625798364
CE39_B1,CE39,B1,0,E,2021,1025436.4439527325,413582.12302805576,358742.13820761885,0.0,34693.71286235136,218418.46985470643,0.0,492808.911119678,785155.8376057942,89413.19044410856,3153654.625798364
CE39_B1,CE39,B1,0,E,2022,1025436.4439527325,442297.4725092869,333061.56660548196,0.0,24755.499572544475,225321.90526541916,0.0,492808.911119678,785155.8376057942,62457.26814078536,3153654.625798364
CE39_B1,CE39,B1,0,E,2023,1025436.4439527325,419810.2097333721,362983.0582974005,0.0,22585.648209635416,220057.52771232458,0.0,492808.911119678,785155.8376057942,84246.02586511351,3153654.625798364
CE39_B1,CE39,B1,0,E,2024,1025436.4439527325,447515.7460245769,340117.1921175789,0.0,34136.94212667428,203666.56368390252,0.0,492808.911119678,785155.8376057942,66493.41706791299,3153654.625798364
CE39_B1,CE39,B1,0,E,2025,1025436.4439527325,419879.48168673046,367051.0523391125,0.0,27142.18904436897,211363.7208825205,0.0,492808.911119678,785155.8376057942,87726.58209808948,3153654.625798364
CE39_B1,CE39,B1,0,E,2026,1025436.4439527325,436450.4231690052,353264.50065131095,0.0,36684.32105527392,199037.19907714246,0.0,492808.911119678,785155.8376057942,77398.83355446611,3153654.625798364
CE40_B1,CE40,B1,0,E,2024,974265.936080514,410657.15316682705,317722.6787779565,0.0,71131.38317176967,174754.72096396054,0.0,417617.42002811807,752739.9217691759,40082.81256369797,3066977.203066058
CE40_B1,CE40,B1,0,E,2026,974265.936080514,444311.74200783524,290094.41817423503,0.0,43899.573789439484,195960.202109004,0.0,417617.42002811807,752739.9217691759,23542.471856868968,3066977.203066058
CE40_B1,CE40,B1,0,E,2020,974265.9360805141,417617.42002811807,302713.44621722656,0.0,32409.055523831234,221526.01431133793,0.0,417617.42002811807,752739.9217691759,0.0,3066977.203066058
CE40_B1,CE40,B1,0,E,2021,974265.9360805141,366843.6404132319,367418.4194268021,0.0,46033.084065216666,193970.79217526305,0.0,417617.42002811807,752739.9217691759,64839.93004455566,3066977.203066058
CE40_B1,CE40,B1,0,E,2022,974265.9360805141,439947.598324944,284367.21784470504,0.0,36997.36979869768,212953.75011216704,0.0,417617.42002811807,752739.9217691759,22398.278727901685,3066977.203066058
CE40_B1,CE40,B1,0,E,2023,974265.9360805141,357243.0896870033,377844.50821733667,0.0,45696.2173517863,193482.1208243875,0.0,417617.42002811807,752739.9217691759,75453.40697769463,3066977.203066058
CE40_B1,CE40,B1,0,E,2025,974265.9360805141,375571.13451032445,363900.74934584677,0.0,38734.34754961799,196059.7046747245,0.0,417617.42002811807,752739.9217691759,61166.18231431549,3066977.203066058
CE41_B1,CE41,B1,0,E,2020,1000328.4186194326,513248.15559704346,223700.87772566854,0.0,21115.643007854385,242263.7422888662,0.0,513248.15559704346,758064.6763305663,0.0,2909316.547236723
CE41_B1,CE41,B1,0,E,2021,1000328.4186194326,479382.721283707,276756.18965038226,0.0,36291.61398270551,207897.89370263787,0.0,513248.15559704346,758064.6763305663,39392.737784920486,2909316.547236723
CE41_B1,CE41,B1,0,E,2022,1000328.4186194326,516005.0518021527,226912.7948952469,0.0,34522.517856104234,222888.0540659287,0.0,513248.15559704346,758064.6763305663,12609.591230773925,2909316.547236723
CE41_B1,CE41,B1,0,E,2023,1000328.4186194326,458167.5314403759,277804.0399539424,0.0,71161.08974145626,193195.75748365812,0.0,513248.15559704346,758064.6763305663,59746.017630782786,2909316.547236723
CE41_B1,CE41,B1,0,E,2024,1000328.4186194326,494588.1251384361,252819.15992530374,0.0,81705.42094765457,171215.71260803821,0.0,513248.1555970435,758064.6763305663,33460.815480909165,2909316.547236723
CE41_B1,CE41,B1,0,E,2025,1000328.4186194326,451035.65787844185,287856.4843922933,0.0,49504.93203944786,211931.34430924957,0.0,513248.15559704346,758064.6763305663,67046.31833792294,2909316.547236723
CE41_B1,CE41,B1,0,E,2026,1000328.4186194326,508885.1766736199,251118.52505110195,0.0,48613.98624548819,191710.73064922256,0.0,513248.15559704346,758064.6763305663,26675.494566973517,2909316.547236723
CE42_B1,CE42,B1,0,E,2020,999507.4713691862,521196.8611083983,296793.5278784359,0.0,10071.211784362793,171445.87059798898,0.0,521196.8611083983,828061.6007711971,0.0,3417445.9741660925
CE42_B1,CE42,B1,0,E,2021,999507.4713691864,482685.7139190972,333144.1048033471,0.0,18957.555290222168,164720.09735651955,0.0,521196.8611083983,828061.6007711971,55474.48840963326,3417445.9741660925
CE42_B1,CE42,B1,0,E,2022,999507.4713691864,474736.17529443477,337250.6606002508,0.0,25377.775517482383,162142.8599570181,0.0,521196.8611083983,828061.6007711972,58192.171282420444,3417445.9741660925
CE42_B1,CE42,B1,0,E,2023,999507.4713691864,384915.10550671734,424082.3034325094,0.0,45400.791234932694,145109.27119502646,0.0,521196.8611083983,828061.6007711972,138964.29634495155,3417445.9741660925
CE42_B1,CE42,B1,0,E,2024,999507.4713691864,487973.2678147558,340113.6597840552,0.0,39992.05259279738,131428.4911775776,0.0,521196.8611083983,828061.6007711971,51564.58942027372,3417445.9741660925
CE42_B1,CE42,B1,0,E,2025,999507.4713691864,438780.36716230796,386637.86288206803,0.0,27228.26233364928,146860.97899116066,0.0,521196.8611083983,828061.6007711972,93777.41172706753,3417445.9741660925
CE42_B1,CE42,B1,0,E,2026,999507.4713691864,501184.29233673686,350327.82814178464,0.0,31166.51580173268,116828.83508893181,0.0,521196.8611083983,828061.6007711971,43120.43963733748,3417445.9741660925
CE43_B1,CE43,B1,0,E,2024,1000133.4150644636,578991.1041586482,254082.71187902713,0.0,30902.947250575646,136156.65177621276,0.0,556905.3282057518,822822.297373693,12636.067536327884,3634367.761935125
CE43_B1,CE43,B1,0,E,2020,1000133.4150644637,556905.3282057517,252737.9865262798,0.0,13178.982641661401,177311.1176907707,0.0,556905.3282057517,822822.297373693,0.0,3634367.761935125
CE43_B1,CE43,B1,0,E,2021,1000133.4150644637,533533.6063739851,293517.5546039955,0.0,20595.84611310772,152486.40797337546,0.0,556905.3282057518,822822.297373693,33733.34389085957,3634367.761935125
CE43_B1,CE43,B1,0,E,2022,1000133.4150644637,566959.9514051549,259170.73954626342,0.0,17063.039670039157,156939.6844430063,0.0,556905.3282057517,822822.297373693,13534.348286976534,3634367.761935125
CE43_B1,CE43,B1,0,E,2023,1000133.4150644637,519610.9849510341,298151.8607943965,0.0,28501.831755813895,153868.7375632192,0.0,556905.3282057517,822822.297373693,45282.80093913359,3634367.761935125
CE43_B1,CE43,B1,0,E,2025,1000133.4150644637,536888.2921236224,306331.08678193926,0.0,19720.817169608315,137193.21898929367,0.0,556905.3282057517,822822.297373693,42716.96482277664,3634367.761935125
CE43_B1,CE43,B1,0,E,2026,1000133.4150644637,578509.8884447583,288932.6123794556,0.0,34814.129324490415,97876.7849157595,0.0,556905.3282057517,822822.297373693,13051.126672363283,3634367.761935125
CE44_B1,CE44,B1,0,E,2020,1931642.7700405044,1266658.6942133287,364724.33412296075,0.0,23598.392532348633,276661.3491718666,0.0,1266658.6942133287,1654981.4208686382,0.0,5583329.053861133
CE44_B1,CE44,B1,0,E,2021,1931642.7700405044,1254572.5905334172,418711.92383306165,0.0,34240.767656962074,224117.4880170635,0.0,1266658.6942133287,1654981.4208686382,30370.941220302208,5583329.053861133
CE44_B1,CE44,B1,0,E,2022,1931642.7700405044,1258162.413631095,388984.46623741597,0.0,36943.539556914686,247552.3506150788,0.0,1266658.6942133287,1654981.4208686382,32606.70943884756,5583329.053861133
CE44_B1,CE44,B1,0,E,2023,1931642.7700405044,1209325.689213981,431417.63575262926,0.0,54651.751115267885,236247.69395862654,0.0,1266658.6942133287,1654981.4208686382,71066.18409522562,5583329.053861133
CE44_B1,CE44,B1,0,E,2024,1931642.7700405046,1208466.5845762363,448380.88732667814,0.0,71084.63164771584,203710.66648987413,0.0,1266658.6942133284,1654981.4208686382,75872.10063458611,5583329.053861133
CE44_B1,CE44,B1,0,E,2025,1931642.7700405046,1174550.2669159833,490421.72756952024,0.0,65656.29444319781,201014.48111180324,0.0,1266658.6942133284,1654981.4208686382,107619.29357826382,5583329.053861133
CE44_B1,CE44,B1,0,E,2026,1931642.7700405046,1253627.2180159325,450702.9634030211,0.0,77976.93085707122,149335.65776447972,0.0,1266658.6942133284,1654981.4208686382,41267.18317595837,5583329.053861133
CW01_B1,CW01,B1,0,W,2022,1012937.2701646395,461324.9436153637,140063.58801993576,0.0,411548.7385293401,0.0,0.0,579209.1443348606,1012937.2701646395,153628.71576262827,6145520.4655895755
CW01_B1,CW01,B1,0,W,2026,1012937.2701646395,492024.3475635904,118512.68036612717,0.0,402400.242234922,0.0,0.0,579209.1443348606,1012937.2701646395,160044.05804515164,6145520.4655895755
CW01_B1,CW01,B1,0,W,2020,1012937.2701646396,579209.1443348606,215658.92558916882,0.0,218069.20024061017,0.0,0.0,579209.1443348606,1012937.2701646396,0.0,6145520.465589575
CW01_B1,CW01,B1,0,W,2021,1012937.2701646396,462064.93823828606,127180.7866518806,0.0,423691.5452744728,0.0,0.0,579209.1443348606,1012937.2701646396,145027.58576812744,6145520.465589575
CW01_B1,CW01,B1,0,W,2023,1012937.2701646396,464500.4559878481,198085.62847104538,0.0,350351.18570574594,0.0,0.0,579209.1443348606,1012937.2701646396,159244.71445566812,6145520.465589575
CW01_B1,CW01,B1,0,W,2024,1012937.2701646396,517769.9416467406,153069.9142533845,0.0,342097.4142645144,0.0,0.0,579209.1443348606,1012937.2701646396,135773.6265426935,6145520.465589575
CW01_B1,CW01,B1,0,W,2025,1012937.2701646396,395564.63765330607,311486.0249629002,0.0,305886.60754843324,0.0,0.0,579209.1443348606,1012937.2701646396,217302.59246529973,6145520.465589575
CW02_B1,CW02,B1,0,W,2020,1001201.7187888949,603807.2838369033,225255.4823897717,0.0,172138.95256221996,0.0,0.0,603807.2838369033,1001201.7187888949,0.0,6226185.488313264
CW02_B1,CW02,B1,0,W,2021,1001201.7187888949,524814.0294788136,167458.47196107754,0.0,308929.2173490038,0.0,0.0,603807.2838369033,1001201.7187888949,101853.09824984681,6226185.488313264
CW02_B1,CW02,B1,0,W,2022,1001201.7187888949,494540.1436287675,186322.29220563106,0.0,320339.2829544965,0.0,0.0,603807.2838369033,1001201.7187888949,131878.41434412939,6226185.488313264
CW02_B1,CW02,B1,0,W,2023,1001201.7187888949,508898.8372391645,208131.0822209377,0.0,284171.7993287928,0.0,0.0,603807.2838369033,1001201.7187888949,132862.99812469483,6226185.488313264
CW02_B1,CW02,B1,0,W,2024,1001201.7187888949,580893.0811730179,158954.94993238265,0.0,261353.6876834944,0.0,0.0,603807.2838369033,1001201.7187888949,104331.55898084454,6226185.488313264
CW02_B1,CW02,B1,0,W,2025,1001201.7187888949,429015.1358932495,337588.1992283241,0.0,234598.3836673213,0.0,0.0,603807.2838369033,1001201.7187888949,195128.42507650336,6226185.488313264
CW02_B1,CW02,B1,0,W,2026,1001201.7187888949,510132.64419884776,143663.19303929945,0.0,347405.8815507477,0.0,0.0,603807.2838369033,1001201.7187888949,143487.87241423366,6226185.488313264
CW03_B1,CW03,B1,0,W,2020,975100.006809818,573532.1697574392,256796.125794594,0.0,144771.71125778498,0.0,0.0,573532.1697574392,975100.006809818,0.0,6052263.622882949
CW03_B1,CW03,B1,0,W,2021,975100.006809818,537169.2374970978,184743.93501506135,0.0,253186.83429765893,0.0,0.0,573532.1697574392,975100.006809818,67759.88023394416,6052263.622882949
CW03_B1,CW03,B1,0,W,2022,975100.006809818,555068.5444380217,183963.90058061187,0.0,236067.5617911844,0.0,0.0,573532.1697574392,975100.006809818,69884.72962751202,6052263.622882949
CW03_B1,CW03,B1,0,W,2023,975100.006809818,549011.9704284967,217176.07591974596,0.0,208911.9604615754,0.0,0.0,573532.1697574392,975100.006809818,79084.34216302609,6052263.622882949
CW03_B1,CW03,B1,0,W,2024,975100.006809818,568374.3984348072,196695.4541931452,0.0,210030.15418186563,0.0,0.0,573532.1697574392,975100.006809818,75055.10388587503,6052263.622882949
CW03_B1,CW03,B1,0,W,2025,975100.006809818,472015.8575554343,318583.81351219624,0.0,184500.33574218748,0.0,0.0,573532.1697574392,975100.006809818,128804.21533053528,6052263.622882949
CW03_B1,CW03,B1,0,W,2026,975100.006809818,525994.9082798079,198748.89156754437,0.0,250356.20696246577,0.0,0.0,573532.1697574392,975100.006809818,95989.9170754526,6052263.622882949
CW04_B1,CW04,B1,0,W,2020,1000671.4313077739,604859.7492487888,292692.76322859223,0.0,103118.91883039288,0.0,0.0,604859.7492487888,1000671.4313077739,0.0,6373319.73999897
CW04_B1,CW04,B1,0,W,2021,1000671.4313077739,544333.0004393633,213799.33079926734,0.0,242539.1000691433,0.0,0.0,604859.7492487888,1000671.4313077739,76780.9709849339,6373319.73999897
CW04_B1,CW04,B1,0,W,2022,1000671.4313077739,539579.6289329379,196630.51518399108,0.0,264461.287190845,0.0,0.0,604859.7492487888,1000671.4313077739,86402.24582836677,6373319.73999897
CW04_B1,CW04,B1,0,W,2023,1000671.4313077739,533890.8964631024,280776.43632998003,0.0,186004.09851469152,0.0,0.0,604859.7492487889,1000671.4313077739,96939.52682614795,6373319.73999897
CW04_B1,CW04,B1,0,W,2024,1000671.4313077739,550978.0239853503,264740.45961306704,0.0,184952.94770935658,0.0,0.0,604859.7492487889,1000671.4313077739,95223.96088104248,6373319.73999897
CW04_B1,CW04,B1,0,W,2025,1000671.4313077739,491650.9904856662,352798.8868520699,0.0,156221.55397003773,0.0,0.0,604859.7492487888,1000671.4313077739,135963.2461031147,6373319.73999897
CW04_B1,CW04,B1,0,W,2026,1000671.4313077739,509089.6198072544,273362.41512220795,0.0,218219.39637831145,0.0,0.0,604859.7492487888,1000671.4313077739,127745.50265589697,6373319.73999897
CW05_B1,CW05,B1,0,W,2020,1026378.2248387956,534293.1366571763,393945.7898777383,0.0,98139.29830388089,0.0,0.0,534293.1366571763,1026378.2248387956,0.0,6394271.634463262
CW05_B1,CW05,B1,0,W,2021,1026378.2248387956,509649.6786014034,303733.8537787344,0.0,212994.69245865764,0.0,0.0,534293.1366571763,1026378.2248387956,55967.512417333266,6394271.634463261
CW05_B1,CW05,B1,0,W,2022,1026378.2248387956,532992.5174411249,299258.2731103636,0.0,194127.43428730682,0.0,0.0,534293.1366571762,1026378.2248387956,56079.83562583175,6394271.634463261
CW05_B1,CW05,B1,0,W,2023,1026378.2248387956,495673.53145297186,358634.14212778135,0.0,172070.55125804228,0.0,0.0,534293.1366571762,1026378.2248387956,73711.9656703575,6394271.634463261
CW05_B1,CW05,B1,0,W,2024,1026378.2248387956,546404.886108937,335698.2804334754,0.0,144275.05829638313,0.0,0.0,534293.1366571763,1026378.2248387956,61408.50923470888,6394271.634463261
CW05_B1,CW05,B1,0,W,2025,1026378.2248387956,480796.51162193145,427004.8047233732,0.0,118576.90849349077,0.0,0.0,534293.1366571763,1026378.2248387956,93477.81050935634,6394271.634463262
CW05_B1,CW05,B1,0,W,2026,1026378.2248387956,514737.75323944085,307348.41291797126,0.0,204292.0586813833,0.0,0.0,534293.1366571763,1026378.2248387956,85202.07931123619,6394271.634463261
CW06_B1,CW06,B1,0,W,2020,1000716.9096257525,623515.183797081,275516.47118293913,0.0,101685.25464573281,0.0,0.0,623515.183797081,1000716.9096257525,0.0,6524654.558188463
CW06_B1,CW06,B1,0,W,2021,1000716.9096257525,584343.8783448164,182835.39277176204,0.0,233537.63850917446,0.0,0.0,623515.183797081,1000716.9096257525,70309.8550263947,6524654.558188463
CW06_B1,CW06,B1,0,W,2022,1000716.9096257525,579276.5316960952,210960.6990208046,0.0,210479.678908853,0.0,0.0,623515.183797081,1000716.9096257525,82008.64938845167,6524654.558188463
CW06_B1,CW06,B1,0,W,2023,1000716.9096257525,524033.59734667616,281767.9996069217,0.0,194915.31267215507,0.0,0.0,623515.183797081,1000716.9096257525,127045.03560117833,6524654.558188463
CW06_B1,CW06,B1,0,W,2024,1000716.9096257525,600084.6984782501,211419.55442926742,0.0,189212.6567182354,0.0,0.0,623515.183797081,1000716.9096257525,95439.60934008431,6524654.558188463
CW06_B1,CW06,B1,0,W,2025,1000716.9096257525,488119.047447414,376815.2840518727,0.0,135782.57812646605,0.0,0.0,623515.183797081,1000716.9096257525,167542.18452734852,6524654.558188463
CW06_B1,CW06,B1,0,W,2026,1000716.9096257525,575576.0476346783,201918.01500740804,0.0,223222.8469836665,0.0,0.0,623515.183797081,1000716.9096257525,110869.8740914139,6524654.558188463
CW07_B1,CW07,B1,0,W,2020,1000714.1883560179,770376.2091813928,129052.20555868708,0.0,101285.77361593807,0.0,0.0,770376.2091813928,1000714.1883560179,0.0,7282054.648228782
CW07_B1,CW07,B1,0,W,2022,1000714.1883560179,682569.3402655507,115632.88121433632,0.0,202511.966876131,0.0,0.0,770376.2091813928,1000714.1883560179,109833.37048447554,7282054.64822878
CW07_B1,CW07,B1,0,W,2023,1000714.1883560179,628199.3671480665,179882.7221190808,0.0,192632.09908887075,0.0,0.0,770376.2091813928,1000714.1883560179,156365.8488575655,7282054.64822878
CW07_B1,CW07,B1,0,W,2024,1000714.1883560179,634779.4412385827,184322.7251575844,0.0,181612.02195985086,0.0,0.0,770376.2091813928,1000714.1883560179,164553.2806835399,7282054.648228782
CW07_B1,CW07,B1,0,W,2025,1000714.1883560179,566155.7433817245,319166.55698915373,0.0,115391.88798513974,0.0,0.0,770376.2091813928,1000714.1883560179,217723.01944870295,7282054.648228781
CW07_B1,CW07,B1,0,W,2026,1000714.1883560179,652685.6276141596,149029.49737390256,0.0,198999.06336795582,0.0,0.0,770376.2091813928,1000714.1883560179,163819.5976800956,7282054.648228782
CW07_B1,CW07,B1,0,W,2021,1000714.188356018,717591.6454238292,94780.65636587705,0.0,188341.88656631173,0.0,0.0,770376.2091813928,1000714.188356018,77315.29446324368,7282054.648228782
CW08_B1,CW08,B1,0,W,2020,975752.67101231,717443.3611369113,128550.88065012015,0.0,129758.42922527836,0.0,0.0,717443.3611369113,975752.67101231,0.0,7926464.650523586
CW08_B1,CW08,B1,0,W,2021,975752.67101231,669197.7655414954,95594.22275585099,0.0,210960.68271496342,0.0,0.0,717443.3611369113,975752.67101231,58078.539037308044,7926464.650523586
CW08_B1,CW08,B1,0,W,2022,975752.67101231,626864.6141282024,131210.8292190552,0.0,217677.22766505223,0.0,0.0,717443.3611369113,975752.67101231,97574.12184657676,7926464.650523586
CW08_B1,CW08,B1,0,W,2023,975752.67101231,618294.6246412388,167418.17239996218,0.0,190039.87397110884,0.0,0.0,717443.3611369113,975752.67101231,107467.4662829829,7926464.650523585
CW08_B1,CW08,B1,0,W,2024,975752.67101231,618986.5216590432,177889.18048535514,0.0,178876.96886791155,0.0,0.0,717443.3611369113,975752.67101231,111221.4440031463,7926464.650523586
CW08_B1,CW08,B1,0,W,2025,975752.67101231,587367.514195341,252942.45537258973,0.0,135442.70144437905,0.0,0.0,717443.3611369113,975752.67101231,144684.14030633066,7926464.650523586
CW08_B1,CW08,B1,0,W,2026,975752.67101231,633390.7261389638,144440.4319000244,0.0,197921.51297332166,0.0,0.0,717443.3611369113,975752.67101231,119005.9136263978,7926464.650523586
CW09_B1,CW09,B1,0,W,2020,1025656.586365165,906702.5587420296,68543.10631474514,0.0,50410.9213083903,0.0,0.0,906702.5587420296,1025656.586365165,0.0,6907159.562598312
CW09_B1,CW09,B1,0,W,2023,1025656.5863651651,807735.7584578571,101371.84205815931,0.0,116548.9858491486,0.0,0.0,906702.5587420295,1025656.5863651651,103121.10974976781,6907159.562598312
CW09_B1,CW09,B1,0,W,2026,1025656.5863651651,794054.091904644,104181.14568125407,0.0,127421.34877926693,0.0,0.0,906702.5587420295,1025656.5863651651,120031.7700947182,6907159.562598312
CW09_B1,CW09,B1,0,W,2021,1025656.5863651652,825079.7376813402,76317.3837730258,0.0,124259.46491079891,0.0,0.0,906702.5587420296,1025656.5863651652,85560.30915075564,6907159.562598312
CW09_B1,CW09,B1,0,W,2022,1025656.5863651652,795865.6564803778,110127.54026456347,0.0,119663.38962022368,0.0,0.0,906702.5587420296,1025656.5863651652,114324.12577317182,6907159.562598312
CW09_B1,CW09,B1,0,W,2024,1025656.5863651652,829343.1256345264,89403.03824627446,0.0,106910.42248436423,0.0,0.0,906702.5587420296,1025656.5863651652,88320.13593935498,6907159.562598312
CW09_B1,CW09,B1,0,W,2025,1025656.5863651652,744045.7103743311,180372.05730536967,0.0,101238.8186854643,0.0,0.0,906702.5587420296,1025656.5863651652,166047.2837969013,6907159.562598312
CW10_B1,CW10,B1,0,W,2023,1001343.1081982782,355895.0847568287,388083.95640928973,0.0,257364.0670321596,0.0,0.0,580416.2095711802,1001343.1081982782,232767.3901767207,6792178.1251241965
CW10_B1,CW10,B1,0,W,2020,1001343.1081982784,580416.2095711802,325987.86182553164,0.0,94939.03680156633,0.0,0.0,580416.2095711802,1001343.1081982784,0.0,6792178.125124196
CW10_B1,CW10,B1,0,W,2021,1001343.1081982784,420541.08189736167,171994.97152817668,0.0,408807.05477273976,0.0,0.0,580416.2095711802,1001343.1081982784,176763.32720980176,6792178.125124196
CW10_B1,CW10,B1,0,W,2022,1001343.1081982784,402656.6322362863,343155.3479775223,0.0,255531.12798446958,0.0,0.0,580416.2095711802,1001343.1081982784,191647.220899724,6792178.125124196
CW10_B1,CW10,B1,0,W,2024,1001343.1081982784,407606.22431236715,414693.39099955844,0.0,179043.49288635256,0.0,0.0,580416.2095711802,1001343.1081982784,198547.28227512137,6792178.125124196
CW10_B1,CW10,B1,0,W,2025,1001343.1081982784,335490.6096565695,571910.1114370308,0.0,93942.38710467769,0.0,0.0,580416.2095711802,1001343.1081982784,254351.5500479904,6792178.125124196
CW10_B1,CW10,B1,0,W,2026,1001343.1081982784,463205.75959194417,282756.43522760726,0.0,255380.91337872678,0.0,0.0,580416.2095711802,1001343.1081982784,171090.94603633505,6792178.125124196
CW11_B1,CW11,B1,0,W,2021,975058.3209764963,438454.84395168524,225844.32168106377,0.0,310759.1553437476,0.0,0.0,598276.5954687381,975058.3209764963,170804.88181903312,6740572.252338067
CW11_B1,CW11,B1,0,W,2020,975058.3209764964,598276.5954687381,280077.71616483206,0.0,96704.0093429266,0.0,0.0,598276.5954687381,975058.3209764964,0.0,6740572.252338067
CW11_B1,CW11,B1,0,W,2022,975058.3209764964,400897.77686285874,454410.6354300106,0.0,119749.90868362723,0.0,0.0,598276.5954687381,975058.3209764964,200044.45408866738,6740572.252338067
CW11_B1,CW11,B1,0,W,2023,975058.3209764964,393338.4013134227,460955.99313677603,0.0,120763.92652629777,0.0,0.0,598276.5954687381,975058.3209764964,208801.33642557185,6740572.252338067
CW11_B1,CW11,B1,0,W,2024,975058.3209764964,441634.2591088388,450175.1658128925,0.0,83248.89605476528,0.0,0.0,598276.5954687381,975058.3209764964,171983.41252435424,6740572.252338067
CW11_B1,CW11,B1,0,W,2025,975058.3209764964,392780.051122628,532440.7291937135,0.0,49837.54066015506,0.0,0.0,598276.5954687381,975058.3209764964,208531.9176396688,6740572.252338067
CW11_B1,CW11,B1,0,W,2026,975058.3209764964,461089.63159125845,345277.2316670435,0.0,168691.4577181946,0.0,0.0,598276.5954687381,975058.3209764964,159389.38051709943,6740572.252338067
CW12_B1,CW12,B1,0,W,2020,1026216.4845492787,697084.6563925048,193824.22869071213,0.0,135307.59946606203,0.0,0.0,697084.6563925048,1026216.4845492787,0.0,8193124.607443418
CW12_B1,CW12,B1,0,W,2021,1026216.4845492787,553652.5124586214,93752.50083142449,0.0,378811.4712592332,0.0,0.0,697084.6563925048,1026216.4845492787,164372.03950273103,8193124.607443418
CW12_B1,CW12,B1,0,W,2022,1026216.4845492787,510119.44384487334,333585.8698287966,0.0,182511.17087560918,0.0,0.0,697084.6563925048,1026216.4845492787,196705.14927652394,8193124.607443418
CW12_B1,CW12,B1,0,W,2023,1026216.4845492787,518226.8862105421,303263.52075494523,0.0,204726.07758379175,0.0,0.0,697084.6563925048,1026216.4845492787,191866.96849072023,8193124.607443418
CW12_B1,CW12,B1,0,W,2024,1026216.4845492787,526922.2079518632,348892.0386824666,0.0,150402.2379149493,0.0,0.0,697084.6563925048,1026216.4845492787,195255.86848817708,8193124.607443418
CW12_B1,CW12,B1,0,W,2025,1026216.4845492787,457239.9757870542,492187.0638495349,0.0,76789.4449126898,0.0,0.0,697084.6563925048,1026216.4845492787,248631.4051309024,8193124.607443419
CW12_B1,CW12,B1,0,W,2026,1026216.4845492787,535994.6035341745,272010.1640601367,0.0,218211.71695496803,0.0,0.0,697084.6563925048,1026216.4845492787,197406.25110018856,8193124.607443419
CW13_B1,CW13,B1,0,W,2020,1000082.2127141018,721299.9799893851,203458.82292345833,0.0,75323.40980125876,0.0,0.0,721299.9799893851,1000082.2127141018,0.0,8264128.091226254
CW13_B1,CW13,B1,0,W,2021,1000082.2127141018,644532.6941881073,59995.87934133492,0.0,295553.6391846601,0.0,0.0,721299.9799893851,1000082.2127141018,113446.30693736357,8264128.091226254
CW13_B1,CW13,B1,0,W,2023,1000082.2127141018,599964.0611197083,199483.40919342043,0.0,200634.7424009734,0.0,0.0,721299.9799893851,1000082.2127141018,150134.99311996158,8264128.091226254
CW13_B1,CW13,B1,0,W,2024,1000082.2127141018,630135.5897451667,202496.01501159673,0.0,167450.60795733877,0.0,0.0,721299.9799893851,1000082.2127141018,141788.4440611895,8264128.091226254
CW13_B1,CW13,B1,0,W,2025,1000082.2127141018,563782.9548753027,342750.38726660056,0.0,93548.87057219862,0.0,0.0,721299.9799893851,1000082.2127141018,184604.0301475674,8264128.091226254
CW13_B1,CW13,B1,0,W,2026,1000082.2127141018,644586.5442572505,152437.97023665486,0.0,203057.69822019685,0.0,0.0,721299.9799893851,1000082.2127141018,138228.8268453261,8264128.091226254
CW13_B1,CW13,B1,0,W,2022,1000082.2127141019,583805.9815974521,234067.14794556866,0.0,182209.0831710815,0.0,0.0,721299.9799893851,1000082.2127141019,154667.95688925346,8264128.091226254
CW14_B1,CW14,B1,0,W,2021,975439.684496232,590252.089464913,61478.1225265503,0.0,323709.47250476934,0.0,0.0,786623.2235885917,975439.684496232,206051.87914826634,7532732.175785024
CW14_B1,CW14,B1,0,W,2020,975439.6844962321,786623.2235885917,158032.02820503386,0.0,30784.4327026068,0.0,0.0,786623.2235885917,975439.6844962321,0.0,7532732.175785024
CW14_B1,CW14,B1,0,W,2022,975439.6844962321,507550.36484910536,308701.0387222888,0.0,159188.2809248382,0.0,0.0,786623.2235885917,975439.6844962321,280948.6886955411,7532732.175785024
CW14_B1,CW14,B1,0,W,2023,975439.6844962321,496465.4666736676,267176.8077961042,0.0,211797.41002646054,0.0,0.0,786623.2235885917,975439.6844962321,293825.7788047342,7532732.175785024
CW14_B1,CW14,B1,0,W,2024,975439.6844962321,548486.4940700155,224141.19355579454,0.0,202811.99687042236,0.0,0.0,786623.2235885917,975439.6844962321,254538.69761271766,7532732.175785024
CW14_B1,CW14,B1,0,W,2025,975439.6844962321,460433.76130463835,453446.8169496426,0.0,61559.106241951755,0.0,0.0,786623.2235885917,975439.6844962321,329743.6565970028,7532732.175785024
CW14_B1,CW14,B1,0,W,2026,975439.6844962321,516984.53069867875,256717.47714789893,0.0,201737.6766496546,0.0,0.0,786623.2235885917,975439.6844962321,283611.9584137263,7532732.175785024
CW15_B1,CW15,B1,0,W,2020,1000323.0094127277,729200.7224121097,171703.62005271166,0.0,99418.66694790707,0.0,0.0,729200.7224121097,1000323.0094127277,0.0,7493606.0075958865
CW15_B1,CW15,B1,0,W,2021,1000323.0094127277,515484.676501196,54932.2744642669,0.0,429906.0584472658,0.0,0.0,729200.7224121098,1000323.0094127277,237563.98391376587,7493606.007595887
CW15_B1,CW15,B1,0,W,2022,1000323.0094127277,389184.12232435675,361837.54793557565,0.0,249301.33915279616,0.0,0.0,729200.7224121097,1000323.0094127277,345051.69645463536,7493606.0075958865
CW15_B1,CW15,B1,0,W,2023,1000323.0094127277,414556.7762493063,371022.27160479984,0.0,214743.9615586225,0.0,0.0,729200.7224121098,1000323.0094127277,326401.42321259744,7493606.007595887
CW15_B1,CW15,B1,0,W,2024,1000323.0094127277,556499.5507688039,236950.558661158,0.0,206872.8999827666,0.0,0.0,729200.7224121097,1000323.0094127277,222287.14608594112,7493606.0075958865
CW15_B1,CW15,B1,0,W,2025,1000323.0094127277,317447.2201029759,626679.6669151448,0.0,56196.122394606646,0.0,0.0,729200.7224121097,1000323.0094127277,417514.53965271596,7493606.0075958865
CW15_B1,CW15,B1,0,W,2026,1000323.0094127277,455733.0534543808,414576.6979920931,0.0,130013.25796625474,0.0,0.0,729200.7224121097,1000323.0094127277,319362.05888184195,7493606.0075958865
CW16_B1,CW16,B1,0,W,2020,1000775.7892551796,710735.4310469386,183955.82556999056,0.0,106084.53263825059,0.0,0.0,710735.4310469386,1000775.7892551796,0.0,7053753.822324334
CW16_B1,CW16,B1,0,W,2022,1000775.7892551796,610937.7009481394,158922.78370313457,0.0,230915.3046039057,0.0,0.0,710735.4310469385,1000775.7892551796,107992.1070366654,7053753.822324333
CW16_B1,CW16,B1,0,W,2023,1000775.7892551796,630470.2982435041,154557.1132517497,0.0,215748.37775992593,0.0,0.0,710735.4310469386,1000775.7892551796,99026.45611970194,7053753.822324334
CW16_B1,CW16,B1,0,W,2024,1000775.7892551796,665027.2792545696,139221.82692754408,0.0,196526.68307306623,0.0,0.0,710735.4310469385,1000775.7892551796,86888.36484805838,7053753.822324333
CW16_B1,CW16,B1,0,W,2025,1000775.7892551796,590503.4749714872,261799.17618845022,0.0,148473.13809524235,0.0,0.0,710735.4310469385,1000775.7892551796,132539.21258640665,7053753.822324333
CW16_B1,CW16,B1,0,W,2026,1000775.7892551796,666155.5044685515,128547.57984735827,0.0,206072.70493926998,0.0,0.0,710735.4310469385,1000775.7892551796,89582.63925000362,7053753.822324333
CW16_B1,CW16,B1,0,W,2021,1000775.7892551797,663886.7235484705,57186.12402149274,0.0,279702.9416852165,0.0,0.0,710735.4310469385,1000775.7892551797,69402.74222720275,7053753.822324333
CW17_B1,CW17,B1,0,W,2020,1000329.8590876863,981075.7257900167,16584.615003937364,0.0,2669.518293732288,0.0,0.0,981075.7257900167,1000329.8590876863,0.0,4939408.132249181
CW17_B1,CW17,B1,0,W,2021,1000329.8590876863,971245.6479417094,4146.549263000488,0.0,24937.66188297646,0.0,0.0,981075.7257900167,1000329.8590876863,21500.02031923182,4939408.132249181
CW17_B1,CW17,B1,0,W,2022,1000329.8590876863,944679.4417689906,28686.31555965648,0.0,26964.101759039186,0.0,0.0,981075.7257900167,1000329.8590876863,46152.08363087972,4939408.132249181
CW17_B1,CW17,B1,0,W,2023,1000329.8590876863,958741.6527391027,15500.260299682617,0.0,26087.94604890113,0.0,0.0,981075.7257900167,1000329.8590876863,34498.81136289111,4939408.132249181
CW17_B1,CW17,B1,0,W,2024,1000329.8590876863,971675.0015931675,2962.591100924623,0.0,25692.26639359418,0.0,0.0,981075.7257900167,1000329.8590876863,22059.10270658007,4939408.132249181
CW17_B1,CW17,B1,0,W,2025,1000329.8590876863,930891.7500088864,53243.38785690607,0.0,16194.72122189391,0.0,0.0,981075.7257900167,1000329.8590876863,58627.67710209267,4939408.132249181
CW17_B1,CW17,B1,0,W,2026,1000329.8590876863,979176.7027098117,3119.4007390340166,0.0,18033.75563884062,0.0,0.0,981075.7257900167,1000329.8590876863,16866.447257846008,4939408.132249181
CW18_B1,CW18,B1,0,W,2020,1001121.6046112658,734365.0987454583,257061.4606103336,0.0,9695.045255474015,0.0,0.0,734365.0987454583,1001121.6046112658,0.0,6492916.702191849
CW18_B1,CW18,B1,0,W,2021,1001121.6046112658,763043.9672239716,46309.85892660104,0.0,191767.77846069334,0.0,0.0,734365.0987454583,1001121.6046112658,99681.80179033466,6492916.702191849
CW18_B1,CW18,B1,0,W,2022,1001121.6046112658,595250.5223385082,286649.31507894484,0.0,119221.76719381296,0.0,0.0,734365.0987454583,1001121.6046112658,183685.11008477304,6492916.702191849
CW18_B1,CW18,B1,0,W,2023,1001121.6046112658,781134.7897441491,82953.86671684115,0.0,137032.94815027574,0.0,0.0,734365.0987454583,1001121.6046112658,90078.62075368843,6492916.702191849
CW18_B1,CW18,B1,0,W,2024,1001121.6046112658,746820.6114986644,123279.20184472777,0.0,131021.7912678737,0.0,0.0,734365.0987454583,1001121.6046112658,111048.71911884383,6492916.702191849
CW18_B1,CW18,B1,0,W,2025,1001121.6046112658,512786.8605584837,455965.2745967192,0.0,32369.469456063063,0.0,0.0,734365.0987454583,1001121.6046112658,242973.8050499112,6492916.702191849
CW18_B1,CW18,B1,0,W,2026,1001121.6046112658,899568.8923076256,44248.914872801535,0.0,57303.797430838786,0.0,0.0,734365.0987454583,1001121.6046112658,35680.91565476959,6492916.702191849
CW19_B1,CW19,B1,0,W,2020,1000352.168781774,703882.6805956372,275636.7387210921,0.0,20832.749465044806,0.0,0.0,703882.6805956372,1000352.168781774,0.0,5506048.356383467
CW19_B1,CW19,B1,0,W,2021,1000352.168781774,654578.657105988,215317.39071083817,0.0,130456.12096494787,0.0,0.0,703882.6805956372,1000352.168781774,106302.14168722116,5506048.356383467
CW19_B1,CW19,B1,0,W,2022,1000352.168781774,578095.0791456036,322720.86742748186,0.0,99536.22220868879,0.0,0.0,703882.6805956372,1000352.168781774,148511.62096910665,5506048.356383467
CW19_B1,CW19,B1,0,W,2023,1000352.168781774,639322.9021475997,277926.7760440004,0.0,83102.49059017407,0.0,0.0,703882.6805956372,1000352.168781774,114361.17756721648,5506048.356383467
CW19_B1,CW19,B1,0,W,2024,1000352.168781774,709036.0943424897,204518.4389086256,0.0,86797.6355306588,0.0,0.0,703882.6805956372,1000352.168781774,73084.72210501877,5506048.356383467
CW19_B1,CW19,B1,0,W,2025,1000352.168781774,606778.5579404942,330365.3517000087,0.0,63208.25914127125,0.0,0.0,703882.6805956372,1000352.168781774,129774.51715749103,5506048.356383467
CW19_B1,CW19,B1,0,W,2026,1000352.168781774,784185.9841059963,132172.75894084258,0.0,83993.4257349351,0.0,0.0,703882.6805956373,1000352.168781774,61764.301540718814,5506048.356383467
CW20_B1,CW20,B1,0,W,2021,1001014.8655908318,458968.1912064796,287319.17868188594,0.0,219080.89737572765,35646.598326739135,0.0,488084.41578710225,952755.2313671332,87077.70012871237,5326359.805873138
CW20_B1,CW20,B1,0,W,2023,1001014.8655908318,525207.9184968837,289447.0177422318,0.0,133131.0406393911,53228.88871232573,0.0,488084.41578710225,952755.2313671332,69211.11386243036,5326359.805873138
CW20_B1,CW20,B1,0,W,2024,1001014.8655908318,561196.4225927914,261488.74444409538,0.0,129146.67613947252,49183.02241447299,0.0,488084.41578710225,952755.2313671332,69782.95819965437,5326359.805873138
CW20_B1,CW20,B1,0,W,2025,1001014.8655908318,452727.03682538203,391297.2163898842,0.0,122602.29919532328,34388.31318024279,0.0,488084.41578710225,952755.2313671332,112327.23742989932,5326359.805873138
CW20_B1,CW20,B1,0,W,2020,1001014.865590832,488084.41578710225,432547.94674915983,0.0,32122.86883087158,48259.63422369863,0.0,488084.41578710225,952755.2313671333,0.0,5326359.805873138
CW20_B1,CW20,B1,0,W,2022,1001014.865590832,415262.01462453214,401694.6148935356,0.0,160359.1389019237,23699.09717084099,0.0,488084.41578710225,952755.2313671333,120034.92355514228,5326359.805873138
CW20_B1,CW20,B1,0,W,2026,1001014.865590832,627379.5185227338,181786.86815329158,0.0,132188.78759783576,59659.69131697112,0.0,488084.41578710225,952755.2313671333,67291.90545127718,5326359.805873138
CW21_B1,CW21,B1,0,W,2020,1000355.5876247031,681021.2088450713,156357.34855678782,0.0,68561.1214923335,94415.90873051067,0.0,681021.2088450713,905939.6788941924,0.0,5403748.3798575
CW21_B1,CW21,B1,0,W,2022,1000355.5876247031,550718.6056190341,156092.34923155542,0.0,236587.6978004605,56956.9349736532,0.0,681021.2088450713,905939.6788941924,148230.4984490189,5403748.379857501
CW21_B1,CW21,B1,0,W,2023,1000355.5876247031,596763.3594792385,102724.31887823367,0.0,202823.87514792048,98044.03411931054,0.0,681021.2088450711,905939.6788941924,122371.94431505392,5403748.3798575
CW21_B1,CW21,B1,0,W,2026,1000355.5876247031,606092.332488894,85046.90992542342,0.0,193993.02392614025,115223.3212842455,0.0,681021.2088450713,905939.6788941924,128645.94580781227,5403748.3798575
CW21_B1,CW21,B1,0,W,2021,1000355.5876247032,575862.1058349608,104560.54201570398,0.0,239039.54081872676,80893.39895531152,0.0,681021.2088450711,905939.6788941926,124068.07971723969,5403748.3798575
CW21_B1,CW21,B1,0,W,2024,1000355.5876247032,605152.1801985198,91722.89695614084,0.0,206162.79808532115,97317.71238472137,0.0,681021.2088450711,905939.6788941926,120626.95333494298,5403748.3798575
CW21_B1,CW21,B1,0,W,2025,1000355.5876247032,580146.0997849408,129040.559290209,0.0,211480.38331565107,79688.54523390232,0.0,681021.2088450711,905939.6788941926,133549.86988354853,5403748.3798575
CW22_B1,CW22,B1,0,W,2020,1000964.2372792562,832502.7093016382,43669.32524901745,0.0,55449.834716378005,69342.36801222259,0.0,832502.7093016382,931621.8692670336,0.0,6202741.083161987
CW22_B1,CW22,B1,0,W,2021,1000964.2372792562,755927.4801438574,38640.8236939075,0.0,144990.44279153863,61405.4906499526,0.0,832502.7093016382,931621.8692670336,79353.15258525773,6202741.083161987
CW22_B1,CW22,B1,0,W,2022,1000964.2372792562,750771.5346403832,52308.16115770527,0.0,140124.59891548904,57759.942565678604,0.0,832502.7093016382,931621.8692670336,85294.65802271225,6202741.083161987
CW22_B1,CW22,B1,0,W,2023,1000964.2372792562,751602.0414674646,42680.862213134766,0.0,109055.00815998152,97626.32543867524,0.0,832502.7093016381,931621.8692670336,86507.6310406853,6202741.083161987
CW22_B1,CW22,B1,0,W,2024,1000964.2372792562,753928.1089020673,37157.198432623176,0.0,116993.44221011888,92885.48773444683,0.0,832502.7093016382,931621.8692670336,104290.59008830949,6202741.083161987
CW22_B1,CW22,B1,0,W,2025,1000964.2372792562,763839.9289911607,33129.48932004443,0.0,127664.12143862854,76330.69752942253,0.0,832502.7093016382,931621.8692670336,95818.61725083893,6202741.083161987
CW22_B1,CW22,B1,0,W,2026,1000964.2372792562,745257.5699436263,46093.72259380864,0.0,109681.05072320675,99931.89401861455,0.0,832502.7093016381,931621.8692670336,99224.88035347134,6202741.083161987
CW23_B1,CW23,B1,0,W,2022,1000958.1335753495,846990.4151113472,34183.7328871783,0.0,87992.71173828724,31791.273838536894,0.0,886794.2116281546,946740.7050763895,53011.20387797637,7243295.984199106
CW23_B1,CW23,B1,0,W,2026,1000958.1335753495,833989.0021569643,46022.122215151314,0.0,19945.670478342097,101001.33872489182,0.0,886794.2116281546,946740.7050763895,62994.65546833113,7243295.984199106
CW23_B1,CW23,B1,0,W,2020,1000958.1335753496,886794.2116281547,35707.97679580988,0.0,24238.51665242513,54217.42849896001,0.0,886794.2116281547,946740.7050763896,0.0,7243295.984199105
CW23_B1,CW23,B1,0,W,2021,1000958.1335753496,854062.0035844689,24190.193371641868,0.0,49385.76403410668,73320.17258513208,0.0,886794.2116281547,946740.7050763896,45269.036774519365,7243295.984199105
CW23_B1,CW23,B1,0,W,2023,1000958.1335753496,870089.1473415301,13987.57494581634,0.0,23373.277671514774,93508.1336164886,0.0,886794.2116281546,946740.7050763896,35196.51575945687,7243295.984199105
CW23_B1,CW23,B1,0,W,2024,1000958.1335753496,876007.7605914248,7574.18097264907,0.0,29857.511435834098,87518.68057544186,0.0,886794.2116281547,946740.7050763896,35346.72988484701,7243295.984199105
CW23_B1,CW23,B1,0,W,2025,1000958.1335753496,836920.9785550586,52044.88907805798,0.0,41261.46647335875,70730.79946887447,0.0,886794.2116281547,946740.7050763896,68434.74970861696,7243295.984199106
CW24_B1,CW24,B1,0,W,2020,1026309.6354520012,809638.7937279497,211341.03726881443,0.0,5329.804455237295,0.0,0.0,809638.7937279497,1026309.6354520012,0.0,6252071.244090749
CW24_B1,CW24,B1,0,W,2021,1026309.6354520012,673884.4930679023,169243.25335184735,0.0,182789.6910284005,392.1980038511987,0.0,809638.7937279497,1026309.6354520012,164528.87104923025,6252071.244090749
CW24_B1,CW24,B1,0,W,2022,1026309.6354520012,655485.1931241205,332998.08824250463,0.0,37826.35408537622,0.0,0.0,809638.7937279497,1026309.6354520012,176866.2876121072,6252071.244090749
CW24_B1,CW24,B1,0,W,2023,1026309.6354520012,881064.8539026298,111096.53397088143,0.0,32695.992102858603,1452.2554756314146,0.0,809638.7937279497,1026309.6354520012,50154.76677374746,6252071.244090749
CW24_B1,CW24,B1,0,W,2024,1026309.6354520012,913986.7429297654,77097.14993854598,0.0,34300.031378891894,925.7112047980811,0.0,809638.7937279497,1026309.6354520012,34713.81671728994,6252071.244090749
CW24_B1,CW24,B1,0,W,2025,1026309.6354520012,656283.8875821582,348475.512322998,0.0,21550.235546845084,0.0,0.0,809638.7937279497,1026309.6354520012,193424.65904532038,6252071.244090749
CW24_B1,CW24,B1,0,W,2026,1026309.6354520012,763761.0301868216,241200.48578431373,0.0,19182.706089154413,2165.4133917116656,0.0,809638.7937279496,1026309.6354520012,111181.95159391515,6252071.244090749
CW25_B1,CW25,B1,0,W,2020,1000474.7595277076,487598.183489332,328369.3708322862,0.0,38075.23441051408,146431.9707955753,0.0,487598.183489332,854042.7887321323,0.0,4943200.58255325
CW25_B1,CW25,B1,0,W,2021,1000474.7595277076,488962.0981611962,223828.84452077828,0.0,143444.3727828082,144239.44406292483,0.0,487598.183489332,854042.7887321323,68053.5582573685,4943200.582553251
CW25_B1,CW25,B1,0,W,2022,1000474.7595277076,429562.1019576727,328635.0201510261,0.0,150367.72532438388,91909.91209462486,0.0,487598.183489332,854042.7887321323,89673.0180926753,4943200.58255325
CW25_B1,CW25,B1,0,W,2023,1000474.7595277076,514617.36716826196,235122.10460226022,0.0,80340.76902630375,170394.51873088162,0.0,487598.183489332,854042.7887321323,64240.75497445499,4943200.582553251
CW25_B1,CW25,B1,0,W,2024,1000474.7595277076,562503.4194340724,191392.29997726146,0.0,81952.52991066726,164626.5102057064,0.0,487598.183489332,854042.7887321323,58134.72850964116,4943200.58255325
CW25_B1,CW25,B1,0,W,2025,1000474.7595277076,507709.450530946,253011.60480924122,0.0,90921.2771554685,148832.4270320518,0.0,487598.183489332,854042.7887321323,64647.69296255672,4943200.582553251
CW25_B1,CW25,B1,0,W,2026,1000474.7595277076,564753.9006603466,192397.07702696556,0.0,74426.82430153641,168896.95753885905,0.0,487598.183489332,854042.7887321323,66020.52597605388,4943200.58255325
CW26_B1,CW26,B1,0,W,2026,976114.572074501,404403.28712089383,148246.67619003597,0.0,69628.35917053223,353836.24959303916,0.0,375237.2024044262,662292.6096799367,52764.38948489918,4616193.984305976
CW26_B1,CW26,B1,0,W,2020,976114.5720745011,375237.2024044262,246312.98201479446,0.0,40742.42526071586,313821.96239456476,0.0,375237.2024044262,662292.6096799367,0.0,4616193.984305977
CW26_B1,CW26,B1,0,W,2021,976114.5720745011,344648.6115389056,236732.50772755942,0.0,92657.84353742411,302075.6092706119,0.0,375237.2024044262,662292.6096799367,48092.870447106456,4616193.984305977
CW26_B1,CW26,B1,0,W,2022,976114.5720745011,336887.0553298949,256757.6451053993,0.0,124456.28855587827,258013.5830833285,0.0,375237.2024044262,662292.6096799367,54143.14649825751,4616193.984305977
CW26_B1,CW26,B1,0,W,2023,976114.5720745011,338478.31148538017,232832.49164647123,0.0,72592.5147907631,332211.25415188656,0.0,375237.2024044262,662292.6096799367,56166.109799643134,4616193.984305977
CW26_B1,CW26,B1,0,W,2024,976114.5720745011,372215.46258538926,195007.9787657195,0.0,73640.94670090021,335250.18402249203,0.0,375237.2024044262,662292.6096799367,48233.78736715878,4616193.984305977
CW26_B1,CW26,B1,0,W,2025,976114.5720745011,369868.8020222682,198018.60762631285,0.0,82171.82382938161,326055.33859653847,0.0,375237.2024044262,662292.6096799367,47347.95848921234,4616193.984305977
CW27_B1,CW27,B1,0,W,2020,1026117.9459651872,503452.91418522864,280336.10711134365,0.0,28293.435955541267,214035.4887130737,0.0,503452.91418522864,812082.4572521136,0.0,5862967.775797795
CW27_B1,CW27,B1,0,W,2021,1026117.9459651872,513707.87285293883,252889.0205754598,0.0,59845.69037628176,199675.3621605069,0.0,503452.91418522864,812082.4572521136,21650.429256843116,5862967.775797795
CW27_B1,CW27,B1,0,W,2023,1026117.9459651872,474264.27987108426,265478.5048554065,0.0,67381.63815448237,218993.5230842141,0.0,503452.91418522864,812082.4572521136,44801.20015964881,5862967.775797795
CW27_B1,CW27,B1,0,W,2024,1026117.9459651872,521714.1057933435,221474.88857535567,0.0,63929.62846922032,218999.32312726782,0.0,503452.91418522864,812082.4572521136,33900.468705031446,5862967.775797795
CW27_B1,CW27,B1,0,W,2025,1026117.9459651872,514314.12727463676,236974.4582858815,0.0,61465.672407681326,213363.68799698772,0.0,503452.91418522864,812082.4572521136,37897.615390463434,5862967.775797795
CW27_B1,CW27,B1,0,W,2022,1026117.9459651873,491611.36291898857,283027.4302122528,0.0,68236.74413541908,183242.40869852703,0.0,503452.91418522864,812082.4572521136,32936.03105396944,5862967.775797795
CW27_B1,CW27,B1,0,W,2026,1026117.9459651873,569269.2875318939,171841.37747742893,0.0,62248.145790848066,222759.1351650163,0.0,503452.91418522864,812082.4572521136,34614.77502788468,5862967.775797795
CW28_B1,CW28,B1,0,W,2020,975915.58407536,701781.3840832284,138108.265843081,0.0,4738.971343994141,131286.9628050561,0.0,701781.3840832284,844628.6212703038,0.0,6825639.519131289
CW28_B1,CW28,B1,0,W,2022,975915.58407536,683405.5825814945,164046.34694710528,0.0,12701.887284671559,115761.76726208854,0.0,701781.3840832284,844628.6212703038,22763.94007278143,6825639.519131289
CW28_B1,CW28,B1,0,W,2025,975915.58407536,625354.9670554373,216852.36169418634,0.0,15861.181141393325,117847.07418434293,0.0,701781.3840832284,844628.6212703038,94157.47408928964,6825639.519131289
CW28_B1,CW28,B1,0,W,2021,975915.5840753601,692331.0083593935,159400.69980091768,0.0,8621.115301842783,115562.76061320584,0.0,701781.3840832284,844628.6212703038,13588.421278590782,6825639.519131289
CW28_B1,CW28,B1,0,W,2023,975915.5840753601,686947.381554189,149225.10408980426,0.0,16848.46645489861,122894.63197646795,0.0,701781.3840832284,844628.6212703038,22529.317722425272,6825639.519131288
CW28_B1,CW28,B1,0,W,2024,975915.5840753601,714806.3450647697,122430.4675224753,0.0,14019.411102294922,124659.36038581996,0.0,701781.3840832284,844628.6212703038,12376.239150432511,6825639.519131289
CW28_B1,CW28,B1,0,W,2026,975915.5840753601,576252.6934402764,249440.68032193658,0.0,24773.019894977646,125449.1904181686,0.0,701781.3840832284,844628.6212703038,141956.94231845633,6825639.519131289
CW29_B1,CW29,B1,0,W,2020,1025735.540144797,542080.1809218763,197929.3204895319,0.0,78347.52628867954,207378.51244470937,0.0,542080.1809218763,818357.0277000876,0.0,6638447.760986324
CW29_B1,CW29,B1,0,W,2021,1025735.540144797,555969.3139593686,179031.4274133122,0.0,138885.25060936424,151849.54816275206,0.0,542080.1809218763,818357.0277000876,20732.06151425231,6638447.760986324
CW29_B1,CW29,B1,0,W,2022,1025735.540144797,523093.45567073463,208838.95071728283,0.0,135610.5827050602,158192.55105171952,0.0,542080.1809218763,818357.0277000878,34771.11764523375,6638447.760986325
CW29_B1,CW29,B1,0,W,2023,1025735.540144797,510125.6739510931,213198.3955669329,0.0,139247.26207284367,163164.20855392757,0.0,542080.1809218763,818357.0277000878,40460.17047068277,6638447.760986325
CW29_B1,CW29,B1,0,W,2024,1025735.540144797,583192.8409868728,141107.2773124246,0.0,89738.43927357992,211696.9825719198,0.0,542080.1809218763,818357.0277000878,19868.73186385211,6638447.760986325
CW29_B1,CW29,B1,0,W,2025,1025735.540144797,462619.0756064323,261264.4358469944,0.0,114813.04515859569,187038.9835327747,0.0,542080.1809218763,818357.0277000878,134878.1223124485,6638447.760986325
CW29_B1,CW29,B1,0,W,2026,1025735.540144797,452776.73747340176,258873.42008292995,0.0,96102.68206410126,217982.7005243638,0.0,542080.1809218763,818357.0277000878,106309.72442067464,6638447.760986325
CW30_B1,CW30,B1,0,W,2020,974974.8204495901,307491.62873256905,198715.5063907399,0.0,103945.39968602799,364822.28564025264,0.0,307491.62873256905,610152.534809337,0.0,5339649.625079555
CW30_B1,CW30,B1,0,W,2021,974974.8204495901,305621.1541349523,180176.16017159852,0.0,246589.1283210904,242588.3778219485,0.0,307491.62873256905,610152.534809337,26350.289437297743,5339649.625079555
CW30_B1,CW30,B1,0,W,2022,974974.8204495901,285669.61890471214,192290.5764701993,0.0,259929.74669060798,237084.8783840703,0.0,307491.62873256905,610152.534809337,35688.79749603271,5339649.625079555
CW30_B1,CW30,B1,0,W,2023,974974.8204495901,263796.095600921,193418.34312029072,0.0,270201.47329436656,247558.90843401142,0.0,307491.62873256905,610152.5348093369,56699.6858862185,5339649.625079556
CW30_B1,CW30,B1,0,W,2024,974974.8204495901,306818.14778849285,160159.5322063371,0.0,188174.74656530644,319822.3938894533,0.0,307491.62873256905,610152.534809337,46514.85089578068,5339649.625079555
CW30_B1,CW30,B1,0,W,2025,974974.8204495901,306197.06485191785,174541.68767583513,0.0,195519.29832467472,298716.769597162,0.0,307491.62873256905,610152.534809337,46145.51538705265,5339649.625079555
CW30_B1,CW30,B1,0,W,2026,974974.8204495901,275620.65354036813,188721.51877812407,0.0,175647.88096732344,334984.76716377406,0.0,307491.62873256905,610152.534809337,67461.73904870724,5339649.625079555
CW31_B1,CW31,B1,0,W,2020,1000529.347753488,350455.94007873535,167696.22044683713,0.0,146156.89148888685,336220.2957390279,0.0,350455.94007873535,664309.0520144594,0.0,6343967.989739392
CW31_B1,CW31,B1,0,W,2021,1000529.347753488,323247.27202519437,156678.67504903756,0.0,250663.73927453737,269939.661404718,0.0,350455.94007873535,664309.0520144594,41495.162715507955,6343967.989739392
CW31_B1,CW31,B1,0,W,2022,1000529.347753488,309627.07040704467,172477.8757117178,0.0,257289.69531848386,261134.70631624098,0.0,350455.94007873535,664309.0520144594,51496.507394439104,6343967.989739392
CW31_B1,CW31,B1,0,W,2023,1000529.347753488,293099.62352638994,162206.57048558252,0.0,252025.07702834185,293198.0767131729,0.0,350455.9400787354,664309.0520144594,65318.4272294886,6343967.989739392
CW31_B1,CW31,B1,0,W,2024,1000529.347753488,313894.42378189985,147761.35807408352,0.0,237601.08670459827,301272.47919290565,0.0,350455.94007873535,664309.0520144594,57638.950381409886,6343967.989739392
CW31_B1,CW31,B1,0,W,2025,1000529.347753488,302014.5314542883,159348.10151708263,0.0,218461.02862997615,320705.68615214014,0.0,350455.94007873535,664309.0520144594,64824.812002743,6343967.989739392
CW31_B1,CW31,B1,0,W,2026,1000529.347753488,318841.29668088426,135802.44439634433,0.0,221708.2433563532,324177.3633199055,0.0,350455.94007873535,664309.0520144594,59394.75719317268,6343967.989739392
CW32_B1,CW32,B1,0,W,2022,1026230.5960611971,459142.5226971494,353526.2831733853,0.0,67852.88606070724,145708.90412995583,0.0,444877.5506716858,868029.6042235723,40571.80001370299,7403828.296792965
CW32_B1,CW32,B1,0,W,2023,1026230.5960611971,419666.57354090066,365613.40871623915,0.0,77551.51488052068,163399.09892353733,0.0,444877.5506716858,868029.6042235723,59761.81147218592,7403828.296792965
CW32_B1,CW32,B1,0,W,2024,1026230.5960611971,524419.8432065176,263024.79309997556,0.0,75583.91330985275,163202.04644485176,0.0,444877.5506716858,868029.6042235723,44743.20053875493,7403828.296792965
CW32_B1,CW32,B1,0,W,2025,1026230.5960611971,482935.90890652506,308824.0968643488,0.0,71755.18865823185,162715.40163209208,0.0,444877.5506716858,868029.6042235723,56697.80856430951,7403828.296792965
CW32_B1,CW32,B1,0,W,2026,1026230.5960611971,540951.3147261073,240365.55244101732,0.0,70302.93074882358,174610.7981452493,0.0,444877.5506716858,868029.6042235723,42690.79866327024,7403828.296792965
CW32_B1,CW32,B1,0,W,2020,1026230.5960611972,444877.5506716858,395486.9256203445,0.0,27665.12793154249,158200.99183762493,0.0,444877.5506716858,868029.6042235723,0.0,7403828.296792964
CW32_B1,CW32,B1,0,W,2021,1026230.5960611972,458746.22581742215,361368.6140014349,0.0,51721.486499202954,154394.26974313773,0.0,444877.5506716858,868029.6042235723,28312.064011846807,7403828.296792964
CW33_B1,CW33,B1,0,W,2021,1000400.0759090647,210618.20222356456,351599.48259166646,0.0,231378.08925859042,206804.3018352434,0.0,225880.6480886422,760242.0222772036,55447.957705808156,6697438.2448083
CW33_B1,CW33,B1,0,W,2023,1000400.0759090647,165328.59674862132,381313.2352196189,0.0,227221.0088261324,226537.23511469224,0.0,225880.6480886422,760242.0222772036,80132.99017818675,6697438.2448083
CW33_B1,CW33,B1,0,W,2024,1000400.0759090647,274515.75911437394,285202.33550830913,0.0,203647.8841612573,237034.09712512448,0.0,225880.6480886422,760242.0222772036,64817.05243234073,6697438.2448083
CW33_B1,CW33,B1,0,W,2025,1000400.0759090647,232503.72520805808,342002.9758416269,0.0,175555.3353296916,250338.03952968822,0.0,225880.6480886422,760242.0222772036,80690.18497329412,6697438.2448083
CW33_B1,CW33,B1,0,W,2020,1000400.0759090648,225880.6480886422,391124.1568273507,0.0,143237.21736121087,240158.05363186105,0.0,225880.6480886422,760242.0222772037,0.0,6697438.2448083
CW33_B1,CW33,B1,0,W,2022,1000400.0759090648,197965.48758865055,378721.4527863745,0.0,239171.6720230103,184541.46351102943,0.0,225880.6480886422,760242.0222772036,76602.02972433052,6697438.2448083
CW33_B1,CW33,B1,0,W,2026,1000400.0759090648,248607.90295323392,308745.7232416489,0.0,183601.48863627118,259444.9610779108,0.0,225880.6480886422,760242.0222772037,65029.18610863779,6697438.2448083
CW34_B1,CW34,B1,0,W,2021,1000348.4149673462,151711.6550255869,188202.61935421813,0.0,289361.5871886608,371072.5533988803,0.0,211049.1242983949,558630.0629013062,71463.14821190927,5514393.009491265
CW34_B1,CW34,B1,0,W,2022,1000348.4149673462,135816.5132943247,211428.43218994138,0.0,260811.38991833857,392292.0795647415,0.0,211049.1242983949,558630.0629013062,82915.55608697032,5514393.009491265
CW34_B1,CW34,B1,0,W,2023,1000348.4149673462,143590.82417737175,187525.3781154857,0.0,253430.89208460785,415801.3205898808,0.0,211049.1242983949,558630.0629013062,78497.98546881582,5514393.009491265
CW34_B1,CW34,B1,0,W,2026,1000348.4149673462,178920.32916490143,164821.42813729678,0.0,197073.52457451914,459533.1330906288,0.0,211049.1242983949,558630.0629013061,63290.380095238776,5514393.009491265
CW34_B1,CW34,B1,0,W,2020,1000348.4149673464,211049.1242983949,195349.6306893442,0.0,152231.30791356706,441718.35206604004,0.0,211049.1242983949,558630.0629013061,0.0,5514393.009491265
CW34_B1,CW34,B1,0,W,2024,1000348.4149673464,159496.851059678,172584.16603734632,0.0,222587.58101157396,445679.81685874786,0.0,211049.1242983949,558630.0629013061,73592.56330704034,5514393.009491265
CW34_B1,CW34,B1,0,W,2025,1000348.4149673464,146341.21914212094,211345.96635610543,0.0,202236.32556065577,440424.903908464,0.0,211049.1242983949,558630.0629013061,80980.13470114913,5514393.009491265
CW35_B1,CW35,B1,0,W,2021,1000541.0606265794,163841.25590580955,195610.35583744422,0.0,241860.8336083805,399228.61527494545,0.0,222565.37743111397,488450.60443812347,58921.57664920582,4594714.3521134015
CW35_B1,CW35,B1,0,W,2023,1000541.0606265794,140493.88315444643,179825.74848363537,0.0,197392.73984150606,482828.6891469919,0.0,222565.37743111397,488450.60443812347,82861.3177858839,4594714.3521134015
CW35_B1,CW35,B1,0,W,2020,1000541.0606265796,222565.37743111397,166687.92994369805,0.0,99197.29706331142,512090.4561884562,0.0,222565.37743111397,488450.6044381235,0.0,4594714.3521134015
CW35_B1,CW35,B1,0,W,2022,1000541.0606265796,150447.5713882446,194025.60792876597,0.0,190060.50632069906,466007.37498887005,0.0,222565.37743111397,488450.60443812347,73006.35862465654,4594714.3521134015
CW35_B1,CW35,B1,0,W,2024,1000541.0606265796,153696.35319605807,159109.09377190084,0.0,176581.36413535324,511154.24952326756,0.0,222565.37743111397,488450.6044381235,72480.15140997195,4594714.3521134015
CW35_B1,CW35,B1,0,W,2025,1000541.0606265796,133612.7331888236,196783.33172885672,0.0,141804.72496631098,528340.2707425884,0.0,222565.37743111397,488450.6044381235,89939.92123508829,4594714.3521134015
CW35_B1,CW35,B1,0,W,2026,1000541.0606265796,159054.0060305726,166912.08528983922,0.0,158378.9940784529,516195.97522771504,0.0,222565.37743111397,488450.6044381235,69058.73420724308,4594714.3521134015
CW36_B1,CW36,B1,0,W,2020,1000651.9936576093,188213.76688702154,355744.9667977127,0.0,219853.18085437847,236840.0791184967,0.0,188213.76688702154,763811.9145391126,0.0,6761412.747816019
CW36_B1,CW36,B1,0,W,2021,1000651.9936576093,119400.56451778038,308399.6452470966,0.0,369412.7539412255,203439.02995150693,0.0,188213.76688702154,763811.9145391126,84708.29849961225,6761412.747816019
CW36_B1,CW36,B1,0,W,2022,1000651.9936576093,112196.13430349313,361218.10522362206,0.0,322764.5326673919,204473.2214631024,0.0,188213.76688702154,763811.9145391126,90135.63485708798,6761412.747816019
CW36_B1,CW36,B1,0,W,2023,1000651.9936576093,116231.98007348752,326617.70052786433,0.0,326058.90272656607,231743.41032969154,0.0,188213.76688702154,763811.9145391126,95577.62242297005,6761412.747816019
CW36_B1,CW36,B1,0,W,2024,1000651.9936576093,191405.09306149947,244769.83355910354,0.0,316491.5694836186,247985.49755338777,0.0,188213.76688702154,763811.9145391126,72959.32095217238,6761412.747816019
CW36_B1,CW36,B1,0,W,2025,1000651.9936576093,125882.86245386461,345842.21711874567,0.0,285020.99923580396,243905.91484919525,0.0,188213.76688702154,763811.9145391126,90320.2977600397,6761412.747816019
CW36_B1,CW36,B1,0,W,2026,1000651.9936576093,193374.26211643594,256495.9428451239,0.0,301964.22370776004,248817.56498828958,0.0,188213.76688702154,763811.9145391126,85681.6075724583,6761412.747816019
CW37_B1,CW37,B1,0,W,2020,975831.2530564849,47088.70725797765,185736.37375922105,0.0,547715.6871911741,195290.48484811222,0.0,47088.70725797765,780540.7682083728,0.0,6064536.834005198
CW37_B1,CW37,B1,0,W,2025,975831.2530564849,42714.41767670874,221255.08394084257,0.0,492326.8509367699,219534.90050216377,0.0,47088.70725797765,780540.7682083728,12527.23210586847,6064536.834005198
CW37_B1,CW37,B1,0,W,2021,975831.253056485,40784.81496713676,185224.9390183991,0.0,558340.348771847,191481.15029910218,0.0,47088.70725797765,780540.7682083728,8500.66974029541,6064536.834005199
CW37_B1,CW37,B1,0,W,2022,975831.253056485,34153.41783922981,330750.21453127393,0.0,423978.6801728491,186948.94051313214,0.0,47088.70725797765,780540.7682083726,13648.835048780255,6064536.834005199
CW37_B1,CW37,B1,0,W,2023,975831.253056485,38335.57395902148,276912.52859144023,0.0,457786.5604951746,202796.5900108487,0.0,47088.70725797765,780540.7682083728,12231.043789523255,6064536.834005199
CW37_B1,CW37,B1,0,W,2024,975831.253056485,44304.53188937318,209847.1138378667,0.0,520564.1107623829,201115.49656686225,0.0,47088.70725797765,780540.7682083728,11145.037159579408,6064536.834005199
CW37_B1,CW37,B1,0,W,2026,975831.253056485,49847.61873303582,252308.4391391231,0.0,463942.1190342025,209733.07615012376,0.0,47088.70725797765,780540.7682083726,8183.197147982728,6064536.834005199
CW38_B1,CW38,B1,0,W,2020,1025786.559862683,145124.67663858453,205440.39811138075,0.0,440458.31825854734,234763.16685417027,0.0,145124.67663858453,791023.3930085127,0.0,7238774.628473138
CW38_B1,CW38,B1,0,W,2021,1025786.559862683,128664.62410200533,218189.53572028666,0.0,455488.1479490093,223444.25209138158,0.0,145124.67663858453,791023.3930085127,30516.08275481579,7238774.628473138
CW38_B1,CW38,B1,0,W,2022,1025786.559862683,115269.10267001885,258331.70442615583,0.0,431649.13680644333,220536.61596006504,0.0,145124.67663858453,791023.3930085127,41751.61571721094,7238774.628473138
CW38_B1,CW38,B1,0,W,2023,1025786.559862683,124784.47201702645,200994.26548524742,0.0,463460.60684940114,236547.21551100785,0.0,145124.67663858453,791023.3930085127,39196.707776776464,7238774.628473138
CW38_B1,CW38,B1,0,W,2024,1025786.559862683,138779.38421430404,280721.0966085397,0.0,374182.76477296115,232103.314266878,0.0,145124.67663858453,791023.3930085127,33614.54901616713,7238774.628473138
CW38_B1,CW38,B1,0,W,2025,1025786.559862683,128666.9222442627,280418.3874010273,0.0,384061.7094588635,232639.54075852936,0.0,145124.67663858453,791023.3930085127,38748.40614812514,7238774.628473138
CW38_B1,CW38,B1,0,W,2026,1025786.559862683,150507.76884415574,226825.24920528638,0.0,416251.4991375493,232202.04267569148,0.0,145124.67663858453,791023.3930085127,29972.894738051466,7238774.628473138
CW39_B1,CW39,B1,0,W,2020,1000925.1636586208,306552.1933700861,375671.5889594882,0.0,81191.3912394804,237509.99008956613,0.0,306552.1933700861,763415.1735690547,0.0,6592009.965541465
CW39_B1,CW39,B1,0,W,2021,1000925.1636586208,266685.5172544592,374252.76857799455,0.0,132514.2561978508,227472.62162831626,0.0,306552.1933700861,763415.1735690547,56375.3939216165,6592009.965541465
CW39_B1,CW39,B1,0,W,2022,1000925.1636586208,274429.94917560654,366478.13884860766,0.0,132588.97923709644,227428.09639731015,0.0,306552.1933700861,763415.1735690547,69313.33830856624,6592009.965541465
CW39_B1,CW39,B1,0,W,2023,1000925.1636586208,299958.85134432925,334929.504821897,0.0,126266.52131733614,239770.2861750584,0.0,306552.1933700861,763415.1735690547,65975.59630156873,6592009.965541465
CW39_B1,CW39,B1,0,W,2024,1000925.1636586208,364677.94644144096,268835.94585616165,0.0,126949.88778910917,240461.38357190898,0.0,306552.1933700861,763415.1735690547,55810.93026353425,6592009.965541465
CW39_B1,CW39,B1,0,W,2025,1000925.1636586208,318519.17739120184,334050.70654572133,0.0,108881.17824665144,239474.1014750462,0.0,306552.1933700861,763415.1735690547,61268.450679584574,6592009.965541466
CW39_B1,CW39,B1,0,W,2026,1000925.1636586208,406836.4023295683,229254.4538120943,0.0,120418.76326389686,244415.54425306132,0.0,306552.1933700861,763415.1735690547,48929.46059070663,6592009.965541465
CW40_B1,CW40,B1,0,W,2020,1001049.2599067537,405769.80077837774,320471.85411203426,0.0,43305.84151033887,231501.763506003,0.0,405769.80077837774,769547.4964007507,0.0,6024569.436687996
CW40_B1,CW40,B1,0,W,2021,1001049.2599067537,308928.45708232204,322788.39333397365,0.0,153354.2017743877,215978.20771607044,0.0,405769.8007783778,769547.4964007507,110142.01301311419,6024569.436687996
CW40_B1,CW40,B1,0,W,2022,1001049.2599067537,354872.2477624931,305381.07492642873,0.0,116061.11948867497,224734.8177291571,0.0,405769.8007783778,769547.4964007507,95558.26049834609,6024569.436687996
CW40_B1,CW40,B1,0,W,2023,1001049.2599067537,348670.6361186308,316445.8195325964,0.0,100641.81537930357,235290.98887622313,0.0,405769.8007783778,769547.4964007507,103572.60526152968,6024569.436687996
CW40_B1,CW40,B1,0,W,2024,1001049.2599067537,461597.7299524944,190373.63896666883,0.0,115004.9366727941,234072.95431479663,0.0,405769.80077837774,769547.4964007507,74878.93170378443,6024569.436687996
CW40_B1,CW40,B1,0,W,2025,1001049.2599067537,373205.751246314,296179.60322289565,0.0,91765.98944519644,239897.9159923479,0.0,405769.8007783778,769547.4964007507,95326.34231722963,6024569.436687996
CW40_B1,CW40,B1,0,W,2026,1001049.2599067537,451844.27090681484,213427.0672484454,0.0,98715.2457480038,237062.6760034898,0.0,405769.8007783778,769547.4964007507,79091.27404135911,6024569.436687996
CW41_B1,CW41,B1,0,W,2024,1001411.4649731505,427526.4300324085,220234.4642810896,0.0,114949.91749432133,238700.65316533105,0.0,368340.853079104,767581.7863994525,68600.8810752719,7268951.580721865
CW41_B1,CW41,B1,0,W,2020,1001411.4649731506,368340.853079104,352022.3489019057,0.0,47218.58441844267,233829.67857369815,0.0,368340.853079104,767581.7863994525,0.0,7268951.580721865
CW41_B1,CW41,B1,0,W,2021,1001411.4649731506,324834.4826112037,317345.55748940265,0.0,138595.694810785,220635.73006175918,0.0,368340.853079104,767581.7863994525,75766.55978058459,7268951.580721865
CW41_B1,CW41,B1,0,W,2022,1001411.4649731506,329794.0929712632,326693.23033189966,0.0,115965.43602746702,228958.70564252068,0.0,368340.853079104,767581.7863994525,79069.8510273952,7268951.580721865
CW41_B1,CW41,B1,0,W,2023,1001411.4649731506,325350.2666760613,331979.081699147,0.0,109298.45232199875,234783.66427594353,0.0,368340.853079104,767581.7863994525,87658.30312386308,7268951.580721865
CW41_B1,CW41,B1,0,W,2025,1001411.4649731506,302231.0558634142,359569.23599467555,0.0,96763.93977242263,242847.23334263818,0.0,368340.853079104,767581.7863994525,96582.84517211915,7268951.580721865
CW41_B1,CW41,B1,0,W,2026,1001411.4649731506,416831.02726332727,239900.90891068408,0.0,107562.00969779817,237117.51910134108,0.0,368340.853079104,767581.7863994525,69211.03944040935,7268951.580721865
CW42_B1,CW42,B1,0,W,2020,975051.0330575081,545965.4348708506,186934.3046371161,0.0,15580.012852717382,226571.28069682402,0.0,545965.4348708506,748479.7523606842,0.0,7875416.356482172
CW42_B1,CW42,B1,0,W,2021,975051.0330575081,516349.8263919305,190315.86609018367,0.0,52476.69089816224,215908.64967723173,0.0,545965.4348708506,748479.7523606842,38348.90667296765,7875416.356482172
CW42_B1,CW42,B1,0,W,2022,975051.0330575081,532865.9306638229,174663.52863766538,0.0,50883.88490008186,216637.6888559379,0.0,545965.4348708506,748479.7523606842,35448.66049879485,7875416.356482172
CW42_B1,CW42,B1,0,W,2023,975051.0330575081,527013.1551070567,171335.36535913806,0.0,51080.56922640333,225621.94336491005,0.0,545965.4348708506,748479.7523606842,38493.32507315243,7875416.356482172
CW42_B1,CW42,B1,0,W,2024,975051.0330575081,549250.047639106,142320.69972297817,0.0,52821.66306328868,230658.6226321351,0.0,545965.4348708506,748479.7523606842,35943.447607272275,7875416.356482172
CW42_B1,CW42,B1,0,W,2025,975051.0330575081,510266.2991534662,181881.70039065494,0.0,47308.008781642544,235595.0247317445,0.0,545965.4348708506,748479.7523606842,44158.32956378414,7875416.356482172
CW42_B1,CW42,B1,0,W,2026,975051.0330575081,535579.2666602638,159632.02185291966,0.0,48914.74999446496,230924.99454985972,0.0,545965.4348708506,748479.7523606842,46008.54814034256,7875416.356482172
CW43_B1,CW43,B1,0,W,2020,1001028.5918924073,383740.5692437864,164408.99834507957,0.0,42451.991455646596,410427.0328478945,0.0,383740.5692437864,590601.5590445128,0.0,4908971.910912786
CW43_B1,CW43,B1,0,W,2021,1001028.5918924073,360162.09395994304,165498.9468354468,0.0,90178.36439370547,385189.18670331175,0.0,383740.5692437864,590601.5590445128,32601.382359672993,4908971.910912786
CW43_B1,CW43,B1,0,W,2022,1001028.5918924073,359548.0484942866,169417.84808729577,0.0,92703.80584725772,379358.8894635669,0.0,383740.5692437864,590601.5590445128,33698.227195949185,4908971.910912786
CW43_B1,CW43,B1,0,W,2023,1001028.5918924073,357098.8396744373,150620.04080167282,0.0,70372.56147721234,422937.14993908454,0.0,383740.5692437864,590601.5590445128,36719.281721496576,4908971.910912786
CW43_B1,CW43,B1,0,W,2024,1001028.5918924073,362571.44753157673,147600.9212046305,0.0,81899.23828020283,408956.98487599695,0.0,383740.5692437864,590601.5590445128,35040.91174926757,4908971.910912786
CW43_B1,CW43,B1,0,W,2025,1001028.5918924073,346639.1512601367,171022.17703698843,0.0,69449.11953531901,413918.14405996294,0.0,383740.5692437864,590601.5590445128,45813.04937367159,4908971.910912786
CW43_B1,CW43,B1,0,W,2026,1001028.5918924073,356513.06115770526,161970.64381728822,0.0,61814.6051468793,420730.2817705342,0.0,383740.5692437864,590601.5590445128,40051.23307378432,4908971.910912786
CW44_B1,CW44,B1,0,W,2020,1000787.2560100483,357399.69941585755,202807.01916345337,0.0,50959.888810580385,389620.64862015663,0.0,357399.69941585755,611166.6073898916,0.0,4969541.384907801
CW44_B1,CW44,B1,0,W,2022,1000787.2560100483,349240.5593541462,197627.15557436482,0.0,76133.02732059253,377786.51376094436,0.0,357399.69941585755,611166.6073898916,25615.303741963704,4969541.384907801
CW44_B1,CW44,B1,0,W,2024,1000787.2560100483,356542.1172763898,179706.7441040039,0.0,78777.78466464773,385760.6099650065,0.0,357399.69941585755,611166.6073898916,33465.5048262353,4969541.384907801
CW44_B1,CW44,B1,0,W,2025,1000787.2560100483,326500.6966166776,214770.0873320636,0.0,60526.398976793476,398990.0730845133,0.0,357399.69941585755,611166.6073898916,49824.851077450025,4969541.384907801
CW44_B1,CW44,B1,0,W,2021,1000787.2560100484,344710.30066250067,198798.76479216933,0.0,74544.52056235519,382733.6699930228,0.0,357399.69941585755,611166.6073898916,25635.067883540134,4969541.384907801
CW44_B1,CW44,B1,0,W,2023,1000787.2560100484,350551.49264334876,175244.59107262112,0.0,67135.35839508654,407855.8138989917,0.0,357399.69941585755,611166.6073898916,25449.992507605457,4969541.384907801
CW44_B1,CW44,B1,0,W,2026,1000787.2560100484,352047.0998946545,179671.87865848915,0.0,62581.49200158212,406486.7854553223,0.0,357399.69941585755,611166.6073898916,36433.53514733408,4969541.384907801
CW45_B1,CW45,B1,0,W,2020,1000450.4354153803,437576.94535734906,336570.67060208786,0.0,38104.94052231733,188197.87893362605,0.0,437576.94535734906,812252.5564817543,0.0,5989704.176403273
CW45_B1,CW45,B1,0,W,2021,1000450.4354153803,433437.2668475582,317501.3053995169,0.0,60962.42945706237,188549.4337112427,0.0,437576.94535734906,812252.5564817543,35108.592108423574,5989704.176403273
CW45_B1,CW45,B1,0,W,2022,1000450.4354153803,465172.05860428174,298220.88857302204,0.0,48930.453783910416,188127.03445416616,0.0,437576.94535734906,812252.5564817543,34118.9950364356,5989704.176403273
CW45_B1,CW45,B1,0,W,2023,1000450.4354153803,459997.2126722749,277633.2327196906,0.0,62653.18880618227,200166.8012172325,0.0,437576.94535734906,812252.5564817543,36411.78920437682,5989704.176403273
CW45_B1,CW45,B1,0,W,2024,1000450.4354153803,496022.6095792287,238310.75287334964,0.0,70019.00571636125,196098.0672464408,0.0,437576.9453573491,812252.5564817543,32919.94466005214,5989704.176403273
CW45_B1,CW45,B1,0,W,2025,1000450.4354153803,419980.5881098131,327960.129072182,0.0,49943.62430590461,202566.09392748066,0.0,437576.9453573491,812252.5564817543,56840.95299084234,5989704.176403273
CW45_B1,CW45,B1,0,W,2026,1000450.4354153803,508402.63676237245,227260.64936936324,0.0,59858.942502160164,204928.20678148456,0.0,437576.94535734906,812252.5564817543,36247.632382980046,5989704.176403273
CW46_B1,CW46,B1,0,W,2020,1000943.6792221068,226943.43272899554,266040.63762566063,0.0,84938.87945125805,423020.72941619274,0.0,226943.43272899554,577922.9498059141,0.0,4017974.611293927
CW46_B1,CW46,B1,0,W,2021,1000943.6792221068,212412.28615917132,256241.88957055783,0.0,125569.57747389849,406719.9260184793,0.0,226943.43272899554,577922.9498059141,22284.905703645592,4017974.6112939273
CW46_B1,CW46,B1,0,W,2022,1000943.6792221068,216397.00316416426,273571.4741270177,0.0,109293.48138694016,401681.7205439848,0.0,226943.43272899554,577922.9498059141,24434.836241688445,4017974.6112939273
CW46_B1,CW46,B1,0,W,2023,1000943.6792221068,221299.67795951696,245567.66964670818,0.0,104281.35296669755,429794.9786491844,0.0,226943.43272899554,577922.9498059141,24047.289545754826,4017974.6112939273
CW46_B1,CW46,B1,0,W,2024,1000943.6792221068,232486.83399017935,230451.12950179155,0.0,113837.71491055956,424168.00081957644,0.0,226943.43272899554,577922.9498059141,23484.737135285024,4017974.6112939273
CW46_B1,CW46,B1,0,W,2025,1000943.6792221068,210798.945498747,272197.7550009335,0.0,90361.51262883206,427585.4660935945,0.0,226943.43272899554,577922.9498059141,28835.383692034553,4017974.6112939273
CW46_B1,CW46,B1,0,W,2026,1000943.6792221068,253926.91928821642,219773.5527690214,0.0,98731.27598640592,428511.9311784633,0.0,226943.43272899554,577922.9498059141,24445.678810688092,4017974.6112939273
CW47_B1,CW47,B1,0,W,2020,1025798.9553501208,347630.27888267365,175464.74053491332,0.0,64578.88108311074,438125.05484942277,0.0,347630.27888267365,587673.9005006977,0.0,4004771.14433878
CW47_B1,CW47,B1,0,W,2021,1025798.9553501208,326653.59599941474,177472.98114253025,0.0,95537.81589822212,426134.5623099533,0.0,347630.27888267365,587673.9005006977,23328.3210669424,4004771.14433878
CW47_B1,CW47,B1,0,W,2022,1025798.9553501208,326019.0484107821,179666.2915680829,0.0,107141.52748332307,412972.08788793243,0.0,347630.27888267365,587673.9005006977,26061.700586835075,4004771.14433878
CW47_B1,CW47,B1,0,W,2023,1025798.9553501208,324118.06776589784,162250.3320730172,0.0,83136.18593824795,456294.3695729575,0.0,347630.2788826736,587673.9005006977,29718.481006158567,4004771.14433878
CW47_B1,CW47,B1,0,W,2024,1025798.9553501208,325565.68783228257,155833.0179609411,0.0,103217.63999418367,441182.6095627132,0.0,347630.27888267365,587673.9005006977,30409.956803086225,4004771.14433878
CW47_B1,CW47,B1,0,W,2025,1025798.9553501208,318609.462154882,170111.3535260369,0.0,88269.58182764989,448808.55784155166,0.0,347630.27888267365,587673.9005006977,34914.64285263361,4004771.14433878
CW47_B1,CW47,B1,0,W,2026,1025798.9553501208,320602.62742022343,150877.6545389512,0.0,94797.2143517288,459521.459039217,0.0,347630.27888267365,587673.9005006977,39410.779490272675,4004771.14433878
CW48_B1,CW48,B1,0,W,2020,1000952.1827694161,496371.0921569825,197619.74552360983,0.0,41439.526859896796,265521.8182289273,0.0,496371.0921569825,735430.3645404892,0.0,5549329.268858008
CW48_B1,CW48,B1,0,W,2021,1000952.1827694161,484019.3324555042,196299.13112571565,0.0,54989.946781053724,265643.7724071428,0.0,496371.0921569825,735430.3645404892,21887.245792822745,5549329.268858008
CW48_B1,CW48,B1,0,W,2022,1000952.1827694161,492899.33971048996,189884.2043570425,0.0,57486.36291135899,260682.27579052496,0.0,496371.0921569825,735430.3645404892,21344.44920995376,5549329.268858009
CW48_B1,CW48,B1,0,W,2023,1000952.1827694161,488925.47632598877,183185.7959606095,0.0,54301.967175023696,274538.94330779434,0.0,496371.0921569825,735430.3645404892,22182.666598301308,5549329.268858009
CW48_B1,CW48,B1,0,W,2024,1000952.1827694161,508657.7472395954,153926.87376152485,0.0,58379.18698206883,279988.37478622736,0.0,496371.0921569825,735430.3645404892,18206.09424983006,5549329.268858008
CW48_B1,CW48,B1,0,W,2025,1000952.1827694161,469979.93440554757,201104.54873259293,0.0,51872.48419563442,277995.2154356414,0.0,496371.0921569825,735430.3645404892,36406.72839738435,5549329.268858008
CW48_B1,CW48,B1,0,W,2026,1000952.1827694161,504541.0392429427,156066.3331621656,0.0,56229.63467380299,284115.1756905051,0.0,496371.0921569825,735430.3645404892,22172.196856569775,5549329.268858008
CW49_B1,CW49,B1,0,W,2020,1000702.0728545544,531190.9245935179,167216.64682129503,0.0,56407.77561869901,245886.72582104252,0.0,531190.9245935179,754815.3470335121,0.0,5722296.742859072
CW49_B1,CW49,B1,0,W,2021,1000702.0728545544,520543.0805300845,170729.4410209506,0.0,74014.5296109667,235415.02169255272,0.0,531190.924593518,754815.347033512,13984.040998331706,5722296.742859071
CW49_B1,CW49,B1,0,W,2022,1000702.0728545544,508078.7164799112,182688.1391332888,0.0,67925.58229331221,242009.6349480423,0.0,531190.924593518,754815.347033512,25578.836121443204,5722296.742859071
CW49_B1,CW49,B1,0,W,2023,1000702.0728545544,518733.083748552,159979.7142880608,0.0,72033.41897080364,249955.85584713804,0.0,531190.924593518,754815.3470335121,16387.56249742695,5722296.742859071
CW49_B1,CW49,B1,0,W,2024,1000702.0728545544,521637.9835817825,157662.92394355324,0.0,74281.68169394102,247119.48363527784,0.0,531190.924593518,754815.347033512,16412.3425773471,5722296.742859071
CW49_B1,CW49,B1,0,W,2025,1000702.0728545544,500057.7906234144,187375.93604978672,0.0,66865.5227098652,246402.82347148817,0.0,531190.924593518,754815.3470335121,33066.632433633255,5722296.742859072
CW49_B1,CW49,B1,0,W,2026,1000702.0728545544,521806.8032284009,158031.89171166514,0.0,70610.18373072006,250253.19418376844,0.0,531190.9245935179,754815.3470335121,19371.43939050413,5722296.742859072
CW50_B1,CW50,B1,0,W,2020,975506.8923276716,233496.48107251932,135898.6240938972,0.0,47837.78915414248,558273.9980071124,0.0,233496.48107251932,417232.89432055893,0.0,3322678.552870867
CW50_B1,CW50,B1,0,W,2021,975506.8923276716,203246.84660270548,135151.0258698407,0.0,90636.18633563473,546472.8335194906,0.0,233496.48107251932,417232.894320559,30886.133573494706,3322678.552870867
CW50_B1,CW50,B1,0,W,2022,975506.8923276716,200587.79330040433,144672.56719396252,0.0,75205.73208034738,555040.7997529572,0.0,233496.48107251932,417232.894320559,33248.231610945164,3322678.552870867
CW50_B1,CW50,B1,0,W,2023,975506.8923276716,201127.8851004807,131795.40578074736,0.0,75939.05674558153,566644.5447008619,0.0,233496.48107251932,417232.89432055893,33797.62247954724,3322678.552870867
CW50_B1,CW50,B1,0,W,2024,975506.8923276716,202804.6987749886,136846.78092645385,0.0,81935.05269814286,553920.3599280863,0.0,233496.48107251932,417232.89432055893,33374.06183486639,3322678.552870867
CW50_B1,CW50,B1,0,W,2025,975506.8923276716,173135.0543717927,178532.51511392032,0.0,70055.64043926164,553783.6824026968,0.0,233496.48107251932,417232.89432055893,60925.5240395041,3322678.552870867
CW50_B1,CW50,B1,0,W,2026,975506.8923276716,207270.6570143457,138468.634480136,0.0,67073.31938808665,562694.2814451031,0.0,233496.48107251932,417232.89432055893,34940.92042496626,3322678.552870867
CW51_B1,CW51,B1,0,W,2020,1026061.7901067092,209417.56275775394,140091.54654861154,0.0,74012.87765449075,602539.8031458537,0.0,209417.56275775394,423521.98696085624,0.0,2548580.4786150763
CW51_B1,CW51,B1,0,W,2025,1026061.7901067092,202590.29105532786,154105.79913940432,0.0,68623.12048462512,600742.5794273526,0.0,209417.56275775394,423521.98696085624,8195.512713772641,2548580.4786150763
CW51_B1,CW51,B1,0,W,2026,1026061.7901067092,203666.61587048706,147385.3525928273,0.0,64099.48023894065,610910.3414044549,0.0,209417.56275775394,423521.98696085624,8723.602578286564,2548580.4786150763
CW51_B1,CW51,B1,0,W,2021,1026061.7901067093,203017.72170586686,143632.9562292959,0.0,85927.47268287807,593483.6394886691,0.0,209417.56275775394,423521.98696085624,6992.202051948098,2548580.4786150763
CW51_B1,CW51,B1,0,W,2022,1026061.7901067093,202818.3299690397,149115.62210807053,0.0,84376.85449793198,589750.9835316679,0.0,209417.56275775394,423521.98696085624,7424.2799492331105,2548580.4786150763
CW51_B1,CW51,B1,0,W,2023,1026061.7901067093,203642.99511491373,132305.61595366235,0.0,74204.52389304966,615908.6551450843,0.0,209417.56275775394,423521.98696085624,7846.288893576229,2548580.4786150763
CW51_B1,CW51,B1,0,W,2024,1026061.7901067093,204073.52269355932,139809.29164335964,0.0,76797.72625041287,605381.2495193782,0.0,209417.56275775394,423521.98696085624,7884.619170604032,2548580.4786150763
CW52_B1,CW52,B1,0,W,2025,1000599.8490420769,261018.2078977097,204062.58078092686,0.0,64364.203798720424,471154.85656472004,0.0,286744.4517968569,539934.1015377569,36919.53768618714,2740197.337971885
CW52_B1,CW52,B1,0,W,2020,1000599.849042077,286744.4517968569,178015.82070183847,0.0,75173.8290390613,460665.7475043203,0.0,286744.4517968569,539934.1015377569,0.0,2740197.337971885
CW52_B1,CW52,B1,0,W,2021,1000599.849042077,271289.67642436293,182486.28878811107,0.0,83150.1990812713,463673.6847483317,0.0,286744.4517968569,539934.1015377569,23056.73213671516,2740197.337971885
CW52_B1,CW52,B1,0,W,2022,1000599.849042077,273566.57301743433,200442.68760971367,0.0,78112.01349433452,448478.5749205944,0.0,286744.4517968569,539934.1015377569,22088.060174949496,2740197.337971885
CW52_B1,CW52,B1,0,W,2023,1000599.849042077,274431.47441421193,179999.17505125157,0.0,77041.54280003566,469127.65677657776,0.0,286744.4517968569,539934.1015377569,23309.192346580356,2740197.337971885
CW52_B1,CW52,B1,0,W,2024,1000599.849042077,289561.45932030753,165914.1423255771,0.0,78979.67739904067,466144.5699971517,0.0,286744.4517968569,539934.1015377569,17114.183932405358,2740197.337971885
CW52_B1,CW52,B1,0,W,2026,1000599.849042077,295939.2212231204,168064.87236181519,0.0,64975.91940684599,471619.83605029533,0.0,286744.4517968569,539934.1015377569,14621.62604226505,2740197.337971885
CW53_B1,CW53,B1,0,W,2020,975852.2611454085,272366.8769565957,197519.90666288487,0.0,107336.5247058644,398628.9528200636,0.0,272366.8769565957,577223.3083253448,0.0,4022513.1150558176
CW53_B1,CW53,B1,0,W,2021,975852.2611454085,276031.0013037289,193099.6568672928,0.0,101097.81463027655,405623.7883441103,0.0,272366.87695659563,577223.3083253449,10725.213828711416,4022513.115055817
CW53_B1,CW53,B1,0,W,2022,975852.2611454085,274428.13748279645,210052.4210002525,0.0,98899.42557956472,392472.27708279487,0.0,272366.87695659563,577223.3083253449,13315.34061198515,4022513.115055817
CW53_B1,CW53,B1,0,W,2023,975852.2611454085,277873.89879285026,198625.59077471565,0.0,88120.41896446078,411232.3526133818,0.0,272366.87695659563,577223.3083253449,11547.938531972848,4022513.115055817
CW53_B1,CW53,B1,0,W,2024,975852.2611454085,308453.6582662545,169606.1263160556,0.0,96758.79881157968,401033.6777515188,0.0,272366.87695659563,577223.3083253448,8783.587068654977,4022513.115055817
CW53_B1,CW53,B1,0,W,2025,975852.2611454085,282736.6711680394,203290.95655326097,0.0,81729.50251150693,408095.1309126013,0.0,272366.87695659563,577223.3083253448,15287.942487380085,4022513.115055817
CW53_B1,CW53,B1,0,W,2026,975852.2611454085,295901.4114644668,184372.5873266781,0.0,84172.51874024633,411405.7436140173,0.0,272366.87695659563,577223.3083253449,13806.262551849964,4022513.115055817
CW54_B1,CW54,B1,0,W,2020,1025849.1817033652,127015.4884275848,191547.37690630145,0.0,113312.53910217286,593973.7772673066,0.0,127015.4884275848,431875.4044360589,0.0,2707726.788306951
CW54_B1,CW54,B1,0,W,2021,1025849.1817033652,122163.55507878325,199600.41129638074,0.0,108346.76755047966,595738.447777722,0.0,127015.4884275848,431875.4044360589,10501.04143042471,2707726.7883069506
CW54_B1,CW54,B1,0,W,2022,1025849.1817033652,109873.81183073756,240018.10574690875,0.0,99855.06400822659,576102.2001174927,0.0,127015.4884275848,431875.4044360589,19313.665419784247,2707726.788306951
CW54_B1,CW54,B1,0,W,2023,1025849.1817033652,118594.29235423969,220822.04002921906,0.0,82153.57994366814,604279.2693762388,0.0,127015.48842758482,431875.40443605883,15233.343732646867,2707726.7883069506
CW54_B1,CW54,B1,0,W,2024,1025849.1817033652,150234.11172009635,186774.83892295687,0.0,93595.02015371884,595245.2109065936,0.0,127015.4884275848,431875.4044360589,10796.44641352635,2707726.788306951
CW54_B1,CW54,B1,0,W,2026,1025849.1817033652,142589.56039656096,184441.74960632325,0.0,82625.51259535248,616192.359105129,0.0,127015.4884275848,431875.4044360589,14807.076729329428,2707726.788306951
CW54_B1,CW54,B1,0,W,2025,1025849.1817033653,126433.2035615809,213019.11729826083,0.0,80593.67532447366,605803.1855190502,0.0,127015.4884275848,431875.40443605895,15650.31937127207,2707726.7883069506
CW55_B1,CW55,B1,0,W,2020,1000850.0488063737,257476.16765857773,175868.45164776972,0.0,83807.80311671237,483697.62638331397,0.0,257476.16765857773,517152.4224230598,0.0,3194202.09137618
CW55_B1,CW55,B1,0,W,2021,1000850.0488063737,249049.9372077792,188398.69174032775,0.0,98990.3953852934,464411.0244729734,0.0,257476.16765857773,517152.4224230598,11289.308171440574,3194202.09137618
CW55_B1,CW55,B1,0,W,2022,1000850.0488063737,245510.09505902458,204728.96406800515,0.0,98230.76656326593,452380.22311607806,0.0,257476.16765857773,517152.4224230598,15134.235892890481,3194202.09137618
CW55_B1,CW55,B1,0,W,2023,1000850.0488063737,239530.75585554534,185521.2270156262,0.0,67985.22471642587,507812.8412187763,0.0,257476.16765857773,517152.4224230598,21082.21439819336,3194202.09137618
CW55_B1,CW55,B1,0,W,2024,1000850.0488063737,250496.40643618716,182761.95633751363,0.0,95864.77962769153,471726.90640498145,0.0,257476.16765857773,517152.4224230598,16967.820555952483,3194202.09137618
CW55_B1,CW55,B1,0,W,2025,1000850.0488063737,228233.69699964338,200739.89743077895,0.0,71791.79491645962,500084.65945949184,0.0,257476.16765857773,517152.4224230598,32994.08983770633,3194202.09137618
CW55_B1,CW55,B1,0,W,2026,1000850.0488063737,249899.8019750857,172196.18693533505,0.0,65441.5387939154,513312.5211020376,0.0,257476.16765857773,517152.4224230598,20994.698606124577,3194202.09137618
CW56_B1,CW56,B1,0,W,2020,974909.3972868078,167917.50337808646,203896.32185250078,0.0,70563.34286086139,532532.2291953592,0.0,167917.50337808646,442377.16809144855,0.0,2699454.0359668806
CW56_B1,CW56,B1,0,W,2021,974909.3972868078,152546.7003821878,219266.83965202782,0.0,84269.32684541593,518826.53040717635,0.0,167917.50337808646,442377.16809144855,23170.207559802486,2699454.0359668806
CW56_B1,CW56,B1,0,W,2022,974909.3972868078,144079.0492073508,235042.64569016997,0.0,92508.90237794764,503278.8000113394,0.0,167917.50337808646,442377.16809144855,30283.950535314223,2699454.0359668806
CW56_B1,CW56,B1,0,W,2023,974909.3972868078,159176.49244184306,196650.93597154802,0.0,77565.19594146131,541516.7729319554,0.0,167917.50337808646,442377.16809144855,24685.174729889517,2699454.0359668806
CW56_B1,CW56,B1,0,W,2024,974909.3972868078,173633.95659981522,196091.55752006982,0.0,78614.77667197434,526569.1064949485,0.0,167917.50337808646,442377.16809144855,21050.092012353038,2699454.0359668806
CW56_B1,CW56,B1,0,W,2025,974909.3972868078,145120.90980796065,230445.35937978709,0.0,72971.10138741288,526372.0267116472,0.0,167917.50337808646,442377.16809144855,33113.34132929784,2699454.0359668806
CW56_B1,CW56,B1,0,W,2026,974909.3972868078,169273.34734951842,191646.05515379066,0.0,69918.69852656944,544071.2962569293,0.0,167917.50337808646,442377.16809144855,23300.6685138478,2699454.0359668806
CW57_B1,CW57,B1,0,W,2020,1001357.1655689314,102886.22946376426,214776.11480231184,0.0,97090.23190190933,586604.5894009459,0.0,102886.22946376426,414752.5761679854,0.0,2357421.4122151094
CW57_B1,CW57,B1,0,W,2021,1001357.1655689314,83865.25412373262,219876.6358485801,0.0,113431.24726987352,584184.0283267451,0.0,102886.22946376426,414752.5761679854,20106.968435429593,2357421.4122151094
CW57_B1,CW57,B1,0,W,2022,1001357.1655689314,76423.97465362548,246282.8294671451,0.0,123401.0616254021,555249.2998227587,0.0,102886.22946376426,414752.5761679854,27313.628008255302,2357421.4122151094
CW57_B1,CW57,B1,0,W,2023,1001357.1655689314,88469.01315199907,212308.305030733,0.0,105924.14517804314,594655.7022081562,0.0,102886.22946376426,414752.5761679854,23006.43575604009,2357421.4122151094
CW57_B1,CW57,B1,0,W,2024,1001357.1655689314,93343.4078012803,210837.86814018697,0.0,105342.22880952124,591833.6608179428,0.0,102886.22946376426,414752.5761679854,22315.346766782277,2357421.4122151094
CW57_B1,CW57,B1,0,W,2025,1001357.1655689314,77621.46742275462,237342.73264142202,0.0,98700.83440518846,587692.1310995661,0.0,102886.22946376426,414752.5761679854,28621.469713128783,2357421.4122151094
CW57_B1,CW57,B1,0,W,2026,1001357.1655689314,92339.88061795701,209839.37471286548,0.0,105780.88883520389,593397.021402905,0.0,102886.22946376426,414752.5761679854,25379.36048120237,2357421.4122151094
CW58_B1,CW58,B1,0,W,2020,1000863.302293695,191941.63772927073,285693.20027002075,0.0,78402.57748374192,444825.8868106617,0.0,191941.63772927073,556037.4154830336,0.0,2913298.182982292
CW58_B1,CW58,B1,0,W,2021,1000863.302293695,166960.68382625203,302976.6254627003,0.0,88894.31801033767,442031.67499440507,0.0,191941.63772927073,556037.4154830336,29213.812480373006,2913298.182982292
CW58_B1,CW58,B1,0,W,2022,1000863.302293695,161943.8095831478,310389.29211841663,0.0,102511.2208280077,426018.97976412304,0.0,191941.63772927073,556037.4154830336,36254.77154373467,2913298.182982292
CW58_B1,CW58,B1,0,W,2023,1000863.302293695,156131.32369579238,303616.13473908673,0.0,86348.33937054801,454767.5044882681,0.0,191941.63772927073,556037.4154830336,41536.45621747783,2913298.182982292
CW58_B1,CW58,B1,0,W,2024,1000863.302293695,195791.5796597948,261167.91072124406,0.0,89902.48917685114,454001.3227358051,0.0,191941.63772927073,556037.4154830336,28858.390209542067,2913298.182982292
CW58_B1,CW58,B1,0,W,2025,1000863.302293695,149367.96229810524,319628.09830639407,0.0,79494.7591851627,452372.4825040331,0.0,191941.63772927073,556037.4154830336,47707.45700165991,2913298.182982292
CW58_B1,CW58,B1,0,W,2026,1000863.302293695,190147.89791310625,260502.36094240675,0.0,83400.85282320506,466812.1906149771,0.0,191941.63772927073,556037.4154830336,36295.022736194085,2913298.182982292
CW59_B1,CW59,B1,0,W,2020,1001246.1291490142,396332.9248916927,290590.3523426131,0.0,32055.623355760756,282267.22855894803,0.0,396332.9248916927,718978.9005900663,0.0,4829853.350725389
CW59_B1,CW59,B1,0,W,2021,1001246.1291490142,383130.26166280126,284618.30649575626,0.0,43651.16962396958,289846.3913664874,0.0,396332.9248916927,718978.9005900663,24235.258332226324,4829853.350725389
CW59_B1,CW59,B1,0,W,2023,1001246.1291490142,346614.91270285205,313222.28551593854,0.0,44262.91505423155,297146.01587599213,0.0,396332.9248916927,718978.9005900663,58788.07586367738,4829853.350725389
CW59_B1,CW59,B1,0,W,2024,1001246.1291490142,433753.3206574686,230108.48363701315,0.0,47345.12448802276,290039.20036651014,0.0,396332.9248916927,718978.9005900663,21721.058852850223,4829853.350725389
CW59_B1,CW59,B1,0,W,2025,1001246.1291490142,350388.6017284616,310302.2993032717,0.0,45338.8553666657,295216.3727506152,0.0,396332.9248916927,718978.9005900663,56902.96819039139,4829853.350725389
CW59_B1,CW59,B1,0,W,2022,1001246.1291490144,383010.17139003996,290821.5355276968,0.0,43674.39909243116,283740.0231388466,0.0,396332.9248916927,718978.9005900663,33450.172179846675,4829853.350725389
CW59_B1,CW59,B1,0,W,2026,1001246.1291490144,422690.1328630936,227056.00245528872,0.0,49170.99595606186,302328.9978745704,0.0,396332.9248916927,718978.9005900663,28499.126439651787,4829853.350725389
CW60_B1,CW60,B1,0,W,2024,1026408.6148653518,121028.02221892115,191209.7283686619,0.0,137378.40031466016,576792.4639631083,0.0,134735.95138038186,464202.19138686237,25628.687967577167,2775024.581355585
CW60_B1,CW60,B1,0,W,2020,1026408.6148653519,134735.95138038188,205617.69226702524,0.0,123848.54773945529,562206.4234784892,0.0,134735.95138038188,464202.19138686237,0.0,2775024.581355585
CW60_B1,CW60,B1,0,W,2021,1026408.6148653519,123777.27763618022,205931.2768909529,0.0,116792.5161403282,579907.5441978902,0.0,134735.95138038188,464202.19138686237,13328.114295959473,2775024.581355585
CW60_B1,CW60,B1,0,W,2022,1026408.6148653519,112562.69583162795,218133.20888372685,0.0,155513.47444152832,540199.2357084684,0.0,134735.95138038186,464202.19138686237,27208.31248692531,2775024.581355585
CW60_B1,CW60,B1,0,W,2023,1026408.6148653519,108514.89951357375,197405.08784547693,0.0,134908.28768178902,585580.3398245119,0.0,134735.95138038188,464202.19138686237,33625.548403063,2775024.581355585
CW60_B1,CW60,B1,0,W,2025,1026408.6148653519,116217.51472835167,184960.85339020376,0.0,138117.49688083422,587112.749865962,0.0,134735.95138038188,464202.19138686237,30241.739853593415,2775024.581355585
CW60_B1,CW60,B1,0,W,2026,1026408.6148653519,116317.40423257866,185590.01797033573,0.0,134326.02097736433,590175.1716850728,0.0,134735.95138038188,464202.19138686237,30264.582159992293,2775024.581355585
CW61_B1,CW61,B1,0,W,2020,974742.1004982144,58702.47484322342,206357.48835084203,0.0,142702.36158186969,566979.7757222792,0.0,58702.47484322342,407762.32477593515,0.0,2657212.2981930003
CW61_B1,CW61,B1,0,W,2021,974742.1004982144,55592.38901474896,203627.20277033787,0.0,143114.31076199398,572408.1979511335,0.0,58702.47484322342,407762.3247759351,4492.257756880218,2657212.298193
CW61_B1,CW61,B1,0,W,2022,974742.1004982144,44816.08840287152,234651.53268917312,0.0,163877.46390120563,531397.0155049642,0.0,58702.47484322342,407762.32477593515,14478.745884016449,2657212.2981930003
CW61_B1,CW61,B1,0,W,2023,974742.1004982144,42150.46643174115,211041.33327615773,0.0,148567.11090402043,572983.1898862951,0.0,58702.47484322342,407762.32477593515,19118.899524763518,2657212.2981930003
CW61_B1,CW61,B1,0,W,2024,974742.1004982144,51628.22254288617,205448.3978738224,0.0,149808.35063527426,567857.1294462315,0.0,58702.47484322342,407762.3247759351,16749.46236808627,2657212.298193
CW61_B1,CW61,B1,0,W,2025,974742.1004982144,51332.04259598676,202810.25020422842,0.0,150227.65434555354,570372.1533524457,0.0,58702.47484322342,407762.32477593515,16848.188816145353,2657212.2981930003
CW61_B1,CW61,B1,0,W,2026,974742.1004982144,59328.902100686464,184787.3691068163,0.0,148287.97693741744,582337.8523532943,0.0,58702.47484322342,407762.32477593515,15663.469875410492,2657212.2981930003
CW62_B1,CW62,B1,0,W,2020,1000946.7865002509,125228.1868863573,214652.9625938565,0.0,201513.22029095818,459552.4167290781,0.0,125228.1868863573,541394.369771172,0.0,3829261.0205427585
CW62_B1,CW62,B1,0,W,2021,1000946.7865002509,116319.56675196627,208848.21808106662,0.0,217597.51997722551,458181.48168999166,0.0,125228.1868863573,541394.3697711721,11739.554526953603,3829261.0205427585
CW62_B1,CW62,B1,0,W,2022,1000946.7865002509,106526.66219410615,232159.03430289467,0.0,235225.78219272388,427035.30781052535,0.0,125228.1868863573,541394.3697711721,20347.74109775319,3829261.0205427585
CW62_B1,CW62,B1,0,W,2023,1000946.7865002509,101962.77861381978,221007.8148094027,0.0,215285.76706315583,462690.4260138717,0.0,125228.1868863573,541394.369771172,26005.746086928426,3829261.0205427585
CW62_B1,CW62,B1,0,W,2024,1000946.7865002509,108695.93252159566,209215.54775163234,0.0,216403.50998915127,466631.7962378707,0.0,125228.1868863573,541394.369771172,27684.09750446993,3829261.0205427585
CW62_B1,CW62,B1,0,W,2025,1000946.7865002509,107215.03979851217,206439.23115847714,0.0,223326.37805783143,463966.1374854293,0.0,125228.1868863573,541394.369771172,29856.078995558797,3829261.0205427585
CW62_B1,CW62,B1,0,W,2026,1000946.7865002509,107215.04557396383,195015.15118028226,0.0,221154.78621473126,477561.80353127274,0.0,125228.1868863573,541394.369771172,31336.973221633016,3829261.0205427585
CW63_B1,CW63,B1,0,W,2021,1025780.9316816739,359303.8914011636,241864.5349000819,0.0,100898.76164541807,323713.7437350104,0.0,365221.6924609014,706629.1695831895,10836.310685041839,4301517.958636086
CW63_B1,CW63,B1,0,W,2022,1025780.9316816739,318182.159210564,297379.2235686358,0.0,103818.71971423579,306400.82918823836,0.0,365221.6924609014,706629.1695831895,51958.03804623473,4301517.958636086
CW63_B1,CW63,B1,0,W,2023,1025780.9316816739,285903.6984362133,279987.1558447445,0.0,123682.86110444911,336207.216296267,0.0,365221.69246090145,706629.1695831894,84129.25715463675,4301517.9586360855
CW63_B1,CW63,B1,0,W,2020,1025780.931681674,365221.6924609014,249139.36949151734,0.0,92268.10763077083,319151.7620984844,0.0,365221.6924609014,706629.1695831895,0.0,4301517.958636086
CW63_B1,CW63,B1,0,W,2024,1025780.931681674,308726.9372969981,268212.7874522789,0.0,114723.52745684456,334117.67947555234,0.0,365221.69246090145,706629.1695831894,64445.518798409255,4301517.9586360855
CW63_B1,CW63,B1,0,W,2025,1025780.931681674,279987.07644216483,291183.5154899149,0.0,120748.1917364083,333862.14801318594,0.0,365221.6924609014,706629.1695831895,92790.4734261307,4301517.958636086
CW63_B1,CW63,B1,0,W,2026,1025780.931681674,330367.7615986841,237183.6493579042,0.0,125492.09618195177,332737.4245431339,0.0,365221.6924609014,706629.1695831895,47510.27984176337,4301517.958636086
CW64_B1,CW64,B1,0,W,2020,1000305.7106324137,242995.43940818642,238529.22726003593,0.0,124204.89537464216,394576.14858954947,0.0,242995.43940818642,605729.5620428645,0.0,4058575.102028043
CW64_B1,CW64,B1,0,W,2021,1000305.7106324137,237336.65778940238,227422.2477808334,0.0,138678.25000496657,396868.55505721155,0.0,242995.43940818642,605729.5620428645,7830.76719159893,4058575.102028043
CW64_B1,CW64,B1,0,W,2022,1000305.7106324137,224254.78875149,255428.2564457013,0.0,160508.77900408575,360113.88643113687,0.0,242995.43940818642,605729.5620428645,20320.274558063582,4058575.102028043
CW64_B1,CW64,B1,0,W,2023,1000305.7106324137,217249.0660958384,238637.55806002134,0.0,144467.88447881961,399951.2019977346,0.0,242995.43940818642,605729.5620428645,28214.537054413442,4058575.102028043
CW64_B1,CW64,B1,0,W,2024,1000305.7106324137,219163.2197943594,248760.37161416432,0.0,140190.483104272,392191.6361196182,0.0,242995.43940818642,605729.5620428645,29286.962309564326,4058575.102028043
CW64_B1,CW64,B1,0,W,2025,1000305.7106324137,209252.620351395,256411.50306985874,0.0,140885.45200303022,393756.13520812994,0.0,242995.43940818642,605729.5620428645,38382.97341470157,4058575.102028043
CW64_B1,CW64,B1,0,W,2026,1000305.7106324137,215816.21327116727,243199.16708966406,0.0,141192.08136976653,400098.248901816,0.0,242995.43940818642,605729.5620428645,37428.21674696978,4058575.102028043
CW65_B1,CW65,B1,0,W,2020,975476.6486968994,97971.7334400551,283835.9523741779,0.0,200315.68264393526,393353.2802387313,0.0,97971.7334400551,582123.3684581683,0.0,3810119.0335162594
CW65_B1,CW65,B1,0,W,2021,975476.6486968994,92344.30286754534,299704.18808512966,0.0,177392.49168593463,406035.6660582898,0.0,97971.7334400551,582123.3684581683,10761.220489501953,3810119.0335162594
CW65_B1,CW65,B1,0,W,2022,975476.6486968994,72944.30629897772,327905.7138951022,0.0,223857.45826849845,350769.1702343212,0.0,97971.7334400551,582123.3684581683,27446.03761291504,3810119.0335162594
CW65_B1,CW65,B1,0,W,2023,975476.6486968994,72187.79431915283,326653.45922292076,0.0,179605.9391397813,397029.45601504465,0.0,97971.7334400551,582123.3684581683,30016.411956218646,3810119.03351626
CW65_B1,CW65,B1,0,W,2024,975476.6486968994,78170.6353888119,336374.42040375364,0.0,173557.29250284832,387374.30040148576,0.0,97971.7334400551,582123.3684581683,29759.72104067335,3810119.03351626
CW65_B1,CW65,B1,0,W,2025,975476.6486968994,69922.87967586143,340901.9387071498,0.0,178340.30842075724,386311.5218931311,0.0,97971.7334400551,582123.3684581683,36230.77933328666,3810119.0335162594
CW65_B1,CW65,B1,0,W,2026,975476.6486968994,100111.18045950498,294731.8820691278,0.0,186194.31941067564,394439.26675759116,0.0,97971.7334400551,582123.3684581683,27045.32583142449,3810119.0335162594
CW66_B1,CW66,B1,0,W,2023,1730595.7366971478,65891.9328528012,1085116.4710943182,0.0,168423.344731918,411163.9880181107,0.0,98162.7589938295,1321282.4079404043,43920.550613074214,7388992.158699961
CW66_B1,CW66,B1,0,W,2020,1730595.736697148,98162.75899382951,936588.9680296354,0.0,286530.6809169395,409313.3287567438,0.0,98162.75899382951,1321282.407940404,0.0,7388992.15869996
CW66_B1,CW66,B1,0,W,2021,1730595.736697148,71700.9347354066,1033214.0332254745,0.0,205753.26104131964,419927.5076949475,0.0,98162.75899382951,1321282.407940404,32072.19686503691,7388992.15869996
CW66_B1,CW66,B1,0,W,2022,1730595.736697148,61829.81511873736,1093332.2708601109,0.0,188434.65177932443,386998.9989389756,0.0,98162.75899382951,1321282.407940404,42552.70772244323,7388992.15869996
CW66_B1,CW66,B1,0,W,2025,1730595.736697148,58179.64323401358,1119912.1576027363,0.0,157943.60276231956,394560.3330980787,0.0,98162.75899382951,1321282.407940404,50127.16403282016,7388992.15869996
CW66_B1,CW66,B1,0,W,2026,1730595.736697148,92507.44173751536,1064309.591945603,0.0,161195.7598006604,412582.94321336935,0.0,98162.75899382951,1321282.407940404,41044.321211960734,7388992.15869996
CW66_B1,CW66,B1,0,W,2024,1730595.7366971483,81268.88231967106,1102077.3948489318,0.0,142249.1709883746,405000.2885401707,0.0,98162.7589938295,1321282.4079404043,43006.85099535175,7388992.158699961
T01_B1,T01,B1,1,S1,2021,1457208.6321287863,75804.48683767879,564437.2555893543,0.0,696139.4949802773,120827.39472147623,0.0,76414.62495186001,1290325.862197756,5108.443377625708,4702868.724894807
T01_B1,T01,B1,1,S1,2024,1457208.6321287863,54920.414891949826,588217.7650570439,0.0,742665.5150109384,71404.93716885436,0.0,76414.62495186001,1290325.862197756,26503.931817088407,4702868.724894807
T01_B1,T01,B1,1,S1,2020,1457208.6321287865,76414.62495186001,550263.2138517193,0.0,663648.0233941771,166882.76993103029,0.0,76414.62495186001,1290325.862197756,0.0,4702868.724894807
T01_B1,T01,B1,1,S1,2022,1457208.6321287865,68429.28433912688,570346.7831796384,0.0,708819.4063191133,109613.15829090793,0.0,76414.62495186001,1290325.862197756,13238.975001256606,4702868.724894807
T01_B1,T01,B1,1,S1,2023,1457208.6321287865,62189.58147597968,546689.7770288206,0.0,676849.4739892698,171479.79963471656,0.0,76414.62495186001,1290325.862197756,18359.041068103266,4702868.724894807
T01_B1,T01,B1,1,S1,2025,1457208.6321287865,47684.19538331873,534525.0318598129,0.0,783384.1963590434,91615.20852661133,0.0,76414.62495186001,1290325.862197756,32123.42271716548,4702868.724894807
T01_B1,T01,B1,1,S1,2026,1457208.6321287865,41499.46647772696,546350.9827766268,0.0,772313.1952645696,97044.98760986328,0.0,76414.62495186001,1290325.862197756,40015.87773958094,4702868.724894807
T02_B1,T02,B1,1,S1,2020,1012845.4671834012,7276.481600832472,52274.285875357826,13005.215314019893,486506.180637315,453783.3037558762,0.0,7276.481600832472,559062.1634275251,0.0,3285646.199934686
T02_B1,T02,B1,1,S1,2021,1012845.4671834012,6782.864382814894,61578.304052135994,11933.191117469934,479991.20879693143,452559.89883404906,0.0,7276.481600832472,559062.1634275251,1678.2958450317383,3285646.199934686
T02_B1,T02,B1,1,S1,2022,1012845.4671834012,3313.616521917605,59339.02574121811,8588.971263930376,514491.0641134227,427112.7895429125,0.0,7276.481600832472,559062.1634275251,4061.588284481273,3285646.199934686
T02_B1,T02,B1,1,S1,2023,1012845.4671834012,2215.271548761106,39426.69319161808,3095.669063194125,517205.3334658457,450902.49991398235,0.0,7276.481600832472,559062.1634275251,5061.210052071366,3285646.199934686
T02_B1,T02,B1,1,S1,2024,1012845.4671834012,2215.271548761106,288095.7556520649,5055.820375719257,511428.2839893418,206050.3356175142,0.0,7276.481600832472,559062.1634275251,5061.210052071366,3285646.199934686
T02_B1,T02,B1,1,S1,2025,1012845.4671834012,2108.8058982400335,421032.96358878934,12875.131857389559,540799.558244982,36029.00759400011,0.0,7276.481600832472,559062.1634275251,5463.84599830777,3285646.199934686
T02_B1,T02,B1,1,S1,2026,1012845.4671834012,2991.8970061657474,470387.6987407609,13344.360482818003,525595.757826263,525.7531273935356,0.0,7276.481600832472,559062.1634275251,6160.328971802955,3285646.199934686
T03_B1,T03,B1,1,S1,2020,1064896.8843992644,0.0,40926.99645759733,98528.68766323908,487146.7927539005,438294.40752452775,0.0,0.0,626602.4768747367,0.0,3181464.9406509106
T03_B1,T03,B1,1,S1,2021,1064896.8843992644,197.44664001464844,51731.25606611663,80145.16586946974,497687.7766417263,435135.2391819374,0.0,0.0,626602.4768747367,0.0,3181464.9406509106
T03_B1,T03,B1,1,S1,2022,1064896.8843992644,197.44662475585938,52065.778044248094,71334.74603382187,518218.0657810587,423080.84791538015,0.0,0.0,626602.4768747367,0.0,3181464.9406509106
T03_B1,T03,B1,1,S1,2026,1064896.8843992644,0.0,447598.5285029094,67733.46080100864,502867.89725584164,46696.997839505064,0.0,0.0,626602.4768747368,0.0,3181464.9406509106
T03_B1,T03,B1,1,S1,2023,1064896.8843992646,197.44662475585938,47623.62457161697,56451.456125745586,535558.967123114,425065.38995403214,0.0,0.0,626602.4768747367,0.0,3181464.9406509106
T03_B1,T03,B1,1,S1,2024,1064896.8843992646,394.89329528808594,49134.28996495265,56932.30054096896,540943.4942044728,417491.90639358223,0.0,0.0,626602.4768747368,0.0,3181464.9406509106
T03_B1,T03,B1,1,S1,2025,1064896.8843992646,0.0,137202.34931051216,54612.868495447496,532380.0673878092,340701.5992054958,0.0,0.0,626602.4768747367,0.0,3181464.9406509106
T04_B1,T04,B1,1,S1,2020,1232369.166298092,13112.64991446102,44549.45193469478,46169.35501008875,733481.6388749068,395056.070563941,0.0,13112.64991446102,837313.0957341513,0.0,4845527.679990312
T04_B1,T04,B1,1,S1,2021,1232369.166298092,12665.885424685008,45395.37138932172,55673.923318032656,719044.369370225,399589.61679582787,0.0,13112.64991446102,837313.0957341513,644.2114960015989,4845527.679990312
T04_B1,T04,B1,1,S1,2022,1232369.166298092,5627.174255371094,33254.68784781064,42132.53152905632,771409.6354870965,379945.13717875764,0.0,13112.64991446102,837313.0957341513,7485.475659089928,4845527.679990312
T04_B1,T04,B1,1,S1,2023,1232369.166298092,394.8892822265625,26427.290334454705,41818.94253315644,759750.0687575396,403977.9753907148,0.0,13112.64991446102,837313.0957341513,12717.760632234458,4845527.679990312
T04_B1,T04,B1,1,S1,2024,1232369.166298092,592.3388290405273,26555.04354260015,33628.36840724571,767138.8558927648,404454.5596264409,0.0,13112.64991446102,837313.0957341513,12915.20527334774,4845527.679990312
T04_B1,T04,B1,1,S1,2025,1232369.166298092,0.0,139709.54342762072,29292.266430903415,768273.9932725495,295093.36316701845,0.0,13112.64991446102,837313.0957341513,13112.64991446102,4845527.679990312
T04_B1,T04,B1,1,S1,2026,1232369.166298092,493.61634826660156,188821.20066474463,34845.56526438395,723766.7698158415,284442.0142048555,0.0,13112.64991446102,837313.0957341513,13112.64991446102,4845527.679990312
T05_B1,T05,B1,1,S1,2020,1286877.5931509885,345.3362866270776,66695.66051952886,22838.83833977194,754852.9697144157,442144.78829064453,0.0,345.3362866270776,844732.8048603437,0.0,5230842.414687303
T05_B1,T05,B1,1,S1,2021,1286877.5931509885,987.2254791259766,63673.95143139409,21625.123071468577,752617.5430169503,447973.75015204924,0.0,345.3362866270776,844732.8048603437,147.89118012072993,5230842.414687303
T05_B1,T05,B1,1,S1,2022,1286877.5931509885,197.44510650634766,57163.234544013525,19058.30924395393,780608.2168060008,429850.3874505136,0.0,345.3362866270776,844732.8048603437,147.89118012072993,5230842.414687303
T05_B1,T05,B1,1,S1,2023,1286877.5931509885,98.72249603271484,53287.06771748861,20934.058297909007,771902.7253588513,440655.01928070653,0.0,345.3362866270776,844732.8048603437,246.61379059436274,5230842.414687303
T05_B1,T05,B1,1,S1,2024,1286877.5931509885,98.72249603271484,51849.542805421115,21117.181238062243,774427.770958725,439384.3756527469,0.0,345.3362866270776,844732.8048603437,246.61379059436274,5230842.414687303
T05_B1,T05,B1,1,S1,2025,1286877.5931509885,0.0,148762.61650540226,8432.936260238348,789621.952614968,340060.08777037973,0.0,345.3362866270776,844732.8048603437,345.3362866270776,5230842.414687302
T05_B1,T05,B1,1,S1,2026,1286877.5931509885,197.44503784179688,169035.76724799664,8785.635275448069,769401.8491067928,339456.8964829089,0.0,345.3362866270776,844732.8048603437,345.3362866270776,5230842.414687302
T06_B1,T06,B1,1,S1,2020,1004509.4436940809,3554.024887084961,112638.12704066857,26015.82726278866,771711.5601776423,90589.90432589664,0.0,3554.024887084961,913919.5393681843,0.0,5688594.705260423
T06_B1,T06,B1,1,S1,2021,1004509.4436940809,5331.0500564575195,107731.0458465277,25606.22154944925,773140.0808799894,92701.04536165725,0.0,3554.024887084961,913919.5393681843,197.44529724121094,5688594.705260423
T06_B1,T06,B1,1,S1,2022,1004509.4436940809,1579.5668258666992,115181.38337773338,25324.761901765713,784092.6253896975,78331.1061990177,0.0,3554.024887084961,913919.5393681843,2171.9042053222656,5688594.705260423
T06_B1,T06,B1,1,S1,2023,1004509.4436940809,1777.011573791504,107101.13573614378,27101.78829947079,776324.4042826334,92205.10380204146,0.0,3554.024887084961,913919.5393681843,2270.6267166137695,5688594.705260423
T06_B1,T06,B1,1,S1,2024,1004509.4436940809,1974.4612197875977,106919.91136959301,27117.661590725766,777611.3363343184,90886.0731796564,0.0,3554.024887084961,913919.5393681843,2270.6267166137695,5688594.705260423
T06_B1,T06,B1,1,S1,2025,1004509.4436940809,2073.1838455200195,112069.01966065046,27512.556656033383,762836.4570975511,100018.22643432619,0.0,3554.024887084961,913919.5393681843,2566.7967224121094,5688594.705260423
T06_B1,T06,B1,1,S1,2026,1004509.4436940809,1382.118179321289,125420.65993757057,27003.06501761044,753129.0800531128,97574.52050646616,0.0,3554.024887084961,913919.5393681843,2566.7967224121094,5688594.705260423
T07_B1,T07,B1,1,S1,2020,1002565.2954860912,4936.136863708496,103116.2058708939,37576.200504766726,781194.5603913851,75742.1918553371,0.0,4936.136863708496,926823.1036307542,0.0,5130549.555131139
T07_B1,T07,B1,1,S1,2021,1002565.2954860912,235.77376852596507,98477.6727324841,38381.089015078076,784522.9142512603,80947.84571874283,0.0,4936.136863708496,926823.1036307542,4837.413215637207,5130549.555131139
T07_B1,T07,B1,1,S1,2022,1002565.2954860912,296.1705551147461,99991.4756506527,36983.8576245177,791143.569736765,74150.22191904105,0.0,4936.136863708496,926823.1036307542,4936.136863708496,5130549.555131139
T07_B1,T07,B1,1,S1,2023,1002565.2954860912,0.0,83267.74492253321,37674.92449616077,800808.7339820713,80813.89208532595,0.0,4936.136863708496,926823.1036307542,4936.136863708496,5130549.555131139
T07_B1,T07,B1,1,S1,2024,1002565.2954860912,98.72325897216797,76505.02360406016,38942.073393040075,804082.8263929479,82936.64883707084,0.0,4936.136863708496,926823.1036307542,4936.136863708496,5130549.555131139
T07_B1,T07,B1,1,S1,2025,1002565.2954860912,98.72335815429688,93583.47337577672,37856.111616306676,787217.6965189318,83809.29061692183,0.0,4936.136863708496,926823.103630754,4936.136863708496,5130549.555131139
T07_B1,T07,B1,1,S1,2026,1002565.2954860912,98.72335815429688,101444.07154544008,35305.55616425159,782413.661823557,83303.28259468827,0.0,4936.136863708496,926823.1036307542,4936.136863708496,5130549.555131139
T08_B1,T08,B1,1,S1,2020,1015089.2951330143,63681.872182599276,160130.4173269833,55982.94127122467,627920.3135085462,107373.75084366143,0.0,63681.872182599276,907715.544289353,0.0,5163137.077010328
T08_B1,T08,B1,1,S1,2021,1015089.2951330143,60795.320212151055,165224.04697917865,54798.258181014724,607691.2821894926,126580.38757117777,0.0,63681.872182599276,907715.544289353,13055.060896839817,5163137.077010328
T08_B1,T08,B1,1,S1,2022,1015089.2951330143,34974.728391939054,178976.47964731854,51378.15899026909,637055.0866302489,112704.84147323907,0.0,63681.872182599276,907715.544289353,31175.225066600127,5163137.077010328
T08_B1,T08,B1,1,S1,2023,1015089.2951330143,28905.777605064246,154009.9132882212,56936.88447690477,652168.965933766,123067.75382905848,0.0,63681.872182599276,907715.544289353,37721.531624259216,5163137.077010328
T08_B1,T08,B1,1,S1,2024,1015089.2951330143,22169.371355064242,128946.53393503826,58849.02692565917,684319.9034206016,120804.45949665144,0.0,63681.872182599276,907715.544289353,43470.7053608315,5163137.077010328
T08_B1,T08,B1,1,S1,2025,1015089.2951330143,7278.419834929822,180471.31182460417,59931.88968125885,643830.041366218,123577.63242600385,0.0,63681.872182599276,907715.544289353,57193.23759547218,5163137.077010328
T08_B1,T08,B1,1,S1,2026,1015089.2951330143,32252.355775990207,121379.64201911478,59931.890108504944,676886.5919591566,124638.8152702481,0.0,63681.872182599276,907715.544289353,57390.683136854015,5163137.077010328
T09_B1,T09,B1,1,S1,2020,990744.0356596407,69256.0411154055,66815.15455794989,327674.47444125905,476035.1418603934,50963.22368463254,0.0,69256.0411154055,939780.8119750081,0.0,4960250.411166714
T09_B1,T09,B1,1,S1,2021,990744.0356596407,61766.68349405924,75798.12739883125,337572.7424525841,460952.5343757479,54653.94793841792,0.0,69256.0411154055,939780.8119750081,8377.86863819197,4960250.411166714
T09_B1,T09,B1,1,S1,2022,990744.0356596407,47688.423926080446,72251.77881804823,312711.86029752844,514750.2338212256,43341.738796757716,0.0,69256.0411154055,939780.8119750081,21863.787134088256,4960250.411166714
T09_B1,T09,B1,1,S1,2023,990744.0356596407,44791.79840740129,74755.07017460241,319986.4525431914,504157.34330638807,47053.37122805726,0.0,69256.0411154055,939780.8119750081,25451.476159847483,4960250.411166714
T09_B1,T09,B1,1,S1,2024,990744.0356596407,41698.48301729688,60045.24561659868,294857.2790807088,535029.8582724178,59113.16967261819,0.0,69256.0411154055,939780.8119750081,28394.574157625088,4960250.411166714
T09_B1,T09,B1,1,S1,2025,990744.0356596407,31115.759903941438,71807.57082483628,281843.6162706263,543127.8985005995,62849.19015963685,0.0,69256.0411154055,939780.8119750082,38239.00331839767,4960250.411166714
T09_B1,T09,B1,1,S1,2026,990744.0356596407,31809.53831326354,66622.85591032737,228561.22717934404,598843.1218491797,64907.292407525754,0.0,69256.0411154055,939780.8119750081,38535.16912039962,4960250.411166714
T10_B1,T10,B1,1,S1,2023,1016471.9777325201,52916.26309036554,108454.37355556115,216308.02048381726,636095.642656154,2697.677946621764,0.0,128629.45854662728,1012858.6847117406,80846.78962587845,5789356.3759205835
T10_B1,T10,B1,1,S1,2024,1016471.9777325201,48591.05569191727,102349.84637331494,195434.82572775448,667003.676584281,3092.573355252135,0.0,128629.45854662725,1012858.6847117406,84777.10954263725,5789356.3759205835
T10_B1,T10,B1,1,S1,2025,1016471.9777325201,26167.01605203666,116185.33849116306,152422.42141131233,716020.7745317644,5676.427246243346,0.0,128629.45854662725,1012858.6847117406,107003.69604988847,5789356.375920583
T10_B1,T10,B1,1,S1,2026,1016471.9777325201,30675.315147190468,100239.08314550064,145720.07615401322,734273.7373158173,5563.765969998229,0.0,128629.45854662725,1012858.6847117406,112071.49632759843,5789356.3759205835
T10_B1,T10,B1,1,S1,2020,1016471.9777325202,128629.45854662728,71061.36139325908,227788.15217560413,585379.71259625,3613.293020779479,0.0,128629.45854662728,1012858.6847117406,0.0,5789356.3759205835
T10_B1,T10,B1,1,S1,2021,1016471.9777325202,90155.23794026094,166478.34584117212,238284.60664427513,516782.9089588838,4770.878347927916,0.0,128629.45854662728,1012858.6847117406,41855.576665092914,5789356.3759205835
T10_B1,T10,B1,1,S1,2022,1016471.9777325202,70176.10751297894,125513.84631802425,213033.1147980634,603175.4783873613,4573.430716091979,0.0,128629.45854662728,1012858.6847117406,65561.40544649013,5789356.3759205835
T11_B1,T11,B1,1,S1,2020,988782.8417689304,69167.95007025027,40001.55250378777,19113.665054440968,860499.6741404515,0.0,0.0,69167.95007025027,988782.8417689304,0.0,5759605.642831062
T11_B1,T11,B1,1,S1,2021,988782.8417689304,49528.32425088321,38169.53927334056,18070.29273487166,883014.6855098351,0.0,0.0,69167.95007025027,988782.8417689304,20761.970562115835,5759605.642831062
T11_B1,T11,B1,1,S1,2022,988782.8417689304,33755.51967940985,47959.3013590794,16114.791774704878,890953.2289557364,0.0,0.0,69167.95007025027,988782.8417689304,36534.77511833042,5759605.642831062
T11_B1,T11,B1,1,S1,2023,988782.8417689304,24964.907060750324,30341.037264326507,11256.816677946204,922220.0807659075,0.0,0.0,69167.95007025027,988782.8417689304,45694.33424153047,5759605.642831062
T11_B1,T11,B1,1,S1,2024,988782.8417689304,21959.09210022571,55373.573393369195,14403.970393221985,897046.2058821137,0.0,0.0,69167.95007025027,988782.8417689304,48897.59406442081,5759605.642831062
T11_B1,T11,B1,1,S1,2025,988782.8417689304,14210.327456754796,59073.18320333444,12832.522765305464,902666.8083435358,0.0,0.0,69167.95007025027,988782.8417689304,55846.12676388609,5759605.642831062
T11_B1,T11,B1,1,S1,2026,988782.8417689304,10590.45882729923,44096.79716207466,12723.346277573528,921372.2395019833,0.0,0.0,69167.95007025027,988782.8417689304,61539.162805145854,5759605.642831061
T12_B1,T12,B1,1,S1,2020,1017439.9174219167,166358.08835147033,303629.457834371,8215.732801310221,532576.1571271111,6660.481307654287,0.0,166358.08835147033,1010779.4361142626,0.0,5388944.503726885
T12_B1,T12,B1,1,S1,2021,1017439.9174219167,164127.70369873045,281343.9010589899,9353.570495186601,558099.431608821,4515.310560189042,0.0,166358.08835147033,1010779.4361142624,8868.792745702407,5388944.503726885
T12_B1,T12,B1,1,S1,2022,1017439.9174219167,151422.6316870895,273810.62982593616,10496.440083133475,578873.1690137378,2837.0468120200962,0.0,166358.08835147033,1010779.4361142624,19854.1548352709,5388944.503726885
T12_B1,T12,B1,1,S1,2023,1017439.9174219167,152151.98308057597,214595.74891189876,10276.15097111721,633139.5987826778,7276.435675647212,0.0,166358.08835147033,1010779.4361142624,23570.01975220325,5388944.503726885
T12_B1,T12,B1,1,S1,2024,1017439.9174219167,150123.30323806463,256869.81598588536,12022.589530077168,594253.4495349061,4170.759132983638,0.0,166358.08835147033,1010779.4361142624,27025.325439153934,5388944.503726885
T12_B1,T12,B1,1,S1,2025,1017439.9174219167,128844.49633017146,267053.24308552465,11925.414578247073,596203.6907355215,13413.072692452224,0.0,166358.08835147033,1010779.4361142624,43934.39816221349,5388944.503726885
T12_B1,T12,B1,1,S1,2026,1017439.9174219167,131228.53524699493,221658.88788167917,11916.510107421876,639536.5025044162,13099.481681404863,0.0,166358.08835147036,1010779.4361142624,50818.26218447217,5388944.503726884
T13_B1,T13,B1,1,S1,2020,992708.8871757962,172823.74552660165,312222.7131410189,6029.103549732881,386195.8683247587,115437.45663368375,0.0,172823.74552660165,877271.4305421121,0.0,6345669.883649759
T13_B1,T13,B1,1,S1,2021,992708.8871757962,98734.41531111774,324107.1067627552,6476.650282826144,450349.7243376789,113040.99048141777,0.0,172823.74552660165,877271.4305421122,85196.59709655163,6345669.883649759
T13_B1,T13,B1,1,S1,2022,992708.8871757962,40399.91585370231,229794.1954607197,6522.721233143526,600877.8696430284,115114.18498520195,0.0,172823.74552660165,877271.4305421121,138531.861191125,6345669.883649759
T13_B1,T13,B1,1,S1,2023,992708.8871757962,42928.760024156756,135714.44709014895,6818.891628040987,674174.6011136523,133072.18731979668,0.0,172823.74552660165,877271.4305421122,139180.7202169082,6345669.883649759
T13_B1,T13,B1,1,S1,2024,992708.8871757962,42868.7425375845,130770.60901635863,6423.997440113741,694767.0932783241,117878.44490341484,0.0,172823.74552660165,877271.4305421122,140365.3920766494,6345669.883649759
T13_B1,T13,B1,1,S1,2025,992708.8871757962,41030.18377945844,113481.7397790348,6522.720950855928,672591.7279394413,159082.5147270053,0.0,172823.74552660165,877271.4305421122,140640.26707569198,6345669.883649759
T13_B1,T13,B1,1,S1,2026,992708.8871757962,37085.93131815592,159703.03092627434,6720.16810204001,651477.9068203198,137721.85000900566,0.0,172823.74552660165,877271.4305421122,144972.8291515575,6345669.883649759
T14_B1,T14,B1,1,S1,2020,1014576.5386509914,126601.79709143545,99901.83792015525,8980.347499114392,477356.91837523214,301735.6377650541,0.0,126601.79709143545,712840.9008859373,0.0,4938455.900188101
T14_B1,T14,B1,1,S1,2021,1014576.5386509914,92731.35932210287,132124.65768160354,9276.517749053357,478313.4721817615,302130.53171647014,0.0,126601.79709143545,712840.9008859373,34166.60664598053,4938455.900188101
T14_B1,T14,B1,1,S1,2022,1014576.5386509914,41020.71723210951,120607.6542654,9276.517749053357,541256.1743827969,302415.4750216316,0.0,126601.79709143545,712840.9008859372,85679.80266053443,4938455.900188101
T14_B1,T14,B1,1,S1,2023,1014576.5386509914,26815.456488635493,88497.8624424654,6709.70828555238,583046.206114855,309507.30531948316,0.0,126601.79709143545,712840.9008859372,100378.67782203824,4938455.900188101
T14_B1,T14,B1,1,S1,2024,1014576.5386509914,21870.020724457387,107587.42426802692,3945.4522888482784,575121.6587659349,306051.9826037239,0.0,126601.79709143545,712840.9008859372,105422.83661630668,4938455.900188101
T14_B1,T14,B1,1,S1,2025,1014576.5386509914,18347.742635629693,86906.65544864432,98.7234115600586,583364.7932902317,325858.6238649256,0.0,126601.79709143545,712840.9008859372,112104.24714379404,4938455.900188101
T14_B1,T14,B1,1,S1,2026,1014576.5386509914,14236.226097346287,69045.83795656689,0.0,615765.0373653637,315529.4372317146,0.0,126601.79709143545,712840.9008859372,114932.36436719708,4938455.900188101
T15_B1,T15,B1,1,S1,2020,987877.266151608,150161.7806629256,84658.1148021623,21006.409862024644,393351.0503802731,338699.9104442222,0.0,150161.7806629256,649177.3557073855,0.0,4431036.593560312
T15_B1,T15,B1,1,S1,2021,987877.266151608,135660.7237891702,97275.30688407748,25321.97823381611,389371.1291305543,340248.1281139897,0.0,150161.7806629256,649177.3557073855,15411.629961649574,4431036.593560312
T15_B1,T15,B1,1,S1,2022,987877.266151608,82712.35944043327,111306.65473076316,25321.97823381611,425950.1392582614,342586.1344883339,0.0,150161.7806629256,649177.3557073855,68041.75879268273,4431036.593560312
T15_B1,T15,B1,1,S1,2023,987877.266151608,70172.59681782441,108574.9274607939,25321.97823381611,438099.25514355843,345708.50849561504,0.0,150161.7806629256,649177.3557073855,81864.91266590194,4431036.593560312
T15_B1,T15,B1,1,S1,2024,987877.266151608,59706.799408647115,113108.45158724327,23841.12628221699,445512.3806906907,345708.50818280986,0.0,150161.7806629256,649177.3557073855,93194.43587260527,4431036.593560312
T15_B1,T15,B1,1,S1,2025,987877.266151608,59635.93350276573,95242.29391165347,15453.505266615924,459560.0773968866,357985.4560736862,0.0,150161.7806629256,649177.3557073855,98062.44356363337,4431036.593560312
T15_B1,T15,B1,1,S1,2026,987877.266151608,52982.40832833682,65046.90769725126,6882.376477260215,513445.5630198462,349520.0106289134,0.0,150161.78066292562,649177.3557073855,102737.25988820397,4431036.593560312
T16_B1,T16,B1,1,S1,2021,1012280.6051194135,86141.28877889595,271871.8076586555,44550.98648861156,381145.85664577107,228570.66554747935,0.0,177623.50162147073,787259.7287181779,97325.4161373961,5475901.225350234
T16_B1,T16,B1,1,S1,2022,1012280.6051194135,48476.73586246265,261683.99785643932,44452.26299312816,426642.0177131803,231025.5906942031,0.0,177623.50162147073,787259.7287181779,139038.3775568345,5475901.225350234
T16_B1,T16,B1,1,S1,2023,1012280.6051194135,40963.656177266435,213358.35523774393,39910.98244503246,484476.50439216767,233571.10686720305,0.0,177623.50162147073,787259.7287181779,151872.39226630714,5475901.225350234
T16_B1,T16,B1,1,S1,2025,1012280.6051194135,58054.64551804487,212666.21273830638,14189.845691516353,468857.39463554835,258512.50653599756,0.0,177623.50162147073,787259.7287181779,154735.34355262306,5475901.225350234
T16_B1,T16,B1,1,S1,2026,1012280.6051194135,53818.92207821116,171859.26549757412,8518.475375156777,527744.2114299699,250339.73073850147,0.0,177623.50162147073,787259.7287181779,154733.00012646843,5475901.225350234
T16_B1,T16,B1,1,S1,2020,1012280.6051194136,177623.50162147073,215243.24573403154,39487.830502798046,354905.15085987764,225020.87640123552,0.0,177623.50162147073,787259.728718178,0.0,5475901.225350234
T16_B1,T16,B1,1,S1,2024,1012280.6051194136,44974.87844965317,226948.48507696408,30729.700065882065,475858.9859750186,233768.55555189544,0.0,177623.50162147073,787259.728718178,154735.34897712257,5475901.225350234
T17_B1,T17,B1,1,S1,2020,1000305.1151032691,171702.06391658407,164737.24873528574,29234.509172088026,593071.3647509108,41559.92852840049,0.0,171702.06391658407,958745.1865748685,0.0,6351608.982669159
T17_B1,T17,B1,1,S1,2021,1000305.1151032691,148985.447345599,170604.82551694385,29530.679216033335,604355.1084389482,46829.054585744816,0.0,171702.06391658407,958745.1865748686,31601.61095575071,6351608.982669158
T17_B1,T17,B1,1,S1,2022,1000305.1151032691,131607.4421287686,175367.15494154388,29826.84927523744,613313.7565886553,50189.91216906379,0.0,171702.06391658407,958745.1865748685,61230.05975365732,6351608.982669158
T17_B1,T17,B1,1,S1,2023,1000305.1151032691,107017.1098005706,155124.6001063328,29826.84927523744,650612.2996049768,57724.25631615133,0.0,171702.06391658407,958745.1865748685,72631.12602045396,6351608.982669158
T17_B1,T17,B1,1,S1,2024,1000305.1151032691,122793.65938995958,149673.7211073034,29826.84927523744,638979.9950379615,59030.89029280718,0.0,171702.06391658407,958745.1865748685,73138.69053566128,6351608.982669158
T17_B1,T17,B1,1,S1,2025,1000305.1151032691,130040.65482650454,124071.79898137112,26615.0476191502,652178.457976547,67399.15569969625,0.0,171702.06391658407,958745.1865748685,95055.0140448776,6351608.982669158
T17_B1,T17,B1,1,S1,2026,1000305.1151032691,97966.4105274275,134641.31582225728,19434.95299482159,676170.6276186774,72091.80814008525,0.0,171702.06391658407,958745.1865748685,124178.05303108366,6351608.982669158
T18_B1,T18,B1,1,S1,2020,988278.4580563714,445880.4800029977,83363.78475311879,2.7100525500727635,459031.48324770463,0.0,0.0,445880.4800029977,988278.4580563714,0.0,8606364.876355996
T18_B1,T18,B1,1,S1,2021,988278.4580563714,403956.14885852276,105257.11186939313,2.7100525500727635,479062.48727590527,0.0,0.0,445880.4800029978,988278.4580563714,43306.435293339746,8606364.876355998
T18_B1,T18,B1,1,S1,2022,988278.4580563714,269973.3055777156,168965.6803099389,2.7100525500727635,549336.7621161666,0.0,0.0,445880.48000299773,988278.4580563714,180300.87441995658,8606364.876355998
T18_B1,T18,B1,1,S1,2023,988278.4580563714,229603.70252826164,193443.3084149529,2.7100525500727635,565228.7370606067,0.0,0.0,445880.4800029978,988278.4580563714,227640.61470076616,8606364.876355996
T18_B1,T18,B1,1,S1,2024,988278.4580563714,250444.36441623463,146103.15382457062,2.7100525500727635,591728.229763016,0.0,0.0,445880.4800029978,988278.4580563714,229499.76166956287,8606364.876355996
T18_B1,T18,B1,1,S1,2025,988278.4580563714,246502.01865366017,147704.58111150403,2.7100525500727635,594069.148238657,0.0,0.0,445880.4800029978,988278.4580563714,239505.9317121618,8606364.876355996
T18_B1,T18,B1,1,S1,2026,988278.4580563714,234428.8206161798,124040.02234538955,2.7100525500727635,629806.9050422519,0.0,0.0,445880.4800029978,988278.4580563714,257474.16427142575,8606364.876355996
T19_B1,T19,B1,1,S1,2020,1013766.4542725512,674523.2777845794,34135.30047957476,0.0,305107.8760083965,0.0,0.0,674523.2777845794,1013766.4542725512,0.0,1.0289575565333825E7
T19_B1,T19,B1,1,S1,2021,1013766.4542725512,515880.05714216037,31180.189369351257,0.0,466706.207761039,0.0,0.0,674523.2777845794,1013766.4542725512,160025.32503542435,1.0289575565333825E7
T19_B1,T19,B1,1,S1,2022,1013766.4542725512,447280.00493262795,76177.50123470531,0.0,490308.94810521754,0.0,0.0,674523.2777845794,1013766.4542725512,228131.76648903647,1.0289575565333825E7
T19_B1,T19,B1,1,S1,2023,1013766.4542725512,399193.17649530154,103267.7746347465,0.0,511305.50314250286,0.0,0.0,674523.2777845794,1013766.4542725512,277600.6971068438,1.0289575565333825E7
T19_B1,T19,B1,1,S1,2024,1013766.4542725512,392749.12599295826,65479.913454212874,0.0,555537.4148253797,0.0,0.0,674523.2777845794,1013766.4542725512,290362.95557885256,1.0289575565333825E7
T19_B1,T19,B1,1,S1,2025,1013766.4542725512,398896.97696317785,53719.61830809351,0.0,559965.2034455544,1184.6555557250977,0.0,674523.2777845794,1013766.4542725512,291561.94406866934,1.0289575565333825E7
T19_B1,T19,B1,1,S1,2026,1013766.4542725512,367051.64542074763,44340.69709756889,0.0,602077.9478977281,296.16385650634766,0.0,674523.2777845794,1013766.4542725512,324006.18277408375,1.0289575565333825E7
T20_B1,T20,B1,1,S1,2020,989440.0761580823,806306.7482903278,29357.356631649243,0.0,153775.9712361055,0.0,0.0,806306.7482903278,989440.0761580823,0.0,1.103673220838348E7
T20_B1,T20,B1,1,S1,2021,989440.0761580823,777190.6280934655,23160.689715247063,0.0,189088.75834937004,0.0,0.0,806306.7482903278,989440.0761580823,31386.7327990962,1.103673220838348E7
T20_B1,T20,B1,1,S1,2022,989440.0761580823,714776.463212137,54905.96152948118,0.0,219757.65141646433,0.0,0.0,806306.7482903277,989440.0761580823,93208.56472601798,1.103673220838348E7
T20_B1,T20,B1,1,S1,2023,989440.0761580823,669626.418633465,39497.10625936471,0.0,280316.55126525275,0.0,0.0,806306.7482903277,989440.0761580823,137210.72049832813,1.103673220838348E7
T20_B1,T20,B1,1,S1,2024,989440.0761580823,659617.5539002365,32322.466777906233,0.0,297500.0554799397,0.0,0.0,806306.7482903277,989440.0761580823,148663.63821485933,1.103673220838348E7
T20_B1,T20,B1,1,S1,2025,989440.0761580823,650181.6647813388,23609.778096786198,0.0,315648.63327995734,0.0,0.0,806306.7482903277,989440.0761580823,158099.52982093964,1.103673220838348E7
T20_B1,T20,B1,1,S1,2026,989440.0761580823,636712.5289516377,19274.090610848223,0.0,333453.4565955966,0.0,0.0,806306.7482903277,989440.0761580823,173297.6621263093,1.103673220838348E7
T21_B1,T21,B1,1,S1,2025,1000907.8349343691,712484.459097619,28290.786582168876,0.0,260132.5892545812,0.0,0.0,797789.9201581468,1000907.8349343691,91042.58624967687,1.013384985760714E7
T21_B1,T21,B1,1,S1,2020,1000907.8349343692,797789.9201581469,27988.39731711593,0.0,175129.51745910646,0.0,0.0,797789.9201581469,1000907.8349343692,0.0,1.013384985760714E7
T21_B1,T21,B1,1,S1,2021,1000907.8349343692,760667.1919392603,28397.622324805165,0.0,211843.0206703036,0.0,0.0,797789.9201581469,1000907.8349343692,39774.680546390315,1.0133849857607137E7
T21_B1,T21,B1,1,S1,2022,1000907.8349343692,724799.9748803828,54492.895997290514,0.0,221614.96405669567,0.0,0.0,797789.9201581469,1000907.8349343692,75938.06594785802,1.013384985760714E7
T21_B1,T21,B1,1,S1,2023,1000907.8349343692,718383.0249597285,34835.886167907716,0.0,247688.92380673275,0.0,0.0,797789.9201581469,1000907.8349343692,82157.57202848546,1.013384985760714E7
T21_B1,T21,B1,1,S1,2024,1000907.8349343692,715125.1998712275,28373.622862602682,0.0,257409.01220053877,0.0,0.0,797789.9201581469,1000907.8349343692,86698.78483518712,1.0133849857607137E7
T21_B1,T21,B1,1,S1,2026,1000907.8349343692,683188.7964613372,17224.183733951344,0.0,300494.85473908053,0.0,0.0,797789.9201581469,1000907.8349343692,119748.24132304473,1.013384985760714E7
T22_B1,T22,B1,1,S1,2020,1000562.886189928,812658.8519250901,10938.080120909446,0.0,176965.95414392807,0.0,0.0,812658.8519250901,1000562.886189928,0.0,1.0531888850803979E7
T22_B1,T22,B1,1,S1,2022,1000562.886189928,758719.2148499127,10820.377198282878,0.0,231023.294141732,0.0,0.0,812658.8519250901,1000562.886189928,54051.52275175207,1.0531888850803979E7
T22_B1,T22,B1,1,S1,2023,1000562.886189928,727078.1291267837,18540.84572059781,0.0,254943.91134254605,0.0,0.0,812658.8519250901,1000562.886189928,85791.3310548371,1.0531888850803979E7
T22_B1,T22,B1,1,S1,2026,1000562.886189928,681449.5668082738,4934.955465668323,0.0,314178.36391598557,0.0,0.0,812658.8519250901,1000562.886189928,131629.34060357782,1.0531888850803979E7
T22_B1,T22,B1,1,S1,2021,1000562.8861899282,776120.6813096283,9544.34674317603,0.0,214897.85813712326,0.0,0.0,812658.8519250901,1000562.8861899282,36650.05629203647,1.0531888850803979E7
T22_B1,T22,B1,1,S1,2024,1000562.8861899282,708477.3617929788,13955.054555466595,0.0,278130.4698414821,0.0,0.0,812658.8519250902,1000562.8861899282,104688.26599118102,1.0531888850803979E7
T22_B1,T22,B1,1,S1,2025,1000562.8861899282,706946.9250890986,4980.652672861137,0.0,288635.3084279678,0.0,0.0,812658.8519250902,1000562.8861899282,106070.42555233825,1.0531888850803979E7
T23_B1,T23,B1,1,S1,2020,1008607.6875586417,847927.8628087362,14622.56574380912,0.0,146057.25900609637,0.0,0.0,847927.8628087362,1008607.6875586417,0.0,1.1433214549159931E7
T23_B1,T23,B1,1,S1,2023,1008607.6875586417,786058.2240508135,45103.854454938104,0.0,177445.60905288998,0.0,0.0,847927.8628087363,1008607.6875586417,62835.184864148905,1.1433214549159931E7
T23_B1,T23,B1,1,S1,2024,1008607.6875586417,777313.7339231602,42331.109312708235,0.0,188962.84432277307,0.0,0.0,847927.8628087362,1008607.6875586417,71974.56635685341,1.1433214549159931E7
T23_B1,T23,B1,1,S1,2026,1008607.6875586417,730530.6633010267,30413.519923460713,0.0,247663.50433415448,0.0,0.0,847927.8628087363,1008607.6875586417,118150.20192338545,1.1433214549159931E7
T23_B1,T23,B1,1,S1,2021,1008607.6875586418,832615.7872975069,20707.755746669394,0.0,155284.14451446536,0.0,0.0,847927.8628087362,1008607.6875586418,17042.237245118384,1.1433214549159933E7
T23_B1,T23,B1,1,S1,2022,1008607.6875586418,809856.5453197703,37081.78906459434,0.0,161669.35317427694,0.0,0.0,847927.8628087362,1008607.6875586418,43084.490197364954,1.1433214549159931E7
T23_B1,T23,B1,1,S1,2025,1008607.6875586418,755063.9769381355,52819.703565171185,0.0,200724.00705533495,0.0,0.0,847927.8628087362,1008607.6875586418,92987.77325654871,1.1433214549159933E7
T24_B1,T24,B1,1,S1,2020,993690.6601789887,818379.9041415646,54692.01676931942,0.0,120618.73926810469,0.0,0.0,818379.9041415646,993690.6601789887,0.0,1.2655075044869633E7
T24_B1,T24,B1,1,S1,2021,993690.6601789887,813171.9988831467,40567.3201793895,0.0,139951.3411164527,0.0,0.0,818379.9041415649,993690.6601789887,12087.91351073022,1.2655075044869633E7
T24_B1,T24,B1,1,S1,2022,993690.6601789887,798976.8547140385,55377.26414687213,0.0,139336.54131807812,0.0,0.0,818379.9041415649,993690.6601789887,26403.84836730957,1.2655075044869633E7
T24_B1,T24,B1,1,S1,2023,993690.6601789887,785907.5261955115,53160.84369408102,0.0,154622.2902893964,0.0,0.0,818379.9041415649,993690.6601789887,36442.5810146257,1.2655075044869633E7
T24_B1,T24,B1,1,S1,2024,993690.6601789887,785564.8979608875,45045.46552653593,0.0,163080.29669156543,0.0,0.0,818379.9041415649,993690.6601789887,47007.07741271374,1.2655075044869633E7
T24_B1,T24,B1,1,S1,2025,993690.6601789887,758947.3931264244,40237.825975545245,0.0,194505.44107701918,0.0,0.0,818379.9041415649,993690.6601789887,65231.599526708276,1.2655075044869633E7
T24_B1,T24,B1,1,S1,2026,993690.6601789887,744341.1933983299,24499.10071147844,0.0,224850.3660691803,0.0,0.0,818379.9041415649,993690.6601789887,88846.73721391267,1.2655075044869633E7
T25_B1,T25,B1,1,S1,2020,1017489.2429095102,844471.2405189965,40728.11563615986,25168.232673525345,90166.78341971006,16954.87066111845,0.0,844471.2405189965,1000534.3722483916,0.0,1.2096506994280107E7
T25_B1,T25,B1,1,S1,2021,1017489.2429095102,813200.9204979392,54585.30917714437,25266.955894350536,107854.78673472683,16581.270605349073,0.0,844471.2405189965,1000534.3722483916,32307.490061172783,1.2096506994280107E7
T25_B1,T25,B1,1,S1,2022,1017489.2429095102,781641.8441414926,73298.91064731372,25266.95589435054,120080.43404035381,17201.09818599925,0.0,844471.2405189965,1000534.3722483916,65876.2529843798,1.2096506994280107E7
T25_B1,T25,B1,1,S1,2023,1017489.2429095102,721003.8719682582,117720.79922922172,25266.95589435054,134549.69539615407,18947.92042152554,0.0,844471.2405189965,1000534.3722483916,125639.27084108241,1.2096506994280107E7
T25_B1,T25,B1,1,S1,2024,1017489.2429095102,576734.6394141701,201961.10354784795,25266.95589435054,196550.38013724535,16976.163915895948,0.0,844471.2405189965,1000534.3722483916,270092.39780569635,1.2096506994280107E7
T25_B1,T25,B1,1,S1,2025,1017489.2429095102,550351.3680516859,191792.63416341145,25266.95589435054,231047.1270713956,19031.157728666414,0.0,844471.2405189965,1000534.3722483916,297068.00588387885,1.2096506994280107E7
T25_B1,T25,B1,1,S1,2026,1017489.2429095102,528750.328713331,156711.88667004154,25266.955894350536,287611.22019530647,19148.85143648035,0.0,844471.2405189965,1000534.3722483916,321233.90261030005,1.2096506994280107E7
T26_B1,T26,B1,1,S1,2020,990738.3301061594,519295.33607647463,88108.29575240191,47229.574982228,41370.35840484021,294734.76489021454,0.0,519295.33607647463,696003.5652159447,0.0,7819554.847198368
T26_B1,T26,B1,1,S1,2021,990738.3301061594,455565.98763445683,143054.0349539065,47427.02143913718,51905.822460069816,292785.4636185889,0.0,519295.33607647463,696003.5652159447,68196.65427123428,7819554.847198368
T26_B1,T26,B1,1,S1,2022,990738.3301061594,393625.7448993757,209076.7952733058,48907.86918693991,49428.0459625244,289699.8747840134,0.0,519295.33607647463,696003.5652159447,128411.37447527709,7819554.847198368
T26_B1,T26,B1,1,S1,2023,990738.3301061594,367602.0018110387,220814.75815681004,48809.14602714987,50603.36680815453,302909.05730300606,0.0,519295.33607647463,696003.5652159447,155207.86406558158,7819554.847198368
T26_B1,T26,B1,1,S1,2024,990738.3301061594,379685.29335054883,186839.42486877443,49006.59237724753,79262.40948291852,295944.61002667004,0.0,519295.33607647463,696003.5652159447,144907.77853561094,7819554.847198368
T26_B1,T26,B1,1,S1,2025,990738.3301061594,370675.57265639957,208184.47277876904,49006.59237724753,63767.93537071079,299103.75692303234,0.0,519295.33607647463,696003.5652159447,152371.22805783132,7819554.847198368
T26_B1,T26,B1,1,S1,2026,990738.3301061594,401251.78609631106,133232.48794172698,49006.59237724753,111426.74218139648,295820.72150947724,0.0,519295.33607647463,696003.5652159447,127718.38529968253,7819554.847198368
T27_B1,T27,B1,1,S1,2020,1013544.5828734754,629573.3534909714,63918.08565126307,39887.66576226926,9161.892599337707,271003.5853696337,0.0,629573.3534909714,742540.9975038414,0.0,7994000.275429549
T27_B1,T27,B1,1,S1,2021,1013544.5828734754,597728.0393792543,82043.62503312055,39436.6363786286,22311.39385124655,272024.8882312251,0.0,629573.3534909714,742540.9975038414,33629.28141542322,7994000.275429549
T27_B1,T27,B1,1,S1,2022,1013544.5828734754,492522.25689604506,162705.71427277214,40578.728170716524,47129.19196313596,270608.69157080556,0.0,629573.3534909714,742540.9975038414,138835.0634256101,7994000.275429549
T27_B1,T27,B1,1,S1,2023,1013544.5828734754,489641.1030316819,135981.919245402,40578.72817071653,62488.5569156123,284854.2755100624,0.0,629573.3534909713,742540.9975038414,141617.49452691173,7994000.275429549
T27_B1,T27,B1,1,S1,2024,1013544.5828734754,445878.22251206945,196737.60966288252,40578.72817071653,49665.355192685594,280684.6673351213,0.0,629573.3534909714,742540.9975038414,185269.26365754366,7994000.275429549
T27_B1,T27,B1,1,S1,2025,1013544.5828734754,434121.30870139925,218262.65425220563,40578.728170716524,39972.71904518277,280609.1727039711,0.0,629573.3534909714,742540.9975038414,196841.12064430382,7994000.275429549
T27_B1,T27,B1,1,S1,2026,1013544.5828734754,451081.11082249065,159606.18343514836,40578.72817071653,84036.81286612117,278241.7475789986,0.0,629573.3534909714,742540.9975038414,179881.31852321245,7994000.275429549
T28_B1,T28,B1,1,S1,2020,1002989.6031948313,647357.9799442067,98172.05977268594,40858.22181139179,18831.614834295535,197769.72683225144,0.0,647357.9799442067,805219.8763625798,0.0,6064304.159519807
T28_B1,T28,B1,1,S1,2021,1002989.6031948313,663011.5145620906,75072.16088648778,38545.003552515365,34239.691389854284,192121.23280388326,0.0,647357.9799442067,805219.8763625798,7130.464967944576,6064304.159519807
T28_B1,T28,B1,1,S1,2022,1002989.6031948313,581853.5234216128,141386.08093725462,41154.39117632099,43749.60488658231,194846.00277306052,0.0,647357.9799442067,805219.8763625798,79111.10320691875,6064304.159519807
T28_B1,T28,B1,1,S1,2023,1002989.6031948313,553455.5371817197,134640.742747707,41845.45292101093,60717.435600998826,212330.43474339502,0.0,647357.9799442067,805219.8763625798,106464.17233997419,6064304.159519807
T28_B1,T28,B1,1,S1,2024,1002989.6031948313,540524.9132164749,145448.02840677893,42141.622240163764,69363.8423424515,205511.19698896218,0.0,647357.9799442067,805219.8763625798,143553.6507811004,6064304.159519807
T28_B1,T28,B1,1,S1,2025,1002989.6031948313,481249.8048565135,201763.41701052798,42141.622240163764,68959.68600804945,208875.07307957666,0.0,647357.9799442067,805219.8763625798,178104.67361946852,6064304.159519807
T28_B1,T28,B1,1,S1,2026,1002989.6031948313,528820.2764353434,117135.48273797127,42141.622240163764,115076.40637919106,199815.81540216182,0.0,647357.9799442067,805219.8763625798,153307.44190189135,6064304.159519807
T29_B1,T29,B1,1,S1,2020,991155.3370209637,476776.9916581097,74501.00082310697,49496.63549517463,144940.72034340652,245439.9887011659,0.0,476776.9916581097,745715.3483197979,0.0,6149440.764641616
T29_B1,T29,B1,1,S1,2021,991155.3370209637,480981.79240076395,68750.28473271389,49990.250782955394,137330.18392821666,254102.82517631375,0.0,476776.9916581097,745715.3483197979,1791.7193338730756,6149440.764641616
T29_B1,T29,B1,1,S1,2022,991155.3370209637,473565.98448474356,79437.50542617499,50780.034611690746,147788.0934352202,239583.71906313425,0.0,476776.9916581097,745715.3483197979,6814.1806939517755,6149440.764641616
T29_B1,T29,B1,1,S1,2023,991155.3370209637,458898.1877981746,73590.73473848829,50780.034611690746,129917.83288209206,277968.546990518,0.0,476776.9916581097,745715.3483197979,22916.73106058158,6149440.764641616
T29_B1,T29,B1,1,S1,2024,991155.3370209637,461610.54691212974,76970.15012787463,50780.034611690746,151536.05123644066,250258.55413282802,0.0,476776.9916581097,745715.3483197979,40884.2776304058,6149440.764641616
T29_B1,T29,B1,1,S1,2025,991155.3370209637,394884.8132189881,108532.48895416259,50681.31152056526,169296.9275128832,267759.7958143645,0.0,476776.9916581097,745715.3483197979,86325.76220912556,6149440.764641616
T29_B1,T29,B1,1,S1,2026,991155.3370209638,403400.9714647181,74444.05978211047,50780.034611690746,200949.6767704982,261580.59439194622,0.0,476776.9916581097,745715.3483197979,91685.40916502707,6149440.764641615
T30_B1,T30,B1,1,S1,2020,1002023.8570644001,348319.4537969252,80150.50234138638,52119.90464510451,173827.44043495329,347606.555846031,0.0,348319.4537969252,654417.3012183694,0.0,4284651.418684925
T30_B1,T30,B1,1,S1,2021,1002023.8570644001,342083.349630079,71244.91043174594,51527.56747164259,174123.95438714122,363044.0751437916,0.0,348319.4537969252,654417.3012183694,14157.503970576267,4284651.418684925
T30_B1,T30,B1,1,S1,2022,1002023.8570644001,340869.6617448395,89681.96762102914,53403.30221285353,223794.66399697697,294274.2614887013,0.0,348319.4537969252,654417.3012183694,17996.82374970679,4284651.418684925
T30_B1,T30,B1,1,S1,2023,1002023.8570644001,291164.62447013106,148333.20943053003,53798.193753380874,164525.62238198073,344202.2070283778,0.0,348319.4537969252,654417.3012183694,65545.82080900902,4284651.418684925
T30_B1,T30,B1,1,S1,2024,1002023.8570644001,274228.35467382683,199904.67317394182,54094.36239351759,190797.75308425003,282998.71373886405,0.0,348319.45379692526,654417.3012183694,95157.23677831911,4284651.418684925
T30_B1,T30,B1,1,S1,2025,1002023.8570644001,239091.32358763454,190536.28284379543,54094.36239351759,185421.8239729339,332880.064266519,0.0,348319.45379692526,654417.3012183694,119482.8289011637,4284651.418684925
T30_B1,T30,B1,1,S1,2026,1002023.8570644002,213461.56696457206,208330.5440944297,54094.36239351759,221308.27190901813,304829.1117028629,0.0,348319.4537969252,654417.3012183694,140920.20342245663,4284651.418684925
T31_B1,T31,B1,1,S1,2020,1014616.9686343626,429629.614409772,113400.36329617968,31614.540106739718,107092.46447323068,332879.9863484401,0.0,429629.614409772,681736.9822859223,0.0,5747061.090038793
T31_B1,T31,B1,1,S1,2021,1014616.9686343626,413595.66481077904,95046.45739868762,31120.92605492087,150376.53949662752,324477.3808733473,0.0,429629.614409772,681736.9822859223,23370.777140299484,5747061.090038793
T31_B1,T31,B1,1,S1,2022,1014616.9686343626,410648.70642586506,110700.78507460051,31713.262907948214,188351.47613513423,273202.7380908143,0.0,429629.614409772,681736.9822859223,28588.34206970814,5747061.090038793
T31_B1,T31,B1,1,S1,2023,1014616.9686343626,390755.5887701595,116079.7661046047,31713.262907948214,132403.1139850093,343665.2368666406,0.0,429629.614409772,681736.9822859223,44137.66774848489,5747061.090038793
T31_B1,T31,B1,1,S1,2024,1014616.9686343626,385371.2321652581,125698.39351133458,31713.262907948214,150491.3479816811,321342.73206814035,0.0,429629.614409772,681736.9822859223,57456.597222331926,5747061.090038793
T31_B1,T31,B1,1,S1,2025,1014616.9686343626,339833.14552459714,130837.06675277409,31713.262907948214,133987.73478818408,378245.75866085873,0.0,429629.614409772,681736.9822859223,92592.0491730634,5747061.090038793
T31_B1,T31,B1,1,S1,2026,1014616.9686343626,305898.3781992894,124865.6801525041,31713.262907948214,193672.77660196344,358466.8707726572,0.0,429629.614409772,681736.9822859223,133307.32241501153,5747061.090038793
T32_B1,T32,B1,1,S1,2020,991531.246332535,596863.5357250139,66169.64700646495,41908.77900001676,35806.72788854861,250782.5567124909,0.0,596863.5357250139,740748.6896200442,0.0,5242229.942187171
T32_B1,T32,B1,1,S1,2021,991531.246332535,573298.0489524691,60262.23018981335,41433.3613736321,47337.079708353675,269200.5261082668,0.0,596863.5357250139,740748.6896200442,35592.896345819216,5242229.942187171
T32_B1,T32,B1,1,S1,2022,991531.246332535,524986.355974923,90233.50882122564,42223.14299747243,96128.80819103763,237959.43034787645,0.0,596863.5357250138,740748.6896200442,77783.83910211302,5242229.942187171
T32_B1,T32,B1,1,S1,2023,991531.246332535,516789.2851074219,52976.83779326794,42223.14299747243,71101.86851782705,308440.1119165458,0.0,596863.5357250139,740748.6896200442,90818.27003125958,5242229.942187171
T32_B1,T32,B1,1,S1,2024,991531.246332535,502500.17283768,70650.10329604804,42223.14299747243,104931.30480131262,271226.522400022,0.0,596863.5357250138,740748.6896200442,111129.4140545415,5242229.942187171
T32_B1,T32,B1,1,S1,2025,991531.246332535,445745.02710768755,67071.74149382347,42223.14299747243,105808.2444224339,330683.0903111177,0.0,596863.5357250139,740748.6896200442,161566.35607969997,5242229.942187171
T32_B1,T32,B1,1,S1,2026,991531.246332535,362810.97012840724,95300.14370509132,42223.14299747243,164132.92793914195,327064.0615624222,0.0,596863.5357250138,740748.6896200442,241440.04204152423,5242229.942187171
T33_B1,T33,B1,1,S1,2020,1019185.6351180433,577352.6179064284,64041.48250220804,37098.77768171721,75013.59549001057,265679.161537679,0.0,577352.6179064284,753506.4735803644,0.0,5012391.615808375
T33_B1,T33,B1,1,S1,2021,1019185.6351180433,522227.553902959,69768.90933849858,36290.80125750373,125809.2440559836,265089.1265630984,0.0,577352.6179064284,753506.4735803644,58481.59776354023,5012391.615808375
T33_B1,T33,B1,1,S1,2022,1019185.6351180433,449710.3168360991,90879.9730659036,37672.91767443488,182941.32029613422,257981.10724547142,0.0,577352.6179064284,753506.4735803644,128629.51859962611,5012391.615808375
T33_B1,T33,B1,1,S1,2023,1019185.6351180433,438606.18429523543,64216.10838587144,37672.91767443488,113593.35279014439,365097.071972357,0.0,577352.6179064284,753506.4735803644,143287.62092045802,5012391.615808375
T33_B1,T33,B1,1,S1,2024,1019185.6351180433,432442.0608349669,84820.82122327019,37672.91767443488,136746.8912991692,327502.94408620195,0.0,577352.6179064284,753506.4735803644,151929.8595584944,5012391.615808375
T33_B1,T33,B1,1,S1,2025,1019185.6351180433,388518.97470855707,76872.70643412272,37672.91767443488,107801.2921198527,408319.7441810757,0.0,577352.6179064284,753506.4735803644,193483.62216805853,5012391.615808375
T33_B1,T33,B1,1,S1,2026,1019185.6351180433,340102.94624122174,79213.01713867187,37672.91767443488,150505.77486329916,411690.97920041555,0.0,577352.6179064284,753506.4735803644,242689.43225923422,5012391.615808375
T34_B1,T34,B1,1,S1,2020,1005799.3337641397,560315.9333330041,65879.55450681798,36351.12153592577,69042.08488479315,274210.6395035987,0.0,560315.9333330041,731588.6942605409,0.0,7055698.862207087
T34_B1,T34,B1,1,S1,2021,1005799.3337641397,557233.4811611698,74548.95470610974,36844.73339810839,74909.26730992935,262262.8971888224,0.0,560315.9333330041,731588.6942605409,5649.222252400717,7055698.862207087
T34_B1,T34,B1,1,S1,2022,1005799.3337641397,538530.9498816995,79902.00802872602,39905.1259609746,82625.37406999177,264835.8758227479,0.0,560315.9333330041,731588.6942605409,22772.2001337388,7055698.862207088
T34_B1,T34,B1,1,S1,2023,1005799.3337641397,513123.5394844204,75993.27865830963,39905.12594571581,92387.15363993926,284390.2360357547,0.0,560315.9333330041,731588.6942605409,48771.94041077857,7055698.862207088
T34_B1,T34,B1,1,S1,2024,1005799.3337641397,514906.72497762035,79097.88277480181,40398.7377087163,95627.89870066922,275768.089602332,0.0,560315.9333330041,731588.6942605409,48568.309315161605,7055698.862207087
T34_B1,T34,B1,1,S1,2025,1005799.3337641397,451175.3772580015,95579.44779408773,40497.45998349657,126010.18238926306,292536.86633929086,0.0,560315.9333330041,731588.6942605409,110226.49349107928,7055698.862207088
T34_B1,T34,B1,1,S1,2026,1005799.3337641397,396423.56990404305,102219.62341467167,40991.07163205614,170390.86495202754,295774.2038613413,0.0,560315.9333330041,731588.6942605409,166064.24424255968,7055698.862207087
T35_B1,T35,B1,1,S1,2020,988062.1095589732,580562.9483936984,62552.337227346376,34713.80999094645,8679.804392795937,301553.2095541862,0.0,580562.9483936984,686508.9000047871,0.0,7701506.092222685
T35_B1,T35,B1,1,S1,2021,988062.1095589732,554868.1132640166,78769.49891195858,34318.92202097575,32081.965386424345,288023.609975598,0.0,580562.9483936984,686508.9000047871,27274.38894743078,7701506.092222685
T35_B1,T35,B1,1,S1,2022,988062.1095589732,527809.0352051379,85952.19008789063,35009.976670328775,45244.464443281584,294046.4431523343,0.0,580562.9483936984,686508.9000047871,53839.85609017167,7701506.092222685
T35_B1,T35,B1,1,S1,2023,988062.1095589732,510175.82024263876,74362.19203278785,35306.14308268229,61531.18693793802,306686.76726292644,0.0,580562.9483936984,686508.9000047871,71176.90506756354,7701506.092222686
T35_B1,T35,B1,1,S1,2024,988062.1095589732,519994.5972347484,68117.55777154063,35207.42087656657,65365.08744150798,299377.4462346097,0.0,580562.9483936984,686508.9000047871,62345.34918293673,7701506.092222685
T35_B1,T35,B1,1,S1,2025,988062.1095589732,496011.37213918654,86138.76962842754,34812.53221232096,65498.613003001505,305600.8225760368,0.0,580562.9483936984,686508.9000047871,84847.74256768318,7701506.092222686
T35_B1,T35,B1,1,S1,2026,988062.1095589732,459349.419611942,77367.93778860055,35306.14308268229,112412.23149940638,303626.3775763419,0.0,580562.9483936984,686508.9000047871,122694.36043916589,7701506.092222685
T36_B1,T36,B1,1,S1,2020,1000149.0274905931,589636.291699488,71364.36616860183,32590.241127911737,29552.278858798156,277005.8496357936,0.0,589636.291699488,723143.1778547995,0.0,8863699.998441694
T36_B1,T36,B1,1,S1,2021,1000149.0274905931,587195.3429622874,70764.32185217165,32773.361035754635,43658.66073952469,265757.3409008549,0.0,589636.291699488,723143.1778547995,3428.1667929256664,8863699.998441692
T36_B1,T36,B1,1,S1,2022,1000149.0274905931,574621.6582273595,88725.1075764974,33774.90369505041,33131.045820288564,269896.3121713975,0.0,589636.291699488,723143.1778547997,15804.40764205035,8863699.998441694
T36_B1,T36,B1,1,S1,2023,1000149.0274905931,576438.1387052648,79415.4178439271,33774.90369505041,29664.55828591141,280856.0089604396,0.0,589636.291699488,723143.1778547997,14580.258119650447,8863699.998441694
T36_B1,T36,B1,1,S1,2024,1000149.0274905931,579501.6122669593,77024.43632860371,33774.90369505041,39103.91477679084,270744.16042318905,0.0,589636.291699488,723143.1778547995,13395.59581191119,8863699.998441692
T36_B1,T36,B1,1,S1,2025,1000149.0274905931,576080.0332343007,79457.61909236535,33281.29457944982,31503.49123672784,279826.5893477496,0.0,589636.291699488,723143.1778547995,15731.235002345664,8863699.998441694
T36_B1,T36,B1,1,S1,2026,1000149.0274905931,569808.2999232871,74288.47494324329,33676.18187803381,42944.3706728767,279431.7000731524,0.0,589636.291699488,723143.1778547995,22496.576780461328,8863699.998441692
T37_B1,T37,B1,1,S1,2020,1012769.6367513619,593127.674623766,85203.39337424483,28114.385775696996,44302.768269647335,262021.4147080066,0.0,593127.674623766,750748.2220433552,0.0,9026335.111176642
T37_B1,T37,B1,1,S1,2024,1012769.6367513619,570331.1575794594,78225.92647016938,30286.26263726926,76107.32825018192,257818.961814282,0.0,593127.674623766,750748.2220433552,31579.25093569288,9026335.111176642
T37_B1,T37,B1,1,S1,2025,1012769.6367513619,566464.7598003611,89535.51738571466,28904.15832818723,61556.16307546578,266309.03816163307,0.0,593127.674623766,750748.2220433552,33668.6612575157,9026335.111176642
T37_B1,T37,B1,1,S1,2021,1012769.636751362,586904.7478768443,78208.89700332342,26845.328093195894,67910.75410087436,252899.90967712403,0.0,593127.6746237661,750748.2220433553,11060.28337533988,9026335.111176644
T37_B1,T37,B1,1,S1,2022,1012769.636751362,574875.8358813716,85122.12729908065,30088.81930841184,72152.27153544707,250530.5827270508,0.0,593127.6746237661,750748.2220433553,21707.093060631843,9026335.111176642
T37_B1,T37,B1,1,S1,2023,1012769.636751362,558784.2264605953,92003.16303283093,29990.097575318578,66193.36756522983,265798.78211738734,0.0,593127.6746237661,750748.2220433553,38094.86800875196,9026335.111176642
T37_B1,T37,B1,1,S1,2026,1012769.636751362,563128.0055489036,76058.68917341046,30681.148791444066,79850.57492307774,263051.21831452614,0.0,593127.6746237661,750748.2220433553,39670.89320062375,9026335.111176644
T38_B1,T38,B1,1,S1,2020,988002.9763488171,607786.5086380901,87396.73789526246,21659.483797768986,36049.15147950415,235111.09453819125,0.0,607786.5086380901,752891.881810626,0.0,1.0488990391448796E7
T38_B1,T38,B1,1,S1,2021,988002.9763488171,569001.0979211245,87453.28543632357,22153.090204934513,84213.8627493765,225181.6400370579,0.0,607786.5086380901,752891.8818106258,40562.3931769876,1.0488990391448796E7
T38_B1,T38,B1,1,S1,2022,988002.9763488171,536247.7117947447,103384.20696895823,25114.73348496381,103856.27945763084,219400.04464251947,0.0,607786.5086380901,752891.8818106258,71637.51806526932,1.0488990391448796E7
T38_B1,T38,B1,1,S1,2023,988002.9763488171,538068.8273864446,86353.38342321059,24621.126673440373,101011.55671066584,237948.08215505563,0.0,607786.5086380901,752891.8818106258,70013.8451234107,1.0488990391448796E7
T38_B1,T38,B1,1,S1,2024,988002.9763488171,543637.0951431871,87859.00303676828,24818.569010476505,101809.45667799408,229878.85248039095,0.0,607786.5086380901,752891.881810626,67407.21554263248,1.0488990391448796E7
T38_B1,T38,B1,1,S1,2025,988002.9763488171,539262.7770034489,93898.4170703065,23535.19033310834,99255.86780323704,232050.72413871615,0.0,607786.5086380901,752891.8818106258,69807.10886242437,1.0488990391448796E7
T38_B1,T38,B1,1,S1,2026,988002.9763488171,533700.3607829075,83317.0437635833,24719.848070840275,114412.44039629768,231853.28333518832,0.0,607786.5086380901,752891.8818106258,78429.88369502645,1.0488990391448796E7
T39_B1,T39,B1,1,S1,2020,1013442.4271712361,664106.0075232713,115936.53614585727,25051.563027684828,23721.693217109234,184626.62725731346,0.0,664106.0075232713,828815.7999139226,0.0,1.2612713998133037E7
T39_B1,T39,B1,1,S1,2022,1013442.4271712361,556488.8646449072,142543.2671798706,26236.217011754652,122203.84934988582,165970.2289848178,0.0,664106.0075232713,828815.7999139226,108110.74823267321,1.2612713998133037E7
T39_B1,T39,B1,1,S1,2023,1013442.4271712361,559746.6524332983,133522.05659972547,26631.1017087151,112524.15658039766,181018.45984909954,0.0,664106.0075232713,828815.7999139226,107123.54104883532,1.2612713998133037E7
T39_B1,T39,B1,1,S1,2024,1013442.4271712361,581903.8889495551,108632.771923499,26433.65952426686,117033.18742164163,179438.9193522734,0.0,664106.0075232713,828815.7999139226,95810.50673496022,1.2612713998133037E7
T39_B1,T39,B1,1,S1,2025,1013442.4271712361,549422.3942144953,136873.13720053877,26137.496140782972,114408.3456613279,186601.05395409078,0.0,664106.0075232713,828815.7999139226,120407.10165303547,1.2612713998133037E7
T39_B1,T39,B1,1,S1,2026,1013442.4271712361,567503.0529927271,101828.00312078139,25841.332619969984,139719.61102121393,178550.42741654342,0.0,664106.0075232713,828815.7999139226,116198.85933146757,1.2612713998133037E7
T39_B1,T39,B1,1,S1,2021,1013442.4271712363,576524.1474553726,123094.00302761303,24854.120721166273,106811.56236302992,182158.5936040542,0.0,664106.0075232711,828815.7999139224,88963.95419936834,1.261271399813304E7
T40_B1,T40,B1,1,S1,2020,1001133.7361890009,646636.3196111341,166935.87188592053,27108.77833990957,43003.91432596843,117448.852026068,0.0,646636.3196111341,883684.8841629328,0.0,1.1423746872777002E7
T40_B1,T40,B1,1,S1,2021,1001133.7361890009,633743.8056370454,150091.81795070873,27306.220470952052,75886.78205270205,114105.11007759244,0.0,646636.3196111341,883684.8841629328,37968.344065108955,1.1423746872777002E7
T40_B1,T40,B1,1,S1,2022,1001133.7361890009,578198.0933335846,206821.11482531976,27602.383259343165,101016.83855336507,87495.30621738808,0.0,646636.3196111342,883684.8841629328,76729.59881065218,1.1423746872777002E7
T40_B1,T40,B1,1,S1,2023,1001133.7361890009,598546.9320320876,163496.54175418027,27503.66225867178,91343.74744032319,120242.85270373775,0.0,646636.3196111341,883684.8841629328,70312.76542899935,1.1423746872777002E7
T40_B1,T40,B1,1,S1,2024,1001133.7361890009,624031.59514579,138041.73077293843,27503.66225867178,102925.82384305469,108630.92416854559,0.0,646636.3196111341,883684.8841629328,60341.97233054966,1.1423746872777002E7
T40_B1,T40,B1,1,S1,2025,1001133.7361890009,597942.259396811,159888.00438456814,26911.33630804922,102089.58415033678,114302.55194923551,0.0,646636.3196111341,883684.8841629328,76928.95433442359,1.1423746872777002E7
T40_B1,T40,B1,1,S1,2026,1001133.7361890009,633171.2562190335,105988.03466099757,27010.05733160879,121015.29923002953,113949.0887473312,0.0,646636.3196111342,883684.8841629328,64662.024250015565,1.1423746872777002E7
T41_B1,T41,B1,1,S1,2020,990383.4127042582,577311.5604064642,171337.33209728164,28723.49305467793,129266.5571558335,83744.469990001,0.0,577311.5604064642,906638.9427142572,0.0,9968709.796865486
T41_B1,T41,B1,1,S1,2021,990383.4127042582,560532.1761575735,163035.57355349674,28920.93454485127,162175.69056456324,75719.0378837735,0.0,577311.5604064642,906638.9427142574,20110.712900797524,9968709.796865486
T41_B1,T41,B1,1,S1,2022,990383.4127042582,541954.9071240292,174287.07187787225,28723.4930928249,184694.4303905113,60723.51021902046,0.0,577311.5604064642,906638.9427142572,38474.28111865473,9968709.796865486
T41_B1,T41,B1,1,S1,2023,990383.4127042582,542534.4530681535,173467.00745346968,29019.655339529003,156617.51335751402,88744.78348559211,0.0,577311.5604064642,906638.9427142574,39066.60507800533,9968709.796865486
T41_B1,T41,B1,1,S1,2024,990383.4127042582,544087.2732228297,166765.6435121125,29019.655339529003,168311.44881714464,82199.39181264241,0.0,577311.5604064642,906638.9427142574,37663.22265005673,9968709.796865486
T41_B1,T41,B1,1,S1,2025,990383.4127042582,524564.6808633842,183536.88268399704,28920.93454485127,171603.25065935924,81757.66395266663,0.0,577311.5604064642,906638.9427142574,55116.94551618986,9968709.796865486
T41_B1,T41,B1,1,S1,2026,990383.4127042582,526676.5301095401,161549.30311590456,29019.655339529003,186333.10264018943,86804.82149909523,0.0,577311.5604064642,906638.9427142572,57139.74090118408,9968709.796865486
T42_B1,T42,B1,1,S1,2020,1005926.8313780838,646091.8639705583,160872.2003918517,28516.321288075163,72852.94880134733,97593.4969262516,0.0,646091.8639705583,908333.3344518322,0.0,1.011393980762796E7
T42_B1,T42,B1,1,S1,2021,1005926.8313780838,599221.2171901029,148524.46431343228,28853.519704871083,139350.34456637513,89977.28560330262,0.0,646091.8639705583,908333.3344518322,56032.271532096114,1.011393980762796E7
T42_B1,T42,B1,1,S1,2022,1005926.8313780838,571507.479314707,166660.3650810092,29149.681394629384,149587.09491098442,89022.21067675424,0.0,646091.8639705584,908333.3344518322,83366.22204275691,1.011393980762796E7
T42_B1,T42,B1,1,S1,2023,1005926.8313780838,567463.8125192381,163447.06788569433,29149.681394629384,142465.66919322294,103400.60038529939,0.0,646091.8639705583,908333.3344518322,87791.99677647608,1.011393980762796E7
T42_B1,T42,B1,1,S1,2024,1005926.8313780838,583958.6115708894,138578.4951201196,29149.681394629384,156274.891716153,97965.15157629276,0.0,646091.8639705583,908333.3344518322,83951.97310868805,1.011393980762796E7
T42_B1,T42,B1,1,S1,2025,1005926.8313780838,554889.2018733904,160497.46613931094,29149.681394629384,159331.32461317477,102059.15735757866,0.0,646091.8639705583,908333.3344518322,105401.33903548298,1.011393980762796E7
T42_B1,T42,B1,1,S1,2026,1005926.8313780838,571569.467293743,116860.76668270334,29149.681394629384,185497.99084242276,102848.9251645855,0.0,646091.8639705583,908333.3344518322,103496.99027006862,1.011393980762796E7
T43_B1,T43,B1,1,S1,2022,1021182.8208868586,638897.9600155998,201184.79568176268,33466.25760734409,101543.22557995367,46090.58200219847,0.0,715068.1705139459,966651.814443102,81290.87829682593,9565773.70694616
T43_B1,T43,B1,1,S1,2023,1021182.8208868586,583979.6876151292,277887.2782476388,33466.25760734409,63246.72421315511,62602.87320359174,0.0,715068.1705139459,966651.814443102,139941.1554852654,9565773.70694616
T43_B1,T43,B1,1,S1,2026,1021182.8208868586,662459.6125118779,132441.40559830013,33466.25760734409,132088.36450114532,60727.18066819135,0.0,715068.1705139459,966651.814443102,90321.9793515673,9565773.70694616
T43_B1,T43,B1,1,S1,2020,1021182.8208868587,715068.1705139459,159569.31337097767,33408.96099180334,58605.36956637513,54531.006443756705,0.0,715068.1705139459,966651.814443102,0.0,9565773.70694616
T43_B1,T43,B1,1,S1,2021,1021182.8208868587,659592.4058666754,212221.3179971134,33466.25760734409,64844.09081633324,51058.74859939276,0.0,715068.170513946,966651.814443102,60749.738688659665,9565773.70694616
T43_B1,T43,B1,1,S1,2024,1021182.8208868587,681305.411197079,161731.17586346797,33466.25760734409,86124.65018792245,58555.326031045355,0.0,715068.1705139459,966651.814443102,70422.00005397422,9565773.70694616
T43_B1,T43,B1,1,S1,2025,1021182.8208868587,613187.3963868984,202744.5237424065,33466.25760734409,107997.12222628127,63787.520923928656,0.0,715068.1705139459,966651.814443102,115067.07197902908,9565773.70694616
T44_B1,T44,B1,1,S1,2020,992796.9038126927,610887.2866521201,137212.05542788038,37765.05000188491,181967.79449486826,24964.717235939177,0.0,610887.2866521201,967832.1865767535,0.0,1.0851194568118228E7
T44_B1,T44,B1,1,S1,2021,992796.9038126927,577432.8987082089,167375.90743907852,37765.05000188491,186969.87557989382,23253.17208362654,0.0,610887.2866521201,967832.1865767535,37008.313549685015,1.085119456811823E7
T44_B1,T44,B1,1,S1,2022,992796.9038126927,532816.4668699377,158467.48625859278,37765.05000188491,239227.23272767907,24520.66795459822,0.0,610887.2866521201,967832.1865767535,79058.02183906703,1.085119456811823E7
T44_B1,T44,B1,1,S1,2023,992796.9038126927,528502.6072258744,164084.06779731304,37765.05000188491,229089.20665360987,33355.972134010466,0.0,610887.2866521201,967832.1865767535,86037.32859616746,1.0851194568118228E7
T44_B1,T44,B1,1,S1,2024,992796.9038126927,559002.5016218597,124397.80758915322,37765.05000188491,240249.98530758117,31381.55929221359,0.0,610887.2866521201,967832.1865767535,75325.99642052742,1.085119456811823E7
T44_B1,T44,B1,1,S1,2025,992796.9038126927,519743.6451963538,160350.5308028875,37765.05000188491,241482.98495917223,33454.692852394255,0.0,610887.2866521201,967832.1865767535,94544.65004146802,1.0851194568118228E7
T44_B1,T44,B1,1,S1,2026,992796.9038126927,534205.1892737595,140294.47864646153,37765.05000188491,254580.26227952552,25951.923611061247,0.0,610887.2866521201,967832.1865767535,100123.30827271707,1.085119456811823E7
T45_B1,T45,B1,1,S1,2020,1003623.9827819524,631120.0880435122,154027.83652328793,27978.183430660472,182375.6784585392,8122.196325952866,0.0,631120.0880435122,995501.7864559995,0.0,1.1615753575514881E7
T45_B1,T45,B1,1,S1,2021,1003623.9827819524,608587.521975738,166307.4741623224,27978.183430660472,196098.92913593966,4651.874077292048,0.0,631120.0880435122,995501.7864559995,24210.809537012436,1.1615753575514881E7
T45_B1,T45,B1,1,S1,2022,1003623.9827819524,594449.9807062785,168847.14754064224,27978.183430660472,208452.1071591845,3896.5639451868383,0.0,631120.0880435122,995501.7864559995,36867.54772114473,1.1615753575514881E7
T45_B1,T45,B1,1,S1,2023,1003623.9827819524,591516.2486898386,183983.86304249484,27978.183430660472,190421.1192418117,9724.568377147,0.0,631120.0880435122,995501.7864559995,41084.64257632985,1.1615753575514881E7
T45_B1,T45,B1,1,S1,2024,1003623.9827819524,598327.9459325754,160695.94467474247,27978.183430660472,208670.05398736094,7951.854756613337,0.0,631120.0880435122,995501.7864559995,38616.63756381764,1.1615753575514881E7
T45_B1,T45,B1,1,S1,2025,1003623.9827819524,574385.0632221596,192431.22065860528,27978.183430660472,201951.19972471346,6878.315745813705,0.0,631120.0880435122,995501.7864559995,58314.55010516602,1.1615753575514881E7
T45_B1,T45,B1,1,S1,2026,1003623.9827819524,571176.9432414634,175097.38509671082,27978.183430660472,223762.97434070063,5608.4966724171345,0.0,631120.0880435122,995501.7864559995,67544.60420604037,1.1615753575514881E7
T46_B1,T46,B1,1,S1,2021,1014102.2520249905,560475.0560137581,145047.87204320572,33427.563371007585,264238.66913149966,10913.091465519923,0.0,584445.3561009725,999019.2763878314,24661.34146142099,1.1281810814877855E7
T46_B1,T46,B1,1,S1,2023,1014102.2520249905,541885.0985428754,130045.4829008813,33427.563371007585,289356.52168465406,19387.585525572533,0.0,584445.3561009725,999019.2763878314,42658.97772716446,1.1281810814877855E7
T46_B1,T46,B1,1,S1,2025,1014102.2520249905,513058.1476691152,151302.88716538373,33427.563371007585,305767.57133851893,10546.082480965408,0.0,584445.3561009725,999019.2763878314,72078.25039352715,1.1281810814877855E7
T46_B1,T46,B1,1,S1,2020,1014102.2520249907,584445.3561009725,132981.13305960264,33427.563371007585,248165.223856249,15082.975637159161,0.0,584445.3561009725,999019.2763878314,0.0,1.1281810814877855E7
T46_B1,T46,B1,1,S1,2022,1014102.2520249907,550572.8468311683,130798.09520188875,33427.563371007585,287457.64754886995,11846.099072056191,0.0,584445.3561009725,999019.2763878314,34366.110832304104,1.1281810814877855E7
T46_B1,T46,B1,1,S1,2024,1014102.2520249907,538266.1401940738,139611.3204682294,33427.563371007585,294213.94518704875,8583.28280463125,0.0,584445.3561009725,999019.2763878314,46475.37655905929,1.1281810814877855E7
T46_B1,T46,B1,1,S1,2026,1014102.2520249907,516699.5664331772,131340.8649693807,33427.563371007585,318574.87945652386,14059.37779490153,0.0,584445.3561009725,999019.2763878314,71201.0000636082,1.1281810814877855E7
T47_B1,T47,B1,1,S1,2020,1958831.6102890011,954403.4395364202,270284.34313719504,44824.589775594075,656870.6976069732,32448.540232819196,0.0,954403.4395364202,1926383.070056182,0.0,1.8085859491644286E7
T47_B1,T47,B1,1,S1,2021,1958831.6102890011,930836.7132803824,285004.5002692727,44923.31043294271,678452.242666267,19614.843640136718,0.0,954403.4395364202,1926383.070056182,33864.533272717046,1.8085859491644286E7
T47_B1,T47,B1,1,S1,2022,1958831.6102890011,902906.6897949817,277488.2993296904,44923.31043294271,725139.8559018004,8373.454829586253,0.0,954403.4395364202,1926383.070056182,61362.12219462675,1.8085859491644286E7
T47_B1,T47,B1,1,S1,2026,1958831.6102890011,819294.8642766018,230077.905127372,44923.31043294271,834062.5718425973,30472.958609487494,0.0,954403.4395364202,1926383.070056182,181771.15811914185,1.8085859491644286E7
T47_B1,T47,B1,1,S1,2023,1958831.6102890014,889694.5009078978,289390.24978018366,44923.31043294271,700668.1067312802,34155.44243669697,0.0,954403.4395364202,1926383.070056182,79903.23161707858,1.8085859491644286E7
T47_B1,T47,B1,1,S1,2024,1958831.6102890014,874333.2723499073,279379.8005884806,44923.31043294271,748654.1926911,11541.034226570879,0.0,954403.4395364202,1926383.070056182,101534.50801604027,1.8085859491644286E7
T47_B1,T47,B1,1,S1,2025,1958831.6102890014,805996.7068264531,308928.01795905625,44923.31043294271,776845.3517319323,22138.22333861706,0.0,954403.4395364202,1926383.070056182,165885.50238641477,1.8085859491644286E7
CE01_B2,CE01,B2,0,E,2026,2218857.0473635807,709444.2011111989,513773.5400848688,0.0,588989.1534816069,406650.1526859059,0.0,625859.9061410642,1731086.6101389867,138676.57645209815,1.262869549843083E7
CE01_B2,CE01,B2,0,E,2020,2218857.047363581,625859.9061410642,853045.9929751226,0.0,252180.7110227996,487770.43722459394,0.0,625859.9061410642,1731086.6101389867,0.0,1.2628695498430828E7
CE01_B2,CE01,B2,0,E,2021,2218857.047363581,566174.330988596,835273.9007651834,0.0,355107.13563567516,462301.679974126,0.0,625859.9061410642,1731086.6101389867,80602.46583563113,1.262869549843083E7
CE01_B2,CE01,B2,0,E,2022,2218857.047363581,589881.7456195009,841682.5270579318,0.0,412192.06119402713,375100.71349212056,0.0,625859.9061410642,1731086.6101389867,124613.37350712197,1.2628695498430828E7
CE01_B2,CE01,B2,0,E,2023,2218857.047363581,555024.8277067296,809500.7310502894,0.0,408853.338864405,445478.14974215644,0.0,625859.9061410642,1731086.6101389867,129632.40104055965,1.262869549843083E7
CE01_B2,CE01,B2,0,E,2024,2218857.047363581,708985.4971043604,654758.3560570212,0.0,444538.41708499676,410574.77711720194,0.0,625859.9061410642,1731086.6101389867,99959.67455647787,1.2628695498430828E7
CE01_B2,CE01,B2,0,E,2025,2218857.047363581,753714.6669487746,614389.9590749105,0.0,433538.68932354497,417213.73201635026,0.0,625859.9061410642,1731086.6101389867,112130.55562621471,1.2628695498430828E7
CE02_B2,CE02,B2,0,E,2020,1000062.4819317991,372687.74295681226,317892.1221322452,0.0,35219.552726326736,274263.0641164144,0.0,372687.74295681226,725799.4178153843,0.0,6370591.153028361
CE02_B2,CE02,B2,0,E,2021,1000062.4819317991,315077.13341833383,346576.9840673409,0.0,75264.49515563367,263143.8692904903,0.0,372687.7429568123,725799.4178153843,61065.92094747506,6370591.153028361
CE02_B2,CE02,B2,0,E,2022,1000062.4819317991,343668.1013451371,308249.8502264285,0.0,94855.01411746156,253289.51624277153,0.0,372687.74295681226,725799.4178153843,62617.62766179103,6370591.153028361
CE02_B2,CE02,B2,0,E,2023,1000062.4819317991,315970.94327892235,347192.54574920057,0.0,86839.54207258037,250059.45083109543,0.0,372687.74295681226,725799.4178153843,74486.95357040704,6370591.153028361
CE02_B2,CE02,B2,0,E,2024,1000062.4819317991,349160.48904751055,336181.26421571616,0.0,100923.35626229679,213797.37240627513,0.0,372687.7429568122,725799.4178153843,73065.72425052419,6370591.153028361
CE02_B2,CE02,B2,0,E,2025,1000062.4819317991,286520.89804292563,369999.1860987644,0.0,132706.02377696318,210836.3740131453,0.0,372687.74295681226,725799.4178153843,121834.126731334,6370591.153028361
CE02_B2,CE02,B2,0,E,2026,1000062.4819317991,285640.04674185964,338076.6879870546,0.0,174986.25859318156,201359.4886097029,0.0,372687.74295681226,725799.4178153843,118176.43764047063,6370591.153028361
CE03_B2,CE03,B2,0,E,2021,1000295.8330559824,154706.4604947857,407463.9726879943,0.0,220331.1135710772,217794.2863021252,0.0,253831.47525832235,740606.5694040034,101691.82163304348,5433316.754416403
CE03_B2,CE03,B2,0,E,2022,1000295.8330559824,147780.0040085437,417882.0983996223,0.0,255951.94717287552,178681.78347494086,0.0,253831.47525832235,740606.5694040034,112019.42177671545,5433316.754416403
CE03_B2,CE03,B2,0,E,2023,1000295.8330559824,146121.43766093533,503605.08687968535,0.0,168272.98648077273,182296.32203458896,0.0,253831.47525832235,740606.5694040034,112768.95202908982,5433316.754416403
CE03_B2,CE03,B2,0,E,2025,1000295.8330559824,185081.48851946666,457393.76096358954,0.0,210112.02221963916,147708.56135328702,0.0,253831.47525832235,740606.5694040034,102629.52164001466,5433316.754416403
CE03_B2,CE03,B2,0,E,2020,1000295.8330559825,253831.47525832235,445152.78789107385,0.0,41622.30625460756,259689.2636519787,0.0,253831.47525832235,740606.5694040036,0.0,5433316.754416403
CE03_B2,CE03,B2,0,E,2024,1000295.8330559825,183278.19823216458,483384.8999368705,0.0,178925.47215917247,154707.2627277748,0.0,253831.47525832235,740606.5694040036,100206.70740667605,5433316.754416403
CE03_B2,CE03,B2,0,E,2026,1000295.8330559825,210693.80857986753,399288.93105525593,0.0,258994.21154150864,131318.88187935023,0.0,253831.47525832235,740606.5694040036,96945.40121262496,5433316.754416403
CE04_B2,CE04,B2,0,E,2020,1025597.7829332238,277487.72702155024,525422.5937172984,0.0,16649.63532637054,206037.82686800486,0.0,277487.72702155024,819559.956065219,0.0,4067173.949098176
CE04_B2,CE04,B2,0,E,2021,1025597.7829332238,258561.47667424823,549605.2445898618,0.0,56954.457731000126,160476.60393811393,0.0,277487.72702155024,819559.956065219,34458.40419745352,4067173.949098176
CE04_B2,CE04,B2,0,E,2022,1025597.7829332238,300064.97146738094,508755.3559385711,0.0,104789.45317355884,111988.0023537131,0.0,277487.72702155024,819559.956065219,41295.13127962001,4067173.949098176
CE04_B2,CE04,B2,0,E,2023,1025597.7829332238,262847.2843776628,563845.1478730744,0.0,62997.67019237443,135907.68049011228,0.0,277487.72702155024,819559.956065219,63357.34894397212,4067173.949098176
CE04_B2,CE04,B2,0,E,2024,1025597.7829332238,320720.64862907265,518853.52257163846,0.0,72786.62104770436,113236.99068480846,0.0,277487.72702155024,819559.956065219,54331.713201395665,4067173.949098176
CE04_B2,CE04,B2,0,E,2025,1025597.7829332238,273612.84012846113,587923.1895190668,0.0,61252.59951126995,102809.15377442604,0.0,277487.72702155024,819559.956065219,86001.83109379189,4067173.949098176
CE04_B2,CE04,B2,0,E,2026,1025597.7829332238,315673.11833534995,525463.8450633329,0.0,97768.47980873258,86692.33972580855,0.0,277487.72702155024,819559.956065219,61126.94468593223,4067173.949098176
CE05_B2,CE05,B2,0,E,2020,1000806.8265391632,107560.80581916361,619785.9313413434,0.0,83155.45631091548,190304.63306774065,0.0,107560.80581916361,810502.1934714224,0.0,2977128.2039429303
CE05_B2,CE05,B2,0,E,2021,1000806.8265391632,83634.35697287766,522339.7988606174,0.0,181409.0271142997,213423.6435913684,0.0,107560.80581916361,810502.1934714224,34473.27828195609,2977128.2039429303
CE05_B2,CE05,B2,0,E,2022,1000806.8265391632,79585.53673640231,484859.2556266337,0.0,224340.35690307617,212021.6772730509,0.0,107560.80581916361,810502.1934714224,52372.11786609724,2977128.2039429303
CE05_B2,CE05,B2,0,E,2023,1000806.8265391632,70904.40526455149,567695.4677160229,0.0,139310.65611506443,222896.29744352453,0.0,107560.80581916361,810502.1934714224,58535.6009516099,2977128.2039429303
CE05_B2,CE05,B2,0,E,2024,1000806.8265391632,155030.85785821654,497442.6332996145,0.0,168051.0046943814,180282.33068695068,0.0,107560.80581916362,810502.1934714224,33846.07598090079,2977128.2039429303
CE05_B2,CE05,B2,0,E,2025,1000806.8265391632,112057.68830024869,565758.1436674232,0.0,163017.3768511903,159973.617720301,0.0,107560.80581916362,810502.1934714224,56130.57452978994,2977128.2039429303
CE05_B2,CE05,B2,0,E,2026,1000806.8265391632,173288.2312755211,494335.69139894977,0.0,171959.9939839681,161222.90988072415,0.0,107560.80581916361,810502.1934714224,42831.13387648638,2977128.2039429303
CE06_B2,CE06,B2,0,E,2020,974766.3418141084,196173.44915915097,317887.01320573397,0.0,22203.47081714705,438502.4086320766,0.0,196173.44915915097,536263.9331820318,0.0,3316488.528135412
CE06_B2,CE06,B2,0,E,2021,974766.3418141084,39468.028929377535,396129.9576576083,0.0,97846.62659334668,441321.72863377596,0.0,196173.44915915094,536263.9331820318,161937.4243422265,3316488.528135412
CE06_B2,CE06,B2,0,E,2022,974766.3418141084,84035.68459625244,336695.0968068142,0.0,114125.82461245666,439909.7357985852,0.0,196173.44915915094,536263.9331820318,142986.22954014796,3316488.528135412
CE06_B2,CE06,B2,0,E,2023,974766.3418141084,60950.416029118554,421565.8857971191,0.0,50904.31416736678,441345.725820504,0.0,196173.44915915097,536263.9331820318,156136.3301707548,3316488.528135412
CE06_B2,CE06,B2,0,E,2024,974766.3418141084,172004.3751197366,313135.23216965614,0.0,50147.53269192564,439479.20183279004,0.0,196173.44915915097,536263.9331820318,112739.53282437792,3316488.528135412
CE06_B2,CE06,B2,0,E,2025,974766.3418141084,93809.42550443763,395577.68280035286,0.0,45005.29679149552,440373.93671782257,0.0,196173.44915915094,536263.9331820318,158752.30816378127,3316488.528135412
CE06_B2,CE06,B2,0,E,2026,974766.3418141084,123535.76590187222,241852.89811901018,0.0,168699.04062829108,440678.637164935,0.0,196173.44915915094,536263.9331820318,135267.9790369071,3316488.528135412
CE07_B2,CE07,B2,0,E,2020,1000755.9761366602,112096.57448658664,428039.8372978959,0.0,23358.04838439343,437261.5159677842,0.0,112096.57448658664,563494.460168876,0.0,3881518.958011491
CE07_B2,CE07,B2,0,E,2021,1000755.9761366602,105741.0895384845,351041.1035866831,0.0,100849.8287127925,443123.9542987001,0.0,112096.57448658664,563494.460168876,29435.324543672446,3881518.958011491
CE07_B2,CE07,B2,0,E,2022,1000755.9761366602,167060.59377369596,263099.7977407717,0.0,126473.13390766217,444122.45071453025,0.0,112096.57448658664,563494.460168876,30945.619083419504,3881518.958011491
CE07_B2,CE07,B2,0,E,2023,1000755.9761366602,148244.84229140932,296157.49963187426,0.0,98605.71776912911,457747.91644424736,0.0,112096.57448658664,563494.460168876,31767.93612883325,3881518.958011491
CE07_B2,CE07,B2,0,E,2024,1000755.9761366602,274869.68964026944,154044.47857731834,0.0,113958.38439325072,457883.4235258214,0.0,112096.57448658664,563494.460168876,17069.24117733825,3881518.958011491
CE07_B2,CE07,B2,0,E,2025,1000755.9761366602,191333.01939813947,250706.84795167219,0.0,90325.44547579894,468390.6633110496,0.0,112096.57448658664,563494.460168876,41099.503242343075,3881518.958011491
CE07_B2,CE07,B2,0,E,2026,1000755.9761366602,94625.80802627269,288344.80675291177,0.0,160889.20611931296,456896.1552381628,0.0,112096.57448658664,563494.460168876,54181.49092063156,3881518.958011491
CE08_B2,CE08,B2,0,E,2023,999613.8590799968,239972.91836520936,341778.58441676723,0.0,77751.52308699665,340110.8332110237,0.0,225921.99073582073,702038.1447066964,62047.969934560744,5162796.972127398
CE08_B2,CE08,B2,0,E,2024,999613.8590799968,309146.85250202264,266658.82539400586,0.0,82315.16984184115,341493.0113421272,0.0,225921.99073582073,702038.1447066963,46748.74272024117,5162796.972127398
CE08_B2,CE08,B2,0,E,2025,999613.8590799968,207225.43719533284,351107.14882944146,0.0,92655.13825731465,348626.13479790784,0.0,225921.99073582073,702038.1447066964,103425.23844275379,5162796.972127398
CE08_B2,CE08,B2,0,E,2020,999613.8590799969,225921.99073582076,422089.76919334265,0.0,54026.384777532825,297575.7143733006,0.0,225921.99073582076,702038.1447066964,0.0,5162796.972127398
CE08_B2,CE08,B2,0,E,2021,999613.8590799969,205499.85181597553,354724.39377848303,0.0,130210.17051565135,309179.442969887,0.0,225921.99073582076,702038.1447066964,37589.3930987489,5162796.972127398
CE08_B2,CE08,B2,0,E,2022,999613.8590799969,268820.7162387923,322210.98645827355,0.0,94866.68483488793,313715.4715480431,0.0,225921.99073582073,702038.1447066964,53148.79252633489,5162796.972127398
CE08_B2,CE08,B2,0,E,2026,999613.8590799969,235553.71714375823,270859.3035199932,0.0,148449.83610732132,344751.0023089241,0.0,225921.99073582076,702038.1447066964,71764.32874719956,5162796.972127398
CE09_B2,CE09,B2,0,E,2020,1000843.2132610846,101799.69394585103,451975.59224826586,0.0,16588.762353216436,430479.1647137512,0.0,101799.69394585103,570364.0485473333,0.0,4013127.594321158
CE09_B2,CE09,B2,0,E,2021,1000843.2132610846,80048.69186191932,417841.427158251,0.0,61538.416363256125,441414.6778776581,0.0,101799.69394585103,570364.0485473333,29899.11760565066,4013127.594321158
CE09_B2,CE09,B2,0,E,2022,1000843.2132610846,113563.70006256102,392590.9307136685,0.0,72155.24871141024,422533.33377344476,0.0,101799.69394585103,570364.0485473333,35751.03587371227,4013127.594321158
CE09_B2,CE09,B2,0,E,2023,1000843.2132610846,97421.2253805123,403176.3388025321,0.0,41463.85999639174,458781.7890816484,0.0,101799.69394585103,570364.0485473333,52633.77828213561,4013127.594321158
CE09_B2,CE09,B2,0,E,2024,1000843.2132610846,174153.92128092446,323590.53456166585,0.0,42737.331923271624,460361.4254952226,0.0,101799.69394585103,570364.0485473333,39226.126415477076,4013127.594321158
CE09_B2,CE09,B2,0,E,2025,1000843.2132610846,225587.58162620393,268299.1023906334,0.0,45252.41180599437,461704.11743825284,0.0,101799.69394585103,570364.0485473333,45372.629547687604,4013127.594321158
CE09_B2,CE09,B2,0,E,2026,1000843.2132610846,149624.42776683733,329765.52218517225,0.0,61388.02027082257,460065.2430382524,0.0,101799.69394585103,570364.0485473333,44676.146542358394,4013127.594321158
CE10_B2,CE10,B2,0,E,2020,1000096.6699501191,184079.31889208622,310942.6694097782,0.0,5321.125564305923,499753.5560839486,0.0,184079.31889208622,500343.11386617064,0.0,2685867.4123140816
CE10_B2,CE10,B2,0,E,2021,1000096.6699501191,173162.90402817068,316123.29544839304,0.0,10686.782630770815,500123.6878427843,0.0,184079.31889208622,500343.11386617064,28676.57103480919,2685867.4123140816
CE10_B2,CE10,B2,0,E,2022,1000096.6699501191,198811.4915904026,258821.75695046817,0.0,43336.68922909007,499126.7321801579,0.0,184079.31889208622,500343.11386617064,38331.536571757,2685867.4123140816
CE10_B2,CE10,B2,0,E,2023,1000096.6699501191,215938.70741080487,268238.95323749614,0.0,15795.321459033441,500123.6878427843,0.0,184079.31889208622,500343.1138661706,35979.90406682632,2685867.4123140816
CE10_B2,CE10,B2,0,E,2024,1000096.6699501191,254952.39083874272,230378.22123263488,0.0,14642.370035956888,500123.6878427843,0.0,184079.31889208622,500343.11386617064,25875.42555883071,2685867.4123140816
CE10_B2,CE10,B2,0,E,2025,1000096.6699501191,320083.0839787503,168801.65306210984,0.0,11088.245066474465,500123.6878427843,0.0,184079.31889208622,500343.1138661705,36289.65275723326,2685867.4123140816
CE10_B2,CE10,B2,0,E,2026,1000096.6699501191,242364.94679637233,227418.0997958314,0.0,30189.935515130735,500123.6878427843,0.0,184079.31889208622,500343.11386617064,42234.12454148835,2685867.4123140816
CE11_B2,CE11,B2,0,E,2020,1000225.3772370878,216367.34367654833,203009.94748427448,0.0,34011.38538899141,546836.7006872735,0.0,216367.34367654833,453388.67654981435,0.0,3279785.9994250126
CE11_B2,CE11,B2,0,E,2021,1000225.3772370878,205088.12313663258,181602.6567062677,0.0,66697.89670691398,546836.7006872735,0.0,216367.34367654836,453388.67654981435,24644.803208683985,3279785.9994250126
CE11_B2,CE11,B2,0,E,2022,1000225.3772370878,220736.0261454264,163225.2603988049,0.0,69427.39000558291,546836.7006872735,0.0,216367.34367654833,453388.6765498143,38287.19982320748,3279785.9994250126
CE11_B2,CE11,B2,0,E,2023,1000225.3772370878,243120.4901530846,154358.94589538575,0.0,55909.24050134398,546836.7006872736,0.0,216367.34367654836,453388.6765498143,34102.76868639179,3279785.9994250126
CE11_B2,CE11,B2,0,E,2024,1000225.3772370878,319569.0040575514,78545.00053734872,0.0,55274.67195491417,546836.7006872735,0.0,216367.34367654836,453388.6765498143,24909.215903727214,3279785.9994250126
CE11_B2,CE11,B2,0,E,2025,1000225.3772370878,286621.91485407215,119884.20072987875,0.0,46882.5609658634,546836.7006872735,0.0,216367.34367654836,453388.6765498143,39265.96208900003,3279785.9994250126
CE11_B2,CE11,B2,0,E,2026,1000225.3772370878,244429.8824307311,102073.55789040959,0.0,106885.23622867357,546836.7006872735,0.0,216367.34367654836,453388.67654981435,47307.322609994924,3279785.9994250126
CE12_B2,CE12,B2,0,E,2020,1000078.273143095,420685.76161992695,74257.87262441598,0.0,5373.820935118432,499760.81796363374,0.0,420685.76161992695,500317.4551794614,0.0,4434091.258210486
CE12_B2,CE12,B2,0,E,2021,1000078.273143095,295393.08418758615,166276.57898179596,0.0,38647.79201007918,499760.81796363374,0.0,420685.76161992695,500317.4551794614,134168.39684478164,4434091.258210486
CE12_B2,CE12,B2,0,E,2022,1000078.273143095,335350.0860941868,120262.407669576,0.0,44704.96141569849,499760.81796363374,0.0,420685.76161992695,500317.4551794614,104170.80651307946,4434091.258210486
CE12_B2,CE12,B2,0,E,2023,1000078.273143095,357648.70029302855,101506.72454086006,0.0,41162.030345572675,499760.81796363374,0.0,420685.76161992695,500317.4551794614,85005.11459742526,4434091.258210486
CE12_B2,CE12,B2,0,E,2024,1000078.273143095,402975.3793305341,54721.992298560035,0.0,42620.08355036717,499760.81796363374,0.0,420685.76161992695,500317.4551794614,53636.82503931381,4434091.258210486
CE12_B2,CE12,B2,0,E,2025,1000078.273143095,408808.80674698774,57368.222965285335,0.0,34140.425467188215,499760.81796363374,0.0,420685.76161992695,500317.4551794614,57148.737684003034,4434091.258210486
CE12_B2,CE12,B2,0,E,2026,1000078.2731430951,394953.0335348989,52158.55465973498,0.0,53205.86698482737,499760.81796363374,0.0,420685.76161992695,500317.4551794614,63863.68116921817,4434091.258210486
CE13_B2,CE13,B2,0,E,2020,1000480.0933739755,69723.7897977642,417991.17731158686,0.0,7030.501733129165,505734.62453149527,0.0,69723.7897977642,494745.4688424802,0.0,2685601.131965457
CE13_B2,CE13,B2,0,E,2021,1000480.0933739755,68311.41665134804,417297.36914248,0.0,9136.683048652201,505734.6245314952,0.0,69723.7897977642,494745.4688424802,15122.667504104913,2685601.131965457
CE13_B2,CE13,B2,0,E,2022,1000480.0933739755,105060.70760324516,376228.8694874782,0.0,13455.891751756853,505734.62453149527,0.0,69723.7897977642,494745.4688424802,8653.138326218548,2685601.1319654575
CE13_B2,CE13,B2,0,E,2023,1000480.0933739755,173677.91811340928,315622.076619885,0.0,5445.4741091859105,505734.62453149527,0.0,69723.7897977642,494745.4688424802,5167.4916056315105,2685601.131965457
CE13_B2,CE13,B2,0,E,2024,1000480.0933739755,198740.28981556612,288486.8284941729,0.0,7518.350532741173,505734.62453149527,0.0,69723.7897977642,494745.4688424802,3644.3811472275684,2685601.1319654575
CE13_B2,CE13,B2,0,E,2025,1000480.0933739755,316775.9624557196,173412.96389845302,0.0,4556.542488307578,505734.62453149527,0.0,69723.7897977642,494745.4688424802,3289.741944615981,2685601.131965457
CE13_B2,CE13,B2,0,E,2026,1000480.0933739755,250513.02144604851,235951.77857196282,0.0,8280.668824468874,505734.62453149527,0.0,69723.7897977642,494745.4688424802,3469.7710753796146,2685601.131965457
CE14_B2,CE14,B2,0,E,2020,1025766.4692780135,120779.23729927212,391613.6102166866,0.0,739.0976991840438,512634.52406287077,0.0,120779.23729927212,513131.9452151428,0.0,3571325.8611969594
CE14_B2,CE14,B2,0,E,2021,1025766.4692780135,107903.23252210428,399484.72848486796,0.0,5743.984208170574,512634.52406287077,0.0,120779.23729927212,513131.9452151428,20685.52130100026,3571325.8611969594
CE14_B2,CE14,B2,0,E,2025,1025766.4692780135,164865.0842733944,343102.45165539894,0.0,5164.409286349428,512634.52406287077,0.0,120779.23729927212,513131.9452151428,7880.37283187567,3571325.8611969594
CE14_B2,CE14,B2,0,E,2022,1025766.4692780136,113033.2243672988,348867.5082048901,0.0,51231.212642953906,512634.52406287077,0.0,120779.23729927212,513131.94521514286,17433.309938707538,3571325.86119696
CE14_B2,CE14,B2,0,E,2023,1025766.4692780136,157930.55041815067,348609.5112022249,0.0,6591.883594767252,512634.52406287077,0.0,120779.23729927212,513131.94521514286,6330.93893585205,3571325.8611969594
CE14_B2,CE14,B2,0,E,2026,1025766.4692780136,207842.4167415245,300125.1226357552,0.0,5164.4058378631,512634.52406287077,0.0,120779.23729927212,513131.94521514286,3520.114233159084,3571325.8611969594
CE14_B2,CE14,B2,0,E,2024,1025766.4692780137,189703.7045493631,318461.284672277,0.0,4966.955993502748,512634.52406287077,0.0,120779.23729927212,513131.94521514286,6320.094334830489,3571325.86119696
CE15_B2,CE15,B2,0,E,2020,974775.6461252254,211811.71678535608,273092.3367555506,0.0,2481.353821638519,487390.2387626799,0.0,211811.71678535608,487385.4073625454,0.0,4232716.754981636
CE15_B2,CE15,B2,0,E,2021,974775.6461252254,124420.0907959882,318353.2929240208,0.0,44612.02364253624,487390.2387626799,0.0,211811.71678535608,487385.4073625454,96083.53085958441,4232716.754981636
CE15_B2,CE15,B2,0,E,2022,974775.6461252254,123411.87025023816,306461.5309968536,0.0,57512.0061154534,487390.2387626799,0.0,211811.71678535608,487385.4073625454,117908.56653493243,4232716.754981636
CE15_B2,CE15,B2,0,E,2023,974775.6461252254,138952.35625329113,321810.2915115955,0.0,26622.759597658645,487390.2387626799,0.0,211811.71678535608,487385.40736254543,105322.93955709417,4232716.754981636
CE15_B2,CE15,B2,0,E,2024,974775.6461252254,183636.46343126486,277016.22707579366,0.0,26732.716855486702,487390.2387626799,0.0,211811.71678535608,487385.4073625454,89659.33473519716,4232716.754981636
CE15_B2,CE15,B2,0,E,2025,974775.6461252254,241403.63916243013,220405.90820381313,0.0,25575.859996301988,487390.2387626799,0.0,211811.71678535608,487385.40736254543,67608.63103745405,4232716.754981636
CE15_B2,CE15,B2,0,E,2026,974775.6461252254,252089.49548321895,209470.32601740223,0.0,25825.585861924115,487390.2387626799,0.0,211811.71678535608,487385.4073625454,50519.0719261319,4232716.754981636
CE16_B2,CE16,B2,0,E,2020,1026088.3670632156,126201.18916631963,383808.3242706299,0.0,2782.188676662071,513296.6649496042,0.0,126201.18916631963,512791.70211361133,0.0,3275684.106258017
CE16_B2,CE16,B2,0,E,2021,1026088.3670632156,99579.1560437371,384264.79512816784,0.0,28947.750941706643,513296.6649496042,0.0,126201.18916631963,512791.70211361133,30788.74764132032,3275684.106258017
CE16_B2,CE16,B2,0,E,2022,1026088.3670632156,93038.47541904822,389079.49767222686,0.0,30673.729022336476,513296.6649496042,0.0,126201.18916631963,512791.70211361133,55839.9609498267,3275684.106258017
CE16_B2,CE16,B2,0,E,2023,1026088.3670632156,93802.31143251309,400193.58321446436,0.0,18795.807466634116,513296.6649496042,0.0,126201.18916631963,512791.70211361133,46179.39041562549,3275684.106258017
CE16_B2,CE16,B2,0,E,2024,1026088.3670632156,117126.06904913211,378547.80833542766,0.0,17117.824729051776,513296.6649496042,0.0,126201.18916631963,512791.70211361133,35203.19643273447,3275684.106258017
CE16_B2,CE16,B2,0,E,2025,1026088.3670632156,147432.41247432935,341372.35944866104,0.0,23986.930190621177,513296.6649496042,0.0,126201.18916631963,512791.70211361133,31005.13616599289,3275684.106258017
CE16_B2,CE16,B2,0,E,2026,1026088.3670632156,158235.51208900005,335340.6924718819,0.0,19215.497552729586,513296.6649496042,0.0,126201.18916631963,512791.70211361133,25014.89354744706,3275684.106258017
CE17_B2,CE17,B2,0,E,2020,974934.9889697206,194259.13385362813,285654.61449707637,0.0,7554.817629526176,487466.42298949,0.0,194259.13385362813,487468.5659802306,0.0,3629476.0640766225
CE17_B2,CE17,B2,0,E,2021,974934.9889697206,185149.00499324425,257743.6567538393,0.0,44575.90423314712,487466.42298949,0.0,194259.13385362813,487468.5659802306,27770.131613458372,3629476.064076623
CE17_B2,CE17,B2,0,E,2022,974934.9889697206,205883.13100487206,237469.44865543145,0.0,44115.98631992714,487466.42298949,0.0,194259.13385362813,487468.5659802306,36140.723267588895,3629476.064076623
CE17_B2,CE17,B2,0,E,2023,974934.9889697206,198219.49214393768,257166.68172712147,0.0,32082.39210917155,487466.42298949,0.0,194259.13385362813,487468.5659802306,37414.506610765646,3629476.064076623
CE17_B2,CE17,B2,0,E,2024,974934.9889697206,232024.41406013642,221624.132721067,0.0,33820.019199027265,487466.42298949,0.0,194259.13385362813,487468.5659802306,29994.411353107527,3629476.064076623
CE17_B2,CE17,B2,0,E,2025,974934.9889697206,260934.682149371,199565.2105638392,0.0,26968.673267020433,487466.42298949,0.0,194259.1338536281,487468.5659802306,27735.663276941636,3629476.064076622
CE17_B2,CE17,B2,0,E,2026,974934.9889697206,257244.63188506482,192779.63181281002,0.0,37444.30228235581,487466.42298949,0.0,194259.13385362813,487468.5659802306,18705.71086509555,3629476.064076623
CE18_B2,CE18,B2,0,E,2026,1025803.5377495858,372569.71810162114,109880.34369070016,0.0,30567.43248066622,512786.04347659834,0.0,334030.0911353018,513017.49427298753,62443.554593463974,4566695.597060858
CE18_B2,CE18,B2,0,E,2020,1025803.5377495859,334030.0911353018,175041.7590813431,0.0,3945.64405634263,512786.04347659834,0.0,334030.0911353018,513017.49427298753,0.0,4566695.597060858
CE18_B2,CE18,B2,0,E,2021,1025803.5377495859,272165.30002758553,205127.27015748867,0.0,35724.924087913365,512786.04347659834,0.0,334030.0911353018,513017.49427298753,81583.76366083481,4566695.597060858
CE18_B2,CE18,B2,0,E,2022,1025803.5377495859,340416.79725620046,145172.81812112848,0.0,27427.878895658603,512786.04347659834,0.0,334030.0911353018,513017.49427298753,59423.66319062476,4566695.597060858
CE18_B2,CE18,B2,0,E,2023,1025803.5377495859,317699.91811020795,171001.38274368586,0.0,24316.19341909371,512786.04347659834,0.0,334030.0911353018,513017.49427298753,73632.4611088173,4566695.597060858
CE18_B2,CE18,B2,0,E,2024,1025803.5377495859,362148.2339887433,125681.938783324,0.0,25187.321500920312,512786.04347659834,0.0,334030.0911353018,513017.49427298753,69227.18950500488,4566695.597060858
CE18_B2,CE18,B2,0,E,2025,1025803.5377495859,412409.8739608765,77408.0280512791,0.0,23199.592260831945,512786.04347659834,0.0,334030.0911353018,513017.4942729876,46502.628384429336,4566695.597060857
CE19_B2,CE19,B2,0,E,2022,974648.78512283,236349.08547856953,175093.02916645724,0.0,43056.17625364416,520150.49422415916,0.0,168645.05795691995,454498.29089867085,36312.36396699793,3863984.6865970395
CE19_B2,CE19,B2,0,E,2023,974648.78512283,192881.31130694223,237957.31425874,0.0,23659.66533298867,520150.49422415916,0.0,168645.05795691995,454498.29089867085,31160.679479741113,3863984.6865970395
CE19_B2,CE19,B2,0,E,2024,974648.78512283,207171.7947890338,222732.978023903,0.0,24593.518085734053,520150.49422415916,0.0,168645.05795691995,454498.29089867085,26865.02590930415,3863984.6865970395
CE19_B2,CE19,B2,0,E,2025,974648.78512283,229385.74981126978,199848.82491622624,0.0,25263.716171174892,520150.49422415916,0.0,168645.05795691995,454498.29089867085,21723.391090841855,3863984.6865970395
CE19_B2,CE19,B2,0,E,2026,974648.78512283,264433.2677067177,156606.82969533885,0.0,33458.193496614345,520150.49422415916,0.0,168645.05795691995,454498.29089867085,18279.498116915835,3863984.6865970395
CE19_B2,CE19,B2,0,E,2020,974648.7851228302,168645.05795691995,277585.5596685971,0.0,8267.673273153865,520150.49422415916,0.0,168645.05795691995,454498.29089867085,0.0,3863984.6865970395
CE19_B2,CE19,B2,0,E,2021,974648.7851228302,206069.87949736358,218639.81944167192,0.0,29788.591959635414,520150.49422415916,0.0,168645.05795691995,454498.29089867085,12657.778003438314,3863984.6865970395
CE20_B2,CE20,B2,0,E,2020,1000511.7621218214,89558.05334406834,409312.77736182115,0.0,1448.7933409148573,500192.1380750169,0.0,89558.05334406834,500319.6240468044,0.0,3210188.941796006
CE20_B2,CE20,B2,0,E,2021,1000511.7621218214,76943.67658805099,410887.35560557037,0.0,12488.591853182923,500192.13807501696,0.0,89558.05334406834,500319.6240468044,25140.951147640455,3210188.941796006
CE20_B2,CE20,B2,0,E,2022,1000511.7621218214,147047.1830617568,341833.08381135226,0.0,11439.357173695284,500192.1380750169,0.0,89558.05334406834,500319.6240468044,11625.978607267492,3210188.941796006
CE20_B2,CE20,B2,0,E,2023,1000511.7621218214,142307.09820763083,348042.4871276556,0.0,9970.038711517933,500192.1380750169,0.0,89558.05334406834,500319.6240468044,13104.192008403701,3210188.941796006
CE20_B2,CE20,B2,0,E,2024,1000511.7621218214,142709.74638423545,347287.12591893814,0.0,10322.7517436308,500192.1380750169,0.0,89558.05334406834,500319.6240468044,15850.010907520966,3210188.9417960066
CE20_B2,CE20,B2,0,E,2025,1000511.7621218214,137041.92881682154,352954.9426623774,0.0,10322.75256760541,500192.1380750169,0.0,89558.05334406834,500319.6240468044,16858.208512339872,3210188.941796006
CE20_B2,CE20,B2,0,E,2026,1000511.7621218214,200564.87626929194,287333.14009393426,0.0,12421.607683578193,500192.13807501696,0.0,89558.05334406834,500319.6240468044,12698.435140871534,3210188.941796006
CE21_B2,CE21,B2,0,E,2021,1025451.9440015608,87544.54530448167,407235.1346849628,0.0,17874.93720694149,512797.3268051746,0.0,125862.21401005161,512654.6171963862,43405.50468693153,2895891.6024153763
CE21_B2,CE21,B2,0,E,2022,1025451.9440015608,106138.44517570946,397202.76472027344,0.0,9313.40730040307,512797.32680517464,0.0,125862.21401005161,512654.6171963862,36083.33132207534,2895891.6024153763
CE21_B2,CE21,B2,0,E,2023,1025451.9440015608,109698.9171762504,397522.1385073493,0.0,5433.5615127862675,512797.3268051746,0.0,125862.21401005161,512654.6171963862,37086.09333576875,2895891.6024153763
CE21_B2,CE21,B2,0,E,2024,1025451.9440015608,151818.6350373212,359154.1106944963,0.0,1681.8714645684934,512797.3268051746,0.0,125862.21401005163,512654.6171963862,23760.015266328697,2895891.6024153763
CE21_B2,CE21,B2,0,E,2025,1025451.9440015608,147706.74989504344,362673.6233392154,0.0,2274.2439621270873,512797.3268051746,0.0,125862.21401005161,512654.6171963862,27557.807700153426,2895891.6024153763
CE21_B2,CE21,B2,0,E,2026,1025451.9440015608,277826.5776594874,229213.2743158677,0.0,5614.765221031039,512797.3268051746,0.0,125862.21401005161,512654.6171963862,13700.493382203345,2895891.6024153763
CE21_B2,CE21,B2,0,E,2020,1025451.9440015609,125862.21401005163,386693.6743273866,0.0,98.7288589477539,512797.3268051746,0.0,125862.21401005163,512654.6171963863,0.0,2895891.6024153763
CE22_B2,CE22,B2,0,E,2020,1000022.2491559794,188913.0821338728,310630.394797471,0.0,394.9164047241211,500083.8558199116,0.0,188913.0821338728,499938.39333606797,0.0,2766577.2622893695
CE22_B2,CE22,B2,0,E,2021,1000022.2491559794,139408.77005609247,355640.7829202091,0.0,4888.840359766344,500083.8558199116,0.0,188913.08213387284,499938.39333606797,58772.067164731496,2766577.2622893695
CE22_B2,CE22,B2,0,E,2022,1000022.2491559794,195760.1956964231,300858.18696139473,0.0,3320.010678250182,500083.8558199116,0.0,188913.0821338728,499938.39333606797,25382.292894759834,2766577.2622893695
CE22_B2,CE22,B2,0,E,2023,1000022.2491559794,161791.98913346833,337245.4530986711,0.0,900.9511039285098,500083.8558199116,0.0,188913.0821338728,499938.39333606797,60906.56150793936,2766577.2622893695
CE22_B2,CE22,B2,0,E,2024,1000022.2491559794,325064.9055604823,174071.2661104389,0.0,802.2216651467716,500083.8558199116,0.0,188913.0821338728,499938.39333606797,20348.25942711924,2766577.2622893695
CE22_B2,CE22,B2,0,E,2025,1000022.2491559794,216611.76702195703,282524.4046489641,0.0,802.2216651467716,500083.8558199116,0.0,188913.0821338728,499938.39333606797,23960.208171111455,2766577.2622893695
CE22_B2,CE22,B2,0,E,2026,1000022.2491559794,360725.1336340811,135893.2455012602,0.0,3320.0142007266772,500083.8558199116,0.0,188913.0821338728,499938.39333606797,25749.32923257865,2766577.2622893695
CE23_B2,CE23,B2,0,E,2020,974224.219644135,399916.7774157955,84896.71744324928,0.0,2298.2665236828375,487112.4582614076,0.0,399916.7774157955,487111.76138272753,0.0,3868058.6361056454
CE23_B2,CE23,B2,0,E,2021,974224.219644135,336360.2999948838,116620.55789516674,0.0,34130.90349267697,487112.4582614076,0.0,399916.7774157955,487111.76138272753,65234.87698756199,3868058.6361056454
CE23_B2,CE23,B2,0,E,2022,974224.219644135,373432.9530941234,87770.6921784644,0.0,25908.116110139737,487112.4582614076,0.0,399916.7774157955,487111.76138272753,36928.99833341113,3868058.6361056454
CE23_B2,CE23,B2,0,E,2023,974224.219644135,356803.80559940706,112345.415944537,0.0,17962.539838783414,487112.4582614076,0.0,399916.7774157955,487111.76138272753,60464.52221643784,3868058.6361056454
CE23_B2,CE23,B2,0,E,2024,974224.219644135,308795.36231016275,165823.85249193976,0.0,12492.546580625049,487112.4582614076,0.0,399916.7774157955,487111.76138272753,103611.61940744436,3868058.6361056454
CE23_B2,CE23,B2,0,E,2025,974224.219644135,350756.75679958565,128335.09537467208,0.0,8019.909208469766,487112.4582614076,0.0,399916.7774157955,487111.76138272753,81242.33408280916,3868058.6361056454
CE23_B2,CE23,B2,0,E,2026,974224.219644135,377503.5958060471,85456.65029793532,0.0,24151.515278745163,487112.4582614076,0.0,399916.7774157955,487111.76138272753,44959.819858296716,3868058.6361056454
CE24_B2,CE24,B2,0,E,2020,1000505.242881745,30496.59082279579,456543.96423851454,0.0,13131.008689880371,500333.67913055414,0.0,30496.59082279579,500171.56375119084,0.0,3275561.0919673843
CE24_B2,CE24,B2,0,E,2021,1000505.242881745,9502.062145307951,308744.1614530975,0.0,181925.34015278536,500333.6791305541,0.0,30496.590822795795,500171.56375119084,21586.906683469286,3275561.0919673843
CE24_B2,CE24,B2,0,E,2022,1000505.242881745,12798.47514672373,446461.1991492477,0.0,40911.88945521935,500333.67913055414,0.0,30496.590822795795,500171.56375119084,20293.740470108332,3275561.0919673843
CE24_B2,CE24,B2,0,E,2023,1000505.242881745,12994.366816861022,447080.2782295376,0.0,40096.91870479209,500333.67913055414,0.0,30496.59082279579,500171.56375119084,21056.483580824908,3275561.0919673843
CE24_B2,CE24,B2,0,E,2024,1000505.242881745,24505.064971205768,467469.2464892518,0.0,8197.252290733188,500333.67913055414,0.0,30496.59082279579,500171.56375119084,15726.638078697053,3275561.0919673843
CE24_B2,CE24,B2,0,E,2025,1000505.242881745,63684.668720768954,431924.04272822954,0.0,4562.852302192239,500333.6791305541,0.0,30496.590822795795,500171.56375119084,14991.79519111783,3275561.0919673843
CE24_B2,CE24,B2,0,E,2026,1000505.242881745,53164.09579360064,397255.97843209066,0.0,49751.48952549953,500333.67913055414,0.0,30496.59082279579,500171.56375119084,12141.014173619886,3275561.0919673843
CE25_B2,CE25,B2,0,E,2020,1000075.1944147747,119134.12514741186,380878.752260455,0.0,0.0,500062.3170069077,0.0,119134.12514741186,500012.8774078669,0.0,2226532.8606483014
CE25_B2,CE25,B2,0,E,2022,1000075.1944147747,86368.74642953312,394825.1391390333,0.0,18818.991839300415,500062.3170069077,0.0,119134.12514741186,500012.8774078669,51989.027567336125,2226532.8606483014
CE25_B2,CE25,B2,0,E,2023,1000075.1944147747,47904.016177936624,435466.5747990029,0.0,16642.28643092735,500062.3170069077,0.0,119134.12514741186,500012.8774078669,74777.40532064998,2226532.8606483014
CE25_B2,CE25,B2,0,E,2024,1000075.1944147747,115657.33390978645,382380.95051864925,0.0,1974.5929794311523,500062.3170069077,0.0,119134.12514741186,500012.8774078669,51258.482075440654,2226532.8606483014
CE25_B2,CE25,B2,0,E,2025,1000075.1944147747,284734.16397570446,213797.76963791193,0.0,1480.9437942504883,500062.3170069077,0.0,119134.12514741186,500012.8774078669,22279.99665667964,2226532.8606483014
CE25_B2,CE25,B2,0,E,2026,1000075.1944147747,193109.09536533733,297140.3923522052,0.0,9763.389690324371,500062.3170069077,0.0,119134.12514741186,500012.8774078669,37046.05908433503,2226532.8606483014
CE25_B2,CE25,B2,0,E,2021,1000075.1944147748,50899.219150049554,363129.5192094391,0.0,85984.13904837816,500062.31700690766,0.0,119134.12514741186,500012.8774078669,72450.85887379365,2226532.8606483014
CE26_B2,CE26,B2,0,E,2020,1025874.3500807518,155102.14220784506,355959.62958897604,0.0,1678.4098281860352,513134.1684557447,0.0,155102.14220784506,512740.18162500707,0.0,3147147.7527209115
CE26_B2,CE26,B2,0,E,2021,1025874.3500807518,84640.52275235046,307440.302545166,0.0,120659.3563274907,513134.1684557447,0.0,155102.14220784506,512740.18162500707,81309.91027945725,3147147.7527209115
CE26_B2,CE26,B2,0,E,2022,1025874.3500807518,94820.54383416267,375259.025400618,0.0,42660.61239022648,513134.1684557447,0.0,155102.14220784506,512740.18162500707,81733.48292287192,3147147.7527209115
CE26_B2,CE26,B2,0,E,2023,1025874.3500807518,96258.89938387403,396120.0883288813,0.0,20361.19391225179,513134.1684557447,0.0,155102.14220784506,512740.18162500707,73934.98305227244,3147147.7527209115
CE26_B2,CE26,B2,0,E,2024,1025874.3500807518,121750.88614442115,374845.2221235986,0.0,16144.073356987448,513134.1684557447,0.0,155102.14220784506,512740.18162500707,64066.684929013725,3147147.7527209115
CE26_B2,CE26,B2,0,E,2025,1025874.3500807518,168703.2680291868,328718.3007711373,0.0,15318.612824683096,513134.1684557447,0.0,155102.14220784506,512740.18162500707,57755.33410689411,3147147.7527209115
CE26_B2,CE26,B2,0,E,2026,1025874.3500807518,175288.05537671855,310707.95144434914,0.0,26744.174803939517,513134.1684557447,0.0,155102.14220784506,512740.1816250071,53247.03658124139,3147147.7527209115
CE27_B2,CE27,B2,0,E,2020,974506.3588107537,300031.71465869964,167878.50525671264,0.0,19291.504569289264,487304.63432605215,0.0,300031.71465869964,487201.72448470147,0.0,4088145.8370682653
CE27_B2,CE27,B2,0,E,2021,974506.3588107537,117953.17698732266,161540.73447858024,0.0,207707.81301879883,487304.63432605215,0.0,300031.71465869964,487201.72448470147,182362.33901100905,4088145.8370682653
CE27_B2,CE27,B2,0,E,2024,974506.3588107537,137813.39400347543,296339.27718915744,0.0,53049.053292068784,487304.63432605215,0.0,300031.71465869964,487201.72448470147,168024.04708787505,4088145.8370682653
CE27_B2,CE27,B2,0,E,2025,974506.3588107537,165466.6669723212,271071.3969662235,0.0,50663.66054615694,487304.63432605215,0.0,300031.71465869964,487201.72448470147,145153.95352292527,4088145.8370682653
CE27_B2,CE27,B2,0,E,2026,974506.3588107537,212992.9238072413,219892.5043568628,0.0,54217.56597391765,487403.36467273184,0.0,300031.71465869964,487201.72448470147,110016.55994065233,4088145.8370682653
CE27_B2,CE27,B2,0,E,2022,974506.3588107538,113976.45303234029,298882.68045971426,0.0,74342.59099264705,487304.63432605215,0.0,300031.71465869964,487201.72448470147,188939.72701580572,4088145.8370682653
CE27_B2,CE27,B2,0,E,2023,974506.3588107538,124185.91797949102,301655.6212411617,0.0,61360.18526404885,487304.63432605215,0.0,300031.71465869964,487201.72448470147,179215.78452280082,4088145.8370682653
CE28_B2,CE28,B2,0,E,2020,1025564.0053586174,334346.6195807363,212817.28151864454,0.0,197.45984649658203,478202.64441274013,0.0,334346.6195807363,547361.3609458773,0.0,3880272.0602743705
CE28_B2,CE28,B2,0,E,2023,1025564.0053586174,155703.2191281188,270913.14193453325,0.0,120744.99988322538,478202.64441274013,0.0,334346.6195807363,547361.3609458773,195431.0141727822,3880272.0602743705
CE28_B2,CE28,B2,0,E,2024,1025564.0053586174,222547.77819528023,210310.25182330565,0.0,114503.33092729156,478202.64441274013,0.0,334346.6195807363,547361.3609458773,161760.55810519948,3880272.0602743705
CE28_B2,CE28,B2,0,E,2025,1025564.0053586174,281508.96640337777,154014.77774179497,0.0,111837.61680070465,478202.64441274013,0.0,334346.6195807363,547361.3609458773,145657.50741011678,3880272.0602743705
CE28_B2,CE28,B2,0,E,2026,1025564.0053586174,234475.52670210294,198283.7692008823,0.0,114602.06504289215,478202.64441274013,0.0,334346.6195807363,547361.3609458773,154855.27011847403,3880272.0602743705
CE28_B2,CE28,B2,0,E,2021,1025564.0053586175,87197.6972411511,141640.93286734188,0.0,318522.73083738436,478202.64441274013,0.0,334346.6195807363,547361.3609458774,249074.358081683,3880272.0602743705
CE28_B2,CE28,B2,0,E,2022,1025564.0053586175,139654.36512747375,263410.0137766222,0.0,144296.9820417816,478202.64441274013,0.0,334346.6195807363,547361.3609458774,210777.14659803803,3880272.0602743705
CE29_B2,CE29,B2,0,E,2020,974743.3960022571,299156.18123501056,188085.7397067201,0.0,0.0,487501.47506052663,0.0,299156.18123501056,487241.9209417306,0.0,4005177.5317758597
CE29_B2,CE29,B2,0,E,2024,974743.3960022571,206778.21272229968,216481.00298063987,0.0,63982.705238791066,487501.47506052663,0.0,299156.18123501056,487241.9209417306,114085.50512099921,4005177.5317758597
CE29_B2,CE29,B2,0,E,2021,974743.3960022572,138126.9586223827,144848.33629344866,0.0,204266.62602589923,487501.47506052663,0.0,299156.18123501056,487241.9209417306,161621.6046087826,4005177.5317758597
CE29_B2,CE29,B2,0,E,2022,974743.3960022572,153435.98105582444,239945.84474095365,0.0,93860.0951449525,487501.47506052663,0.0,299156.18123501056,487241.9209417306,152495.817050141,4005177.5317758597
CE29_B2,CE29,B2,0,E,2023,974743.3960022572,182657.42940260947,228676.69789027795,0.0,75907.7936488432,487501.47506052663,0.0,299156.18123501056,487241.9209417306,126376.44670329374,4005177.5317758597
CE29_B2,CE29,B2,0,E,2025,974743.3960022572,227321.80340196204,203539.66171351416,0.0,56380.455826254445,487501.47506052663,0.0,299156.18123501056,487241.9209417306,120960.64352252435,4005177.5317758597
CE29_B2,CE29,B2,0,E,2026,974743.3960022572,281675.55431497615,150587.50659825938,0.0,54978.86002849504,487501.47506052663,0.0,299156.18123501056,487241.9209417306,76254.31923956776,4005177.5317758597
CE30_B2,CE30,B2,0,E,2020,1025501.7006715364,226448.77977839453,285193.55635983334,0.0,1103.0754869648053,512756.2890463436,0.0,226448.77977839453,512745.4116251927,0.0,3852571.906833664
CE30_B2,CE30,B2,0,E,2021,1025501.7006715364,147354.70686193727,314655.5860291724,0.0,50735.11873408299,512756.2890463436,0.0,226448.77977839453,512745.4116251927,81661.0730995627,3852571.906833664
CE30_B2,CE30,B2,0,E,2022,1025501.7006715364,137942.29809184355,351629.70189597935,0.0,23173.411637369794,512756.2890463436,0.0,226448.77977839453,512745.4116251927,99370.72054165111,3852571.9068336645
CE30_B2,CE30,B2,0,E,2023,1025501.7006715364,147919.88356469845,350339.24865067424,0.0,14486.27940981996,512756.28904634353,0.0,226448.77977839453,512745.4116251927,92798.76827883252,3852571.9068336645
CE30_B2,CE30,B2,0,E,2024,1025501.7006715364,205133.75550970942,294043.37837590236,0.0,13568.27773958094,512756.2890463436,0.0,226448.77977839453,512745.4116251927,60005.82105111515,3852571.9068336645
CE30_B2,CE30,B2,0,E,2025,1025501.7006715364,197213.9195095885,302650.4586909275,0.0,12881.033424676634,512756.2890463436,0.0,226448.7797783945,512745.4116251927,67904.3254666796,3852571.906833664
CE30_B2,CE30,B2,0,E,2026,1025501.7006715364,213820.8498417873,285656.3433112051,0.0,13268.218472200282,512756.2890463436,0.0,226448.7797783945,512745.4116251927,56381.854811455225,3852571.9068336645
CE31_B2,CE31,B2,0,E,2020,975003.5350684371,248825.83001493567,238811.38398817478,0.0,98.73114013671875,487267.58992518997,0.0,248825.83001493567,487735.94514324714,0.0,3558441.420638199
CE31_B2,CE31,B2,0,E,2021,975003.5350684371,98041.00459531895,252364.89422059892,0.0,137330.0463273292,487267.58992518997,0.0,248825.83001493567,487735.94514324714,154446.39335895612,3558441.420638199
CE31_B2,CE31,B2,0,E,2022,975003.5350684371,79127.23110755469,394074.7474319756,0.0,14533.966603716683,487267.58992518997,0.0,248825.83001493567,487735.94514324714,172364.33555594055,3558441.420638199
CE31_B2,CE31,B2,0,E,2023,975003.5350684371,162543.7179562139,313817.6432279698,0.0,11374.583959063362,487267.58992518997,0.0,248825.83001493567,487735.94514324714,109701.87284934848,3558441.420638199
CE31_B2,CE31,B2,0,E,2024,975003.5350684371,279491.2120750577,196870.14999413586,0.0,11374.583074053597,487267.5899251899,0.0,248825.83001493567,487735.94514324714,44520.376599839154,3558441.420638199
CE31_B2,CE31,B2,0,E,2025,975003.5350684371,238488.13521818278,236332.25613202862,0.0,12915.553793035768,487267.58992518997,0.0,248825.83001493567,487735.94514324714,75827.39934785131,3558441.420638199
CE31_B2,CE31,B2,0,E,2026,975003.5350684371,277625.433053559,197762.17490428852,0.0,12348.337185399672,487267.58992518997,0.0,248825.83001493567,487735.94514324714,49562.99868038402,3558441.4206381994
CE32_B2,CE32,B2,0,E,2020,999728.4524993598,376344.4140712365,123766.6057128607,0.0,0.0,499617.43271526264,0.0,376344.4140712365,500111.0197840971,0.0,4407407.912501557
CE32_B2,CE32,B2,0,E,2021,999728.4524993598,231404.9030560662,196156.00412813073,0.0,72550.1125999002,499617.43271526264,0.0,376344.4140712365,500111.0197840971,145554.74339509854,4407407.912501557
CE32_B2,CE32,B2,0,E,2022,999728.4524993598,225305.63239339192,254733.88556222356,0.0,20071.501828481636,499617.43271526264,0.0,376344.4140712365,500111.0197840971,151777.91256800632,4407407.912501557
CE32_B2,CE32,B2,0,E,2023,999728.4524993598,280254.4377939262,204847.87083815032,0.0,15008.711152020624,499617.43271526264,0.0,376344.4140712365,500111.0197840971,103753.47246916528,4407407.912501557
CE32_B2,CE32,B2,0,E,2024,999728.4524993598,344005.5773545209,143233.9702171774,0.0,12871.472212398752,499617.43271526264,0.0,376344.4140712365,500111.0197840971,67697.89173718619,4407407.912501557
CE32_B2,CE32,B2,0,E,2025,999728.4524993598,266411.3250592999,211251.69551768585,0.0,22447.999207111436,499617.43271526264,0.0,376344.4140712365,500111.0197840971,138895.15387893378,4407407.912501557
CE32_B2,CE32,B2,0,E,2026,999728.4524993598,321550.11509902065,167142.90513655718,0.0,11417.99954851936,499617.43271526264,0.0,376344.4140712365,500111.0197840971,88186.82404348336,4407407.912501557
CE33_B2,CE33,B2,0,E,2020,1000304.0020712161,406094.68196237605,117710.45693793203,0.0,893.2316091200885,475605.6315617879,0.0,406094.68196237605,524698.3705094281,0.0,5302870.5855976185
CE33_B2,CE33,B2,0,E,2021,1000304.0020712161,337251.2290987202,154108.7801323984,0.0,33338.361278309545,475605.6315617879,0.0,406094.68196237605,524698.3705094281,73147.37914730895,5302870.5855976185
CE33_B2,CE33,B2,0,E,2022,1000304.0020712161,347827.8873174929,156744.32939414232,0.0,20126.15379779292,475605.6315617879,0.0,406094.68196237605,524698.3705094281,68213.14603540757,5302870.5855976185
CE33_B2,CE33,B2,0,E,2023,1000304.0020712161,315912.4024367089,199125.75557158227,0.0,9660.21250113693,475605.6315617879,0.0,406094.68196237605,524698.3705094281,97329.67452033548,5302870.5855976185
CE33_B2,CE33,B2,0,E,2024,1000304.0020712161,392611.30310061586,118536.04679948396,0.0,13551.020609328327,475605.6315617879,0.0,406094.68196237605,524698.3705094281,53489.41756588804,5302870.5855976185
CE33_B2,CE33,B2,0,E,2025,1000304.0020712161,314451.1319132487,195251.2507089652,0.0,14995.987887214213,475605.6315617879,0.0,406094.68196237605,524698.3705094281,105650.27803012624,5302870.5855976185
CE33_B2,CE33,B2,0,E,2026,1000304.0020712161,337921.7564594045,144266.27335635916,0.0,42510.34069366455,475605.6315617879,0.0,406094.68196237605,524698.3705094281,94897.44852644976,5302870.5855976185
CE34_B2,CE34,B2,0,E,2026,1025641.6072328452,458310.72786371567,33196.784987625426,0.0,21560.786438526826,512573.3079429775,0.0,445007.0776375864,512239.7209816127,22741.274732283055,5594483.566624539
CE34_B2,CE34,B2,0,E,2020,1025641.6072328453,445007.0776375864,59091.2939627554,0.0,8141.349381271063,513401.8862512327,0.0,445007.0776375864,512239.7209816127,0.0,5594483.566624539
CE34_B2,CE34,B2,0,E,2021,1025641.6072328453,418259.92726724665,78129.58894273348,0.0,16343.866911525354,512908.2241113401,0.0,445007.0776375864,512239.7209816127,36182.82873221005,5594483.566624539
CE34_B2,CE34,B2,0,E,2022,1025641.6072328453,435346.4212065753,59490.87950092391,0.0,18230.99858236874,512573.3079429776,0.0,445007.0776375864,512239.7209816127,25644.7873782588,5594483.566624539
CE34_B2,CE34,B2,0,E,2024,1025641.6072328453,445069.39641376556,49083.36904057522,0.0,18915.533835527007,512573.3079429776,0.0,445007.0776375864,512239.7209816127,21078.727390423945,5594483.566624539
CE34_B2,CE34,B2,0,E,2025,1025641.6072328453,417364.04379326315,76775.1677533318,0.0,18929.08774327297,512573.3079429776,0.0,445007.0776375864,512239.7209816127,32104.182915122838,5594483.566624539
CE34_B2,CE34,B2,0,E,2023,1025641.6072328454,429760.8675190046,66822.63849998922,0.0,16484.793270874026,512573.30794297764,0.0,445007.0776375864,512239.7209816127,37770.64694375431,5594483.566624539
CE35_B2,CE35,B2,0,E,2020,975476.3917218974,384742.3328510359,102998.79023874318,0.0,0.0,487735.2686321183,0.0,384742.3328510359,487741.12308977917,0.0,3981799.663761153
CE35_B2,CE35,B2,0,E,2021,975476.3917218974,308971.6006381764,171829.98770569445,0.0,6939.534745908251,487735.2686321183,0.0,384742.3328510359,487741.12308977905,88628.00960373224,3981799.663761153
CE35_B2,CE35,B2,0,E,2022,975476.3917218974,186174.9516856474,300241.2237561094,0.0,1324.9476480222215,487735.2686321183,0.0,384742.3328510359,487741.12308977905,203423.074188741,3981799.663761153
CE35_B2,CE35,B2,0,E,2023,975476.3917218974,231120.77897709858,255830.4860651951,0.0,789.8580474853516,487735.2686321183,0.0,384742.3328510359,487741.1230897791,163216.40365082983,3981799.663761153
CE35_B2,CE35,B2,0,E,2024,975476.3917218974,390702.6181357888,96051.1833139756,0.0,987.3216400146484,487735.2686321183,0.0,384742.3328510359,487741.12308977905,49439.80504356833,3981799.663761153
CE35_B2,CE35,B2,0,E,2025,975476.3917218974,247159.26616369508,218937.84097538362,0.0,21644.01595070035,487735.2686321183,0.0,384742.3328510359,487741.12308977905,153653.610001478,3981799.663761153
CE35_B2,CE35,B2,0,E,2026,975476.3917218974,284665.1751057942,185341.3220847036,0.0,17734.62589928122,487735.2686321183,0.0,384742.33285103587,487741.1230897791,121438.19858260808,3981799.663761153
CE36_B2,CE36,B2,0,E,2020,999764.0055059695,330880.45072000555,168767.16869611552,0.0,98.73295593261719,500017.6531339159,0.0,330880.45072000555,499746.3523720537,0.0,3820856.977676812
CE36_B2,CE36,B2,0,E,2021,999764.0055059695,363524.6381880817,129528.41206180348,0.0,6693.302122168447,500017.6531339159,0.0,330880.45072000555,499746.3523720537,25697.245252990724,3820856.977676812
CE36_B2,CE36,B2,0,E,2022,999764.0055059695,194104.48184407555,303469.7492053463,0.0,2172.121322631836,500017.65313391597,0.0,330880.45072000555,499746.3523720537,141694.4176191741,3820856.977676812
CE36_B2,CE36,B2,0,E,2023,999764.0055059695,279031.39665240125,219628.8938681509,0.0,1086.0618515014648,500017.6531339159,0.0,330880.45072000555,499746.3523720537,73373.98076097078,3820856.977676812
CE36_B2,CE36,B2,0,E,2024,999764.0055059695,339852.3433085723,158291.05061047125,0.0,1602.9584530101104,500017.6531339159,0.0,330880.45072000555,499746.3523720537,49944.49402750052,3820856.977676812
CE36_B2,CE36,B2,0,E,2025,999764.0055059695,249348.81417439782,245942.95129918112,0.0,4454.586898474599,500017.65313391597,0.0,330880.45072000555,499746.3523720537,104060.15696366252,3820856.977676812
CE36_B2,CE36,B2,0,E,2026,999764.0055059695,196366.7869201062,298595.0859422273,0.0,4784.479509720148,500017.6531339159,0.0,330880.45072000555,499746.3523720537,151026.43925233727,3820856.977676812
CE37_B2,CE37,B2,0,E,2021,1025302.2587895709,481755.45354273194,14973.02296483657,0.0,25091.033440892836,503482.7488411098,0.0,486790.8640078078,514507.42881164554,9921.356509369496,4665609.577429229
CE37_B2,CE37,B2,0,E,2022,1025302.2587895709,433783.44078581576,61700.998178998154,0.0,30383.14447760488,499434.6753471523,0.0,486790.8640078078,514507.42881164554,54086.905004015156,4665609.577429229
CE37_B2,CE37,B2,0,E,2023,1025302.2587895709,447431.0714928722,47532.982754157565,0.0,20530.708602396644,509807.49594014476,0.0,486790.8640078078,514507.42881164554,41327.87454720292,4665609.577429229
CE37_B2,CE37,B2,0,E,2025,1025302.2587895709,414573.4613929001,76481.13628988828,0.0,26513.56671693091,507734.0943898518,0.0,486790.8640078078,514507.42881164554,73033.5992466347,4665609.577429229
CE37_B2,CE37,B2,0,E,2020,1025302.258789571,486790.8640078078,10518.396008480297,0.0,17198.1687953575,510794.8299779255,0.0,486790.8640078078,514507.4288116455,0.0,4665609.577429229
CE37_B2,CE37,B2,0,E,2024,1025302.258789571,476477.28203107056,18159.210131895776,0.0,30737.42398208917,499928.34264451556,0.0,486790.8640078078,514507.4288116455,15576.647784992292,4665609.577429229
CE37_B2,CE37,B2,0,E,2026,1025302.258789571,413931.04059843183,76002.26405660593,0.0,28674.07915867824,506694.8749758551,0.0,486790.8640078078,514507.4288116455,74415.1645480885,4665609.577429229
CE38_B2,CE38,B2,0,E,2020,975257.8068809658,376674.02824704035,110233.05477564195,0.0,493.66927337646484,487857.054584907,0.0,376674.02824704035,487400.7522960588,0.0,3003636.4696649285
CE38_B2,CE38,B2,0,E,2021,975257.8068809658,298195.19473173853,176733.31726460176,0.0,12472.24029971852,487857.05458490696,0.0,376674.02824704035,487400.7522960588,111190.2921973434,3003636.4696649285
CE38_B2,CE38,B2,0,E,2022,975257.8068809658,152686.85460626936,328897.11629447184,0.0,5816.7813953175255,487857.05458490696,0.0,376674.02824704035,487400.7522960588,227052.56654785754,3003636.4696649285
CE38_B2,CE38,B2,0,E,2023,975257.8068809658,166961.77809014413,311906.4308090808,0.0,8532.543396833831,487857.054584907,0.0,376674.02824704035,487400.7522960588,213548.93033671658,3003636.4696649285
CE38_B2,CE38,B2,0,E,2024,975257.8068809658,328428.03559746826,151420.54437941007,0.0,7552.172319180358,487857.054584907,0.0,376674.02824704035,487400.7522960588,93472.27730288038,3003636.4696649285
CE38_B2,CE38,B2,0,E,2025,975257.8068809658,255720.90151319312,224547.41711742926,0.0,7132.43366543639,487857.05458490696,0.0,376674.02824704035,487400.7522960588,154482.74128489773,3003636.4696649285
CE38_B2,CE38,B2,0,E,2026,975257.8068809658,245294.66952377016,234397.11530357812,0.0,7708.967468710507,487857.054584907,0.0,376674.02824704035,487400.7522960588,166903.0256303974,3003636.4696649285
CE39_B2,CE39,B2,0,E,2023,1025492.5858384075,182927.48023720534,315777.02044949995,0.0,13867.719910236434,512920.36524146586,0.0,321973.8965494792,512572.2205969418,141471.40365298404,3009322.891921817
CE39_B2,CE39,B2,0,E,2025,1025492.5858384075,268906.43655018526,237110.2133944941,0.0,6555.57065226237,512920.36524146586,0.0,321973.8965494792,512572.2205969418,78530.41906672457,3009322.891921817
CE39_B2,CE39,B2,0,E,2020,1025492.5858384076,321973.8965494792,189808.44902457448,0.0,789.8750228881836,512920.36524146586,0.0,321973.8965494792,512572.2205969419,0.0,3009322.891921817
CE39_B2,CE39,B2,0,E,2021,1025492.5858384076,333555.2808380427,168511.22227612667,0.0,10505.717482772528,512920.36524146586,0.0,321973.8965494792,512572.2205969419,43062.39330952962,3009322.891921817
CE39_B2,CE39,B2,0,E,2022,1025492.5858384076,197200.60350620045,294968.08530488843,0.0,20403.531785852767,512920.36524146586,0.0,321973.8965494792,512572.2205969419,127929.29950121713,3009322.891921817
CE39_B2,CE39,B2,0,E,2024,1025492.5858384076,338388.88877602376,159655.0660609526,0.0,14528.265759965485,512920.36524146586,0.0,321973.8965494792,512572.2205969418,42006.9614416085,3009322.891921817
CE39_B2,CE39,B2,0,E,2026,1025492.5858384076,281906.0262706083,211092.8003030515,0.0,19573.39402328192,512920.36524146586,0.0,321973.8965494792,512572.2205969419,68164.51466671811,3009322.891921817
CE40_B2,CE40,B2,0,E,2020,974764.2655692903,425207.02518367395,60609.394583997535,0.0,1338.9221776625689,487608.9236239564,0.0,425207.02518367395,487155.341945334,0.0,3236889.839641137
CE40_B2,CE40,B2,0,E,2021,974764.2655692903,410792.1032657399,56404.901658121744,0.0,19958.33702147241,487608.9236239564,0.0,425207.02518367395,487155.341945334,29563.50292343439,3236889.839641137
CE40_B2,CE40,B2,0,E,2022,974764.2655692903,364699.35163831536,104810.75713064159,0.0,17645.233176377238,487608.9236239564,0.0,425207.02518367395,487155.341945334,63559.9248054654,3236889.8396411375
CE40_B2,CE40,B2,0,E,2023,974764.2655692903,368755.5915077958,99363.31076513555,0.0,19036.439672402772,487608.9236239564,0.0,425207.02518367395,487155.341945334,61266.970649539726,3236889.8396411375
CE40_B2,CE40,B2,0,E,2024,974764.2655692903,434277.7641612334,36156.18078119615,0.0,16721.397002904556,487608.9236239564,0.0,425207.02518367395,487155.341945334,18269.40370764639,3236889.839641137
CE40_B2,CE40,B2,0,E,2025,974764.2655692903,417748.46979705215,54418.94749534457,0.0,14987.924652937349,487608.9236239564,0.0,425207.02518367395,487155.341945334,25979.596422980812,3236889.839641137
CE40_B2,CE40,B2,0,E,2026,974764.2655692903,395487.145907174,69150.11773965873,0.0,22518.07829850141,487608.9236239564,0.0,425207.02518367395,487155.341945334,37851.359884673475,3236889.839641137
CE41_B2,CE41,B2,0,E,2020,1000592.4463992547,497624.38114504336,21400.025509882907,0.0,751.1638760735007,480816.8758682549,0.0,497624.38114504336,519775.57053099974,0.0,3864000.5407663384
CE41_B2,CE41,B2,0,E,2021,1000592.4463992547,502251.0176363476,14460.655399068195,0.0,3063.8974955839267,480816.8758682549,0.0,497624.38114504336,519775.57053099974,6768.981113329121,3864000.5407663384
CE41_B2,CE41,B2,0,E,2022,1000592.4463992547,478837.1784749647,36784.53398317824,0.0,4153.858072856829,480816.8758682549,0.0,497624.38114504336,519775.57053099974,20759.202491281547,3864000.5407663384
CE41_B2,CE41,B2,0,E,2023,1000592.4463992547,459902.8319964538,50336.051010939664,0.0,9536.687523606244,480816.8758682549,0.0,497624.38114504336,519775.57053099974,38313.961624175434,3864000.5407663384
CE41_B2,CE41,B2,0,E,2024,1000592.4463992547,499448.4673973531,11254.280771801517,0.0,9072.822361845128,480816.8758682549,0.0,497624.38114504336,519775.57053099974,11883.48312437768,3864000.5407663384
CE41_B2,CE41,B2,0,E,2025,1000592.4463992547,467839.20343780506,44765.07489480412,0.0,7010.99239208745,480977.17567455804,0.0,497624.38114504336,519775.57053099974,31577.90176002652,3864000.5407663384
CE41_B2,CE41,B2,0,E,2026,1000592.4463992547,475029.8653964771,33233.92910177193,0.0,11709.638266948625,480619.013634057,0.0,497624.38114504336,519775.57053099974,28007.925204018986,3864000.5407663384
CE42_B2,CE42,B2,0,E,2024,999919.0613059248,389785.2228093465,77694.51388935764,0.0,32548.770861816407,499890.5537454044,0.0,299676.02360639384,500028.5075605205,18932.12748015161,3350782.2755259196
CE42_B2,CE42,B2,0,E,2020,999919.061305925,299676.02360639384,198171.77566650996,0.0,2180.7082876168047,499890.55374540447,0.0,299676.02360639384,500028.5075605205,0.0,3350782.2755259196
CE42_B2,CE42,B2,0,E,2021,999919.061305925,353208.88892008463,139846.5402087642,0.0,6973.078431671741,499890.55374540447,0.0,299676.02360639384,500028.5075605205,18339.70573206883,3350782.2755259196
CE42_B2,CE42,B2,0,E,2022,999919.061305925,303004.3930015115,190745.6768351836,0.0,6278.437723825492,499890.55374540447,0.0,299676.02360639384,500028.50756052055,22181.46241577747,3350782.2755259196
CE42_B2,CE42,B2,0,E,2023,999919.061305925,226262.27161963968,234484.05160821657,0.0,39282.18433266434,499890.55374540447,0.0,299676.02360639384,500028.50756052055,78726.11398818073,3350782.2755259196
CE42_B2,CE42,B2,0,E,2025,999919.061305925,245066.9552650302,237743.94519635368,0.0,17217.60709913665,499890.55374540447,0.0,299676.02360639384,500028.50756052055,67576.33982014375,3350782.2755259196
CE42_B2,CE42,B2,0,E,2026,999919.061305925,297018.2376328113,170512.61791881488,0.0,32497.652008894376,499890.55374540447,0.0,299676.02360639384,500028.50756052055,40624.16379146202,3350782.2755259196
CE43_B2,CE43,B2,0,E,2020,1000402.1258512009,410272.0624510222,88771.51805054906,0.0,1220.8438300039254,500137.7015196258,0.0,410272.0624510222,500264.42433157517,0.0,3490487.6098377006
CE43_B2,CE43,B2,0,E,2021,1000402.1258512009,375419.7212078019,119270.94009815293,0.0,5573.763025620405,500137.7015196258,0.0,410272.0624510222,500264.42433157517,44300.02548116048,3490487.6098377006
CE43_B2,CE43,B2,0,E,2022,1000402.1258512009,380081.6596467261,116898.13274033491,0.0,3284.6319445142562,500137.7015196258,0.0,410272.0624510222,500264.42433157517,39338.018787997375,3490487.6098377006
CE43_B2,CE43,B2,0,E,2023,1000402.1258512009,311799.9454668232,160632.0843668919,0.0,27832.39449786018,500137.7015196258,0.0,410272.0624510222,500264.42433157517,99064.53246576648,3490487.6098377006
CE43_B2,CE43,B2,0,E,2024,1000402.1258512009,418520.93899063405,63503.616014009356,0.0,18239.869326931825,500137.7015196258,0.0,410272.0624510222,500264.42433157517,24107.887323865703,3490487.6098377006
CE43_B2,CE43,B2,0,E,2025,1000402.1258512009,357234.0875301286,130858.67459692863,0.0,12171.662204518037,500137.7015196258,0.0,410272.0624510222,500264.42433157517,58752.6631155575,3490487.6098377006
CE43_B2,CE43,B2,0,E,2026,1000402.1258512009,351312.2632845709,135485.30346299714,0.0,13466.857584007113,500137.7015196258,0.0,410272.0624510222,500264.42433157517,66651.14684962852,3490487.6098377006
CE44_B2,CE44,B2,0,E,2020,2716675.1836248958,1278029.7749209234,291216.40732658235,0.0,6768.091192776549,1140660.9101846134,0.0,1278029.7749209234,1576014.2734402826,0.0,7548230.918958417
CE44_B2,CE44,B2,0,E,2025,2716675.1836248958,1173088.2615731633,392827.2936690985,0.0,37359.01348709405,1113400.6148955403,0.0,1278029.7749209236,1576014.2734402823,142946.86656030393,7548230.918958417
CE44_B2,CE44,B2,0,E,2021,2716675.183624896,1119775.344062626,429372.34354663925,0.0,35446.4854396446,1132081.0105759867,0.0,1278029.7749209236,1576014.2734402823,172988.33547363282,7548230.918958417
CE44_B2,CE44,B2,0,E,2022,2716675.183624896,971231.8738512825,595287.3755559884,0.0,17516.56230082792,1132639.3719167972,0.0,1278029.7749209236,1576014.2734402823,308957.35302895936,7548230.918958417
CE44_B2,CE44,B2,0,E,2023,2716675.183624896,995455.0949762982,550082.2965453204,0.0,38746.236552489034,1132391.5555507888,0.0,1278029.7749209236,1576014.2734402823,286326.71449815336,7548230.918958417
CE44_B2,CE44,B2,0,E,2024,2716675.183624896,963548.9218858007,604262.9117858887,0.0,40329.253603018966,1108534.0963501877,0.0,1278029.7749209236,1576014.2734402823,322577.32526412664,7548230.918958418
CE44_B2,CE44,B2,0,E,2026,2716675.183624896,1126686.7021602856,476534.1229659137,0.0,48118.74083362654,1065335.6176650703,0.0,1278029.7749209236,1576014.2734402826,176138.9176238116,7548230.918958418
CW01_B2,CW01,B2,0,W,2020,1012824.3331493604,730677.6370963305,70530.66464302212,0.0,211616.03141000785,0.0,0.0,730677.6370963305,1012824.3331493604,0.0,6411820.563147571
CW01_B2,CW01,B2,0,W,2021,1012824.3331493604,701831.2640142705,37090.06468739229,0.0,273903.00444769766,0.0,0.0,730677.6370963305,1012824.3331493604,40247.610044531735,6411820.563147571
CW01_B2,CW01,B2,0,W,2022,1012824.3331493604,675266.1795528939,40982.39774208816,0.0,296575.75585437845,0.0,0.0,730677.6370963305,1012824.3331493604,60470.3283730002,6411820.563147571
CW01_B2,CW01,B2,0,W,2023,1012824.3331493604,671238.7425746545,77032.54779004863,0.0,264553.0427846572,0.0,0.0,730677.6370963305,1012824.3331493604,65424.671671399876,6411820.563147571
CW01_B2,CW01,B2,0,W,2024,1012824.3331493604,680545.738913413,83556.89727349376,0.0,248721.69696245377,0.0,0.0,730677.6370963305,1012824.3331493604,65487.38751098034,6411820.563147571
CW01_B2,CW01,B2,0,W,2025,1012824.3331493604,596704.7857574766,173786.67937714822,0.0,242332.86801473575,0.0,0.0,730677.6370963305,1012824.3331493604,138118.75415036074,6411820.563147571
CW01_B2,CW01,B2,0,W,2026,1012824.3331493604,622742.9860897589,79843.14800971537,0.0,310238.1990498861,0.0,0.0,730677.6370963305,1012824.3331493604,117156.07376299093,6411820.563147571
CW02_B2,CW02,B2,0,W,2020,1001153.306595058,767227.6462534884,96143.08065682209,0.0,137782.5796847474,0.0,0.0,767227.6462534884,1001153.306595058,0.0,6495161.987416587
CW02_B2,CW02,B2,0,W,2021,1001153.306595058,735024.51118556,56518.9555278105,0.0,209609.8398816875,0.0,0.0,767227.6462534884,1001153.306595058,45211.91901032691,6495161.987416586
CW02_B2,CW02,B2,0,W,2022,1001153.306595058,731135.6901156855,61462.450175835096,0.0,208555.16630353738,0.0,0.0,767227.6462534884,1001153.306595058,51797.03920500512,6495161.987416587
CW02_B2,CW02,B2,0,W,2023,1001153.306595058,719593.9162894753,84141.3634774601,0.0,197418.0268281226,0.0,0.0,767227.6462534884,1001153.306595058,62646.92217835071,6495161.987416587
CW02_B2,CW02,B2,0,W,2024,1001153.306595058,741359.4940070955,72436.98697330251,0.0,187356.8256146599,0.0,0.0,767227.6462534884,1001153.306595058,57532.68954626345,6495161.987416586
CW02_B2,CW02,B2,0,W,2025,1001153.306595058,677993.2089246261,172048.9175954183,0.0,151111.1800750134,0.0,0.0,767227.6462534884,1001153.306595058,96177.69302840886,6495161.987416587
CW02_B2,CW02,B2,0,W,2026,1001153.306595058,701872.4081074133,85846.11007869945,0.0,213434.7884089451,0.0,0.0,767227.6462534884,1001153.306595058,82846.37187793208,6495161.987416587
CW03_B2,CW03,B2,0,W,2020,975102.3160964368,736201.5179475077,111422.84885349653,0.0,127477.94929543289,0.0,0.0,736201.5179475077,975102.3160964368,0.0,6032847.68481891
CW03_B2,CW03,B2,0,W,2021,975102.3160964368,704682.9427530627,54929.10765742882,0.0,215490.2656859454,0.0,0.0,736201.5179475077,975102.3160964368,47399.4110806035,6032847.68481891
CW03_B2,CW03,B2,0,W,2022,975102.3160964368,707502.3238842238,71937.03816848456,0.0,195662.9540437287,0.0,0.0,736201.5179475077,975102.3160964368,53767.33338572184,6032847.68481891
CW03_B2,CW03,B2,0,W,2023,975102.3160964368,685470.7914668366,116849.15788601151,0.0,172782.3667435889,0.0,0.0,736201.5179475076,975102.3160964368,71185.66664051729,6032847.68481891
CW03_B2,CW03,B2,0,W,2024,975102.3160964368,720087.8763703294,90559.08963946174,0.0,164455.35008664595,0.0,0.0,736201.5179475077,975102.3160964368,57174.10964140051,6032847.68481891
CW03_B2,CW03,B2,0,W,2025,975102.3160964368,620116.0068801284,214195.59384807516,0.0,140790.7153682335,0.0,0.0,736201.5179475077,975102.3160964368,125898.11550032672,6032847.68481891
CW03_B2,CW03,B2,0,W,2026,975102.3160964368,674799.8017632281,84177.23212576473,0.0,216125.28220744416,0.0,0.0,736201.5179475076,975102.3160964368,85324.59830747118,6032847.68481891
CW04_B2,CW04,B2,0,W,2020,1000715.555122974,736775.2158076566,214991.18690281291,0.0,48949.15241250432,0.0,0.0,736775.2158076566,1000715.555122974,0.0,6121472.686634768
CW04_B2,CW04,B2,0,W,2021,1000715.555122974,699194.6757872638,138803.03658160046,0.0,162717.8427541097,0.0,0.0,736775.2158076566,1000715.555122974,65535.84151024911,6121472.686634768
CW04_B2,CW04,B2,0,W,2022,1000715.555122974,696760.5198309505,122962.89450010417,0.0,180992.14079191917,0.0,0.0,736775.2158076566,1000715.555122974,73173.27680855546,6121472.686634768
CW04_B2,CW04,B2,0,W,2023,1000715.555122974,658696.0053657084,215042.33724682382,0.0,126977.2125104418,0.0,0.0,736775.2158076566,1000715.555122974,97295.55930439071,6121472.686634768
CW04_B2,CW04,B2,0,W,2024,1000715.555122974,738505.8491429647,136828.06675483854,0.0,125381.63922517066,0.0,0.0,736775.2158076566,1000715.555122974,68352.14798886169,6121472.686634768
CW04_B2,CW04,B2,0,W,2025,1000715.555122974,606357.7957531797,280232.87985941576,0.0,114124.87951037838,0.0,0.0,736775.2158076566,1000715.555122974,138129.19608291928,6121472.686634768
CW04_B2,CW04,B2,0,W,2026,1000715.555122974,639277.5500698612,138318.32053824034,0.0,223119.68451487226,0.0,0.0,736775.2158076566,1000715.555122974,115602.42581386195,6121472.686634768
CW05_B2,CW05,B2,0,W,2020,1026569.2272346646,716077.8811368457,275669.5738272274,0.0,34821.77227059159,0.0,0.0,716077.8811368457,1026569.2272346646,0.0,5205318.625642485
CW05_B2,CW05,B2,0,W,2021,1026569.2272346646,668952.8134654326,254505.7399728214,0.0,103110.67379641064,0.0,0.0,716077.8811368457,1026569.2272346646,77567.20366552015,5205318.625642485
CW05_B2,CW05,B2,0,W,2022,1026569.2272346646,674645.4032781564,208735.45462924734,0.0,143188.369327261,0.0,0.0,716077.8811368457,1026569.2272346646,75872.1886696909,5205318.625642485
CW05_B2,CW05,B2,0,W,2023,1026569.2272346646,634412.3724717982,294958.37250312354,0.0,97198.48225974287,0.0,0.0,716077.8811368457,1026569.2272346646,100239.49956300025,5205318.625642485
CW05_B2,CW05,B2,0,W,2024,1026569.2272346646,828561.0806323184,107385.43042692298,0.0,90622.71617542341,0.0,0.0,716077.8811368457,1026569.2272346646,58731.09997642368,5205318.625642485
CW05_B2,CW05,B2,0,W,2025,1026569.2272346647,609225.3982443716,350414.717437385,0.0,66929.1115529079,0.0,0.0,716077.8811368457,1026569.2272346647,120990.20618441711,5205318.625642485
CW05_B2,CW05,B2,0,W,2026,1026569.2272346647,639417.8431425806,195685.14211518542,0.0,191466.24197689877,0.0,0.0,716077.8811368457,1026569.2272346647,113096.83553894638,5205318.625642486
CW06_B2,CW06,B2,0,W,2020,1000801.6929416432,835939.7966753793,136786.31511775,0.0,28075.581148514095,0.0,0.0,835939.7966753793,1000801.6929416432,0.0,5664790.352076782
CW06_B2,CW06,B2,0,W,2022,1000801.6929416432,710249.1804632449,132642.3459643794,0.0,157910.166514019,0.0,0.0,835939.7966753793,1000801.6929416432,135017.27127939858,5664790.352076782
CW06_B2,CW06,B2,0,W,2023,1000801.6929416432,673402.4933681414,204044.45814945,0.0,123354.74142405193,0.0,0.0,835939.7966753793,1000801.6929416432,168176.50626926796,5664790.352076782
CW06_B2,CW06,B2,0,W,2024,1000801.6929416432,807192.4825613584,72126.07260302376,0.0,121483.13777726119,0.0,0.0,835939.7966753793,1000801.6929416432,95366.24688852347,5664790.352076782
CW06_B2,CW06,B2,0,W,2026,1000801.6929416432,697611.0206280877,154084.92625762345,0.0,149105.74605593213,0.0,0.0,835939.7966753793,1000801.6929416432,151520.22768237547,5664790.352076782
CW06_B2,CW06,B2,0,W,2021,1000801.6929416433,778862.87516662,124760.64561683804,0.0,97178.17215818517,0.0,0.0,835939.7966753793,1000801.6929416433,79640.73744907754,5664790.352076782
CW06_B2,CW06,B2,0,W,2025,1000801.6929416433,666879.4023104799,254554.1123020247,0.0,79368.17832913867,0.0,0.0,835939.7966753793,1000801.6929416433,175340.76515559776,5664790.352076782
CW07_B2,CW07,B2,0,W,2020,1000563.1873872047,814728.8702319575,142830.87025209313,0.0,43003.44690315396,0.0,0.0,814728.8702319575,1000563.1873872047,0.0,5799707.240389744
CW07_B2,CW07,B2,0,W,2022,1000563.1873872047,656371.8217082603,163083.22401218786,0.0,181108.14166675642,0.0,0.0,814728.8702319575,1000563.1873872047,161518.71252007576,5799707.240389745
CW07_B2,CW07,B2,0,W,2023,1000563.1873872047,617588.9862236772,195614.3528129129,0.0,187359.84835061466,0.0,0.0,814728.8702319575,1000563.1873872047,200639.93924644316,5799707.240389745
CW07_B2,CW07,B2,0,W,2024,1000563.1873872047,714246.6716706818,116119.7230839449,0.0,170196.7926325779,0.0,0.0,814728.8702319575,1000563.1873872047,148748.4948874679,5799707.240389745
CW07_B2,CW07,B2,0,W,2025,1000563.1873872047,577776.6189332252,339311.36824245076,0.0,83475.20021152872,0.0,0.0,814728.8702319575,1000563.1873872047,237643.35893423043,5799707.240389745
CW07_B2,CW07,B2,0,W,2026,1000563.1873872047,643142.0651323505,193377.65483586933,0.0,164043.4674189848,0.0,0.0,814728.8702319575,1000563.1873872047,183189.24976504454,5799707.240389744
CW07_B2,CW07,B2,0,W,2021,1000563.1873872048,744016.4710368736,154719.0956265917,0.0,101827.62072373932,0.0,0.0,814728.8702319575,1000563.1873872048,89045.47419281007,5799707.240389745
CW08_B2,CW08,B2,0,W,2020,975773.4459052291,811220.5707486918,146958.52679326673,0.0,17594.348363270477,0.0,0.0,811220.5707486918,975773.4459052291,0.0,5773920.041321669
CW08_B2,CW08,B2,0,W,2021,975773.4459052291,733016.1293939329,182401.93618556007,0.0,60355.38032573626,0.0,0.0,811220.5707486919,975773.4459052291,89658.95785642137,5773920.041321669
CW08_B2,CW08,B2,0,W,2022,975773.4459052291,659625.9618313359,222583.10962976195,0.0,93564.3744441313,0.0,0.0,811220.5707486919,975773.4459052291,154062.8389283424,5773920.041321669
CW08_B2,CW08,B2,0,W,2023,975773.4459052291,653695.1990378287,227378.6806047627,0.0,94699.56626263788,0.0,0.0,811220.5707486919,975773.4459052291,161462.14648596075,5773920.041321669
CW08_B2,CW08,B2,0,W,2024,975773.4459052291,763093.4635587805,127138.21863675583,0.0,85541.76370969287,0.0,0.0,811220.5707486919,975773.4459052291,92026.84775905234,5773920.041321669
CW08_B2,CW08,B2,0,W,2025,975773.4459052291,581150.5985737221,355299.166625079,0.0,39323.68070642808,0.0,0.0,811220.5707486919,975773.4459052291,231585.3716686473,5773920.041321669
CW08_B2,CW08,B2,0,W,2026,975773.4459052291,654806.4678404564,162627.72193588558,0.0,158339.25612888712,0.0,0.0,811220.5707486919,975773.4459052291,163304.2492179422,5773920.041321669
CW09_B2,CW09,B2,0,W,2020,1025976.3894223681,828826.1391931571,193007.89880508723,0.0,4142.351424123726,0.0,0.0,828826.1391931571,1025976.3894223681,0.0,6618616.674393239
CW09_B2,CW09,B2,0,W,2021,1025976.3894223681,698301.0601412903,222540.5853314867,0.0,105134.74394959093,0.0,0.0,828826.1391931572,1025976.3894223681,138805.53093318566,6618616.674393239
CW09_B2,CW09,B2,0,W,2022,1025976.3894223681,638126.201770229,194776.87192598233,0.0,193073.3157261568,0.0,0.0,828826.1391931572,1025976.3894223681,192061.21561557546,6618616.674393239
CW09_B2,CW09,B2,0,W,2023,1025976.3894223681,643272.1053181967,206117.5998614143,0.0,176586.68424275715,0.0,0.0,828826.1391931572,1025976.3894223681,191378.24242709292,6618616.674393239
CW09_B2,CW09,B2,0,W,2025,1025976.3894223681,583317.2632252711,387213.7507355933,0.0,55445.37546150357,0.0,0.0,828826.1391931572,1025976.3894223681,246594.869200613,6618616.674393239
CW09_B2,CW09,B2,0,W,2026,1025976.3894223681,655194.3730854109,193200.26570772656,0.0,177581.7506292306,0.0,0.0,828826.1391931572,1025976.3894223681,186902.49251329014,6618616.674393239
CW09_B2,CW09,B2,0,W,2024,1025976.3894223683,749802.7232046986,146335.36910840202,0.0,129838.2971092673,0.0,0.0,828826.1391931572,1025976.3894223683,131133.7701990165,6618616.674393239
CW10_B2,CW10,B2,0,W,2020,1001188.2368144316,674552.6616372799,284129.9609607472,0.0,42505.61421640434,0.0,0.0,674552.6616372799,1001188.2368144316,0.0,7931220.740508646
CW10_B2,CW10,B2,0,W,2021,1001188.2368144316,591499.704082085,252880.21383182303,0.0,156808.31890052336,0.0,0.0,674552.6616372799,1001188.2368144316,93492.6645712759,7931220.740508646
CW10_B2,CW10,B2,0,W,2022,1001188.2368144316,560985.532707663,294813.9794541602,0.0,145388.72465260813,0.0,0.0,674552.6616372798,1001188.2368144316,116416.32200095979,7931220.740508646
CW10_B2,CW10,B2,0,W,2023,1001188.2368144316,543551.6282999375,304243.4892945533,0.0,153393.11921994068,0.0,0.0,674552.6616372799,1001188.2368144316,132584.18073509063,7931220.740508644
CW10_B2,CW10,B2,0,W,2024,1001188.2368144316,598224.9688479853,303608.9196939805,0.0,99354.34827246572,0.0,0.0,674552.6616372799,1001188.2368144316,99709.40815474567,7931220.740508646
CW10_B2,CW10,B2,0,W,2025,1001188.2368144316,534959.5008126949,410902.3923620486,0.0,55326.343639687926,0.0,0.0,674552.6616372799,1001188.2368144316,140959.4873303581,7931220.740508646
CW10_B2,CW10,B2,0,W,2026,1001188.2368144316,631902.2815141864,249468.74139664593,0.0,119817.21390359919,0.0,0.0,674552.6616372799,1001188.2368144316,87079.12674814861,7931220.740508646
CW11_B2,CW11,B2,0,W,2020,975107.245013847,624618.0060578291,320756.8561980004,0.0,29732.382758017146,0.0,0.0,624618.0060578291,975107.245013847,0.0,7214844.753742233
CW11_B2,CW11,B2,0,W,2021,975107.245013847,566932.1362207154,229940.55801194132,0.0,178234.5507811902,0.0,0.0,624618.0060578292,975107.245013847,68191.75973797965,7214844.753742233
CW11_B2,CW11,B2,0,W,2022,975107.245013847,550471.1649395514,354762.717531451,0.0,69873.36254284429,0.0,0.0,624618.0060578291,975107.245013847,76121.4142994301,7214844.753742233
CW11_B2,CW11,B2,0,W,2023,975107.245013847,551040.3109216429,336824.67452739633,0.0,87242.25956480738,0.0,0.0,624618.0060578291,975107.245013847,75749.72717201381,7214844.753742233
CW11_B2,CW11,B2,0,W,2024,975107.245013847,569641.952558181,364091.2234592513,0.0,41374.06899641449,0.0,0.0,624618.0060578291,975107.245013847,68159.23415338853,7214844.753742233
CW11_B2,CW11,B2,0,W,2025,975107.245013847,544687.5953669231,409202.8614810422,0.0,21216.788165881586,0.0,0.0,624618.0060578291,975107.245013847,81349.39036395503,7214844.753742233
CW11_B2,CW11,B2,0,W,2026,975107.245013847,590972.0230582145,253083.60096265006,0.0,131051.62099298215,0.0,0.0,624618.0060578291,975107.245013847,64441.992226424874,7214844.753742233
CW12_B2,CW12,B2,0,W,2020,1026649.7150472606,605854.5293335862,359160.3006844914,0.0,61634.885029183184,0.0,0.0,605854.5293335862,1026649.7150472606,0.0,6664192.4130035415
CW12_B2,CW12,B2,0,W,2021,1026649.7150472606,549952.1900179399,295049.1712523218,0.0,181648.35377699908,0.0,0.0,605854.5293335862,1026649.7150472606,60727.259305856736,6664192.4130035415
CW12_B2,CW12,B2,0,W,2022,1026649.7150472606,535355.0976549938,416098.28884250426,0.0,75196.32854976281,0.0,0.0,605854.5293335862,1026649.7150472606,71634.61645082959,6664192.4130035415
CW12_B2,CW12,B2,0,W,2023,1026649.7150472606,537407.8597760671,368745.3909865734,0.0,120496.4642846201,0.0,0.0,605854.5293335862,1026649.7150472606,70050.71570168289,6664192.4130035415
CW12_B2,CW12,B2,0,W,2024,1026649.7150472606,561743.8754793657,421541.95996003994,0.0,43363.87960785512,0.0,0.0,605854.5293335862,1026649.7150472606,61854.7066236309,6664192.4130035415
CW12_B2,CW12,B2,0,W,2025,1026649.7150472606,530211.5214894017,479821.60785794724,0.0,16616.585699911677,0.0,0.0,605854.5293335862,1026649.7150472606,76704.24117841534,6664192.41300354
CW12_B2,CW12,B2,0,W,2026,1026649.7150472606,563229.0873648853,327513.3210602705,0.0,135907.30662210504,0.0,0.0,605854.5293335862,1026649.7150472606,61847.33977807737,6664192.4130035415
CW13_B2,CW13,B2,0,W,2022,1000529.7766367896,554688.1874820786,360367.8622359332,0.0,85473.72691877776,0.0,0.0,588147.0725848927,1000529.7766367896,43565.89861662621,6272010.139081976
CW13_B2,CW13,B2,0,W,2024,1000529.7766367896,593765.2631650439,335901.83672925166,0.0,70862.67674249386,0.0,0.0,588147.0725848927,1000529.7766367896,39527.7581466974,6272010.139081976
CW13_B2,CW13,B2,0,W,2026,1000529.7766367896,604814.0155870625,318700.95081078017,0.0,77014.81023894665,0.0,0.0,588147.0725848927,1000529.7766367896,39530.462364884916,6272010.139081976
CW13_B2,CW13,B2,0,W,2020,1000529.7766367897,588147.0725848927,378763.1207108442,0.0,33619.58334105249,0.0,0.0,588147.0725848927,1000529.7766367897,0.0,6272010.139081976
CW13_B2,CW13,B2,0,W,2021,1000529.7766367897,573899.1096014584,274003.72139536537,0.0,152626.94563996556,0.0,0.0,588147.0725848927,1000529.7766367897,31462.608659781665,6272010.139081976
CW13_B2,CW13,B2,0,W,2023,1000529.7766367897,554338.1061356489,332325.4980990242,0.0,113866.17240211634,0.0,0.0,588147.0725848927,1000529.7766367897,45766.21717499378,6272010.139081976
CW13_B2,CW13,B2,0,W,2025,1000529.7766367897,534142.1538289988,427757.69492959423,0.0,38629.92787819657,0.0,0.0,588147.0725848927,1000529.7766367897,63437.42868918624,6272010.139081976
CW14_B2,CW14,B2,0,W,2021,975978.9993775914,705240.473307681,131122.06889406094,0.0,139616.45717584944,0.0,0.0,704849.4866430548,975978.9993775914,60898.957604142735,6354826.963119656
CW14_B2,CW14,B2,0,W,2020,975978.9993775915,704849.4866430548,234294.07580216354,0.0,36835.43693237305,0.0,0.0,704849.4866430548,975978.9993775915,0.0,6354826.963119656
CW14_B2,CW14,B2,0,W,2022,975978.9993775915,604995.9790607829,287393.98747522687,0.0,83589.03284158147,0.0,0.0,704849.4866430548,975978.9993775915,118768.49207234103,6354826.963119656
CW14_B2,CW14,B2,0,W,2023,975978.9993775915,591449.2940017703,265451.8710232005,0.0,119077.83435262043,0.0,0.0,704849.4866430548,975978.9993775915,133197.1725424673,6354826.963119656
CW14_B2,CW14,B2,0,W,2024,975978.9993775915,674404.662719697,195438.81234726252,0.0,106135.52431063184,0.0,0.0,704849.4866430548,975978.9993775915,98107.45752889595,6354826.963119656
CW14_B2,CW14,B2,0,W,2025,975978.9993775915,558879.0215483725,342070.48240829166,0.0,75029.49542092715,0.0,0.0,704849.4866430548,975978.9993775915,168414.13629057643,6354826.963119656
CW14_B2,CW14,B2,0,W,2026,975978.9993775915,707539.97265263,132115.4417932249,0.0,136323.58493173638,0.0,0.0,704849.4866430548,975978.9993775915,98079.17485127169,6354826.963119656
CW15_B2,CW15,B2,0,W,2020,1000783.7198193121,680320.9920347029,258253.60820695464,0.0,62209.11957765466,0.0,0.0,680320.9920347029,1000783.7198193121,0.0,6465189.016506212
CW15_B2,CW15,B2,0,W,2021,1000783.7198193121,666734.054546132,110851.35392575734,0.0,223198.31134742292,0.0,0.0,680320.9920347029,1000783.7198193121,53843.44026964973,6465189.016506212
CW15_B2,CW15,B2,0,W,2022,1000783.7198193121,580782.0634899365,291762.0549148859,0.0,128239.60141448976,0.0,0.0,680320.9920347029,1000783.7198193121,106627.2595428766,6465189.016506212
CW15_B2,CW15,B2,0,W,2023,1000783.7198193121,624171.599523896,250649.1099765852,0.0,125963.01031883091,0.0,0.0,680320.9920347029,1000783.7198193121,79819.11130694221,6465189.016506212
CW15_B2,CW15,B2,0,W,2024,1000783.7198193121,714988.7586316279,179943.94047734878,0.0,105851.02071033554,0.0,0.0,680320.9920347029,1000783.7198193121,51312.88947293151,6465189.016506212
CW15_B2,CW15,B2,0,W,2025,1000783.7198193121,591105.6449927238,323636.6377419565,0.0,86041.43708463183,0.0,0.0,680320.9920347029,1000783.7198193121,105604.70138543824,6465189.016506212
CW15_B2,CW15,B2,0,W,2026,1000783.7198193121,747086.8536479876,139282.78987172447,0.0,114414.07629960007,0.0,0.0,680320.9920347029,1000783.7198193121,48747.47645138011,6465189.016506212
CW16_B2,CW16,B2,0,W,2020,1001305.4166530236,768566.2367264093,134228.8989453185,0.0,98510.28098129573,0.0,0.0,768566.2367264093,1001305.4166530236,0.0,7578074.120882217
CW16_B2,CW16,B2,0,W,2021,1001305.4166530236,739274.7815985885,58826.87112881529,0.0,203203.76392561974,0.0,0.0,768566.2367264093,1001305.4166530236,47445.90641087551,7578074.120882217
CW16_B2,CW16,B2,0,W,2023,1001305.4166530236,719937.1687444949,121392.64165257469,0.0,159975.60625595393,0.0,0.0,768566.2367264093,1001305.4166530236,68964.85541205312,7578074.120882217
CW16_B2,CW16,B2,0,W,2024,1001305.4166530236,760399.6840829588,91653.99242110905,0.0,149251.74014895572,0.0,0.0,768566.2367264093,1001305.4166530236,52700.95057627358,7578074.120882217
CW16_B2,CW16,B2,0,W,2026,1001305.4166530236,796871.6614234776,52417.995101599605,0.0,152015.76012794644,0.0,0.0,768566.2367264093,1001305.4166530236,40829.508322682115,7578074.120882217
CW16_B2,CW16,B2,0,W,2022,1001305.4166530238,686503.7642293593,155371.54878952922,0.0,159430.10363413495,0.0,0.0,768566.2367264093,1001305.4166530238,89820.99354316859,7578074.120882217
CW16_B2,CW16,B2,0,W,2025,1001305.4166530238,691983.1441950779,186934.4147444781,0.0,122387.8577134675,0.0,0.0,768566.2367264093,1001305.4166530238,94017.04718493292,7578074.120882217
CW17_B2,CW17,B2,0,W,2020,1000561.878809671,762186.7796249391,192266.94304471486,0.0,46108.15614001704,0.0,0.0,762186.7796249391,1000561.878809671,0.0,6203418.339302272
CW17_B2,CW17,B2,0,W,2021,1000561.878809671,765920.0447724884,71914.31429889155,0.0,162727.51973829078,0.0,0.0,762186.7796249391,1000561.878809671,41176.69344269995,6203418.339302272
CW17_B2,CW17,B2,0,W,2022,1000561.878809671,693773.7737523696,217804.44000612147,0.0,88983.66505117976,0.0,0.0,762186.7796249391,1000561.878809671,82694.58551441267,6203418.339302272
CW17_B2,CW17,B2,0,W,2023,1000561.878809671,759003.2447183348,154460.11682122923,0.0,87098.51727010688,0.0,0.0,762186.7796249391,1000561.878809671,51057.66376022638,6203418.339302272
CW17_B2,CW17,B2,0,W,2024,1000561.878809671,765339.211518471,156988.39790290385,0.0,78234.26938829609,0.0,0.0,762186.7796249391,1000561.878809671,64925.43749365713,6203418.339302272
CW17_B2,CW17,B2,0,W,2025,1000561.878809671,707558.705699846,228944.05783903832,0.0,64059.11527078666,0.0,0.0,762186.7796249391,1000561.878809671,83662.0496584724,6203418.339302272
CW17_B2,CW17,B2,0,W,2026,1000561.878809671,872031.8897444481,48309.63199878768,0.0,80220.35706643498,0.0,0.0,762186.7796249391,1000561.878809671,27073.48716296028,6203418.339302272
CW18_B2,CW18,B2,0,W,2023,1001123.1484762154,604211.3924728693,279283.1070663751,0.0,117628.64893697103,0.0,0.0,615131.9622507131,1001123.1484762154,49462.28031840605,8072272.382021915
CW18_B2,CW18,B2,0,W,2021,1001123.1484762155,622739.4207137763,216229.60496278654,0.0,162154.12279965272,0.0,0.0,615131.9622507133,1001123.1484762155,30419.278724460975,8072272.382021915
CW18_B2,CW18,B2,0,W,2022,1001123.1484762155,548157.9294875201,317638.1858906165,0.0,135327.0330980787,0.0,0.0,615131.9622507133,1001123.1484762155,72215.93587616565,8072272.382021915
CW18_B2,CW18,B2,0,W,2024,1001123.1484762155,603832.2339252547,283181.67051756615,0.0,114109.24403339461,0.0,0.0,615131.9622507133,1001123.1484762155,82028.5310528026,8072272.382021915
CW18_B2,CW18,B2,0,W,2026,1001123.1484762155,708983.8279103297,170515.84524356617,0.0,121623.47532231949,0.0,0.0,615131.9622507133,1001123.1484762155,35526.41087526808,8072272.382021915
CW18_B2,CW18,B2,0,W,2020,1001123.1484762157,615131.9622507133,329288.65421995264,0.0,56702.53200554941,0.0,0.0,615131.9622507133,1001123.1484762157,0.0,8072272.382021915
CW18_B2,CW18,B2,0,W,2025,1001123.1484762157,540895.4257893581,358949.32461565797,0.0,101278.39807119932,0.0,0.0,615131.9622507133,1001123.1484762157,81388.7492647358,8072272.382021915
CW19_B2,CW19,B2,0,W,2020,1000544.9704876172,491875.8497629502,304545.7548893348,0.0,38539.41914900237,165583.94668632955,0.0,491875.8497629502,834961.0238012876,0.0,5947748.004992047
CW19_B2,CW19,B2,0,W,2021,1000544.9704876172,448959.5717423981,307734.46724518423,0.0,118078.15457225127,125772.77692778342,0.0,491875.8497629502,834961.0238012876,68445.04616214527,5947748.004992047
CW19_B2,CW19,B2,0,W,2022,1000544.9704876172,416924.10851494287,357079.16321803076,0.0,113011.33440548765,113530.36434915576,0.0,491875.8497629502,834961.0238012876,86892.68937479655,5947748.004992047
CW19_B2,CW19,B2,0,W,2023,1000544.9704876172,451719.2371218812,302493.6735789281,0.0,62062.17660366879,184269.88318313897,0.0,491875.8497629502,834961.0238012876,74524.13857101739,5947748.004992047
CW19_B2,CW19,B2,0,W,2024,1000544.9704876172,512365.2344142839,267311.5958226821,0.0,69446.45191267425,151421.68833797675,0.0,491875.8497629502,834961.0238012875,47985.3584383497,5947748.004992047
CW19_B2,CW19,B2,0,W,2025,1000544.9704876172,475171.4328416113,314842.86349140253,0.0,68622.84092356364,141907.83323103958,0.0,491875.8497629502,834961.0238012876,55365.07582376517,5947748.004992047
CW19_B2,CW19,B2,0,W,2026,1000544.9704876172,555637.7990100937,192123.30870451086,0.0,59353.56406806497,193430.29870494767,0.0,491875.8497629502,834961.0238012875,45334.83429870605,5947748.004992047
CW20_B2,CW20,B2,0,W,2020,1001223.92866187,186363.51984991934,147901.42703465486,0.0,25031.00479407217,641927.9769832237,0.0,186363.51984991934,359295.9516786462,0.0,3283900.181360281
CW20_B2,CW20,B2,0,W,2021,1001223.92866187,187215.6917895747,177840.03740102737,0.0,117773.73295638141,518394.46651488653,0.0,186363.51984991934,359295.95167864615,7276.868930771771,3283900.181360281
CW20_B2,CW20,B2,0,W,2022,1001223.92866187,173745.98909511187,193347.3749317843,0.0,70077.99591815425,564052.5687168196,0.0,186363.51984991934,359295.9516786462,15524.016527961283,3283900.181360281
CW20_B2,CW20,B2,0,W,2023,1001223.92866187,174318.61098049386,154267.70982247152,0.0,27213.830742540544,645423.7771163641,0.0,186363.51984991934,359295.9516786462,20409.74549784941,3283900.1813602806
CW20_B2,CW20,B2,0,W,2024,1001223.92866187,204042.92342642986,146723.3918429506,0.0,33128.4811243693,617329.1322681203,0.0,186363.51984991934,359295.9516786462,13526.599330079322,3283900.181360281
CW20_B2,CW20,B2,0,W,2025,1001223.92866187,180737.51737886318,181635.84242374197,0.0,31862.42457547655,606988.1442837883,0.0,186363.51984991934,359295.9516786462,15865.135000311158,3283900.181360281
CW20_B2,CW20,B2,0,W,2026,1001223.92866187,211349.24559400967,121841.72577915566,0.0,23242.647066602523,644790.3102221021,0.0,186363.51984991934,359295.9516786462,10063.726877519197,3283900.1813602806
CW21_B2,CW21,B2,0,W,2020,1000473.7815445544,75649.42924439676,179603.5887665094,0.0,34507.404319793095,710713.3592138551,0.0,75649.42924439676,289760.4223306992,0.0,2233461.4080324364
CW21_B2,CW21,B2,0,W,2021,1000473.7815445544,67705.08675949994,170752.83474653654,0.0,86734.85437463498,675281.0056638829,0.0,75649.42924439676,289760.4223306992,8672.9995032217,2233461.4080324364
CW21_B2,CW21,B2,0,W,2022,1000473.7815445544,59022.75698412727,185070.4940004536,0.0,88746.96129763735,667633.5692623362,0.0,75649.42924439674,289760.4223306992,17515.231746658625,2233461.4080324364
CW21_B2,CW21,B2,0,W,2023,1000473.7815445544,55872.73241490384,178324.366947578,0.0,51189.473401656796,715087.2087804157,0.0,75649.42924439676,289760.4223306992,20359.77731909658,2233461.4080324364
CW21_B2,CW21,B2,0,W,2024,1000473.7815445544,56520.47547224457,175365.97659292782,0.0,53328.8939637128,715258.435515669,0.0,75649.42924439676,289760.4223306992,21131.019332227515,2233461.4080324364
CW21_B2,CW21,B2,0,W,2025,1000473.7815445544,50664.888266739195,185940.81812486835,0.0,57373.24997268377,706494.8251802629,0.0,75649.42924439676,289760.4223306992,25888.199890705182,2233461.4080324364
CW21_B2,CW21,B2,0,W,2026,1000473.7815445544,55017.0874577541,159384.62586705826,0.0,46647.942982452994,739424.1252372891,0.0,75649.42924439676,289760.4223306992,26617.24366401224,2233461.4080324364
CW22_B2,CW22,B2,0,W,2020,1000586.7397670671,48506.73728886024,154788.42140449077,0.0,23979.224073522233,773312.3570001939,0.0,48506.73728886024,227274.38276687328,0.0,1277744.4981167663
CW22_B2,CW22,B2,0,W,2022,1000586.7397670671,34247.37989702412,166218.17165255078,0.0,66976.89472063849,733144.2934968538,0.0,48506.73728886024,227274.38276687328,15160.306264750161,1277744.4981167663
CW22_B2,CW22,B2,0,W,2023,1000586.7397670671,34625.255213569195,154724.96299776563,0.0,42730.08800039852,768506.4335553338,0.0,48506.73728886024,227274.38276687328,15041.447143524767,1277744.4981167663
CW22_B2,CW22,B2,0,W,2024,1000586.7397670671,33919.467821338134,154957.63541663677,0.0,39929.67006515802,771779.9664639342,0.0,48506.73728886024,227274.38276687328,16808.472860179227,1277744.4981167663
CW22_B2,CW22,B2,0,W,2025,1000586.7397670671,33970.56875167548,153717.92341383395,0.0,43210.577944168384,769687.6696573893,0.0,48506.73728886024,227274.38276687328,16808.4783380845,1277744.4981167663
CW22_B2,CW22,B2,0,W,2026,1000586.7397670671,35808.89167229148,133621.32063802084,0.0,33558.90801870309,797597.6194380517,0.0,48506.73728886024,227274.38276687328,16931.570295206704,1277744.4981167663
CW22_B2,CW22,B2,0,W,2021,1000586.7397670673,36235.84844737334,163305.8850626927,0.0,77397.86187585568,723647.1443811454,0.0,48506.73728886024,227274.38276687328,13284.113258780682,1277744.4981167663
CW23_B2,CW23,B2,0,W,2020,1000341.3671713735,39013.13993344775,135346.147903203,0.0,11236.333470812031,814745.745863911,0.0,39013.13993344775,185595.62130746272,0.0,683133.2078704834
CW23_B2,CW23,B2,0,W,2021,1000341.3671713735,23471.174073073445,154739.64815171182,0.0,22977.903263765227,799152.6416828232,0.0,39013.13993344775,185595.62130746272,15615.915688727884,683133.2078704834
CW23_B2,CW23,B2,0,W,2022,1000341.3671713735,13526.841673308729,148565.40009846402,0.0,33200.17036737181,805048.9550322292,0.0,39013.13993344775,185595.62130746272,25486.298260139018,683133.2078704834
CW23_B2,CW23,B2,0,W,2023,1000341.3671713735,12193.047850575167,134624.8561225143,0.0,19262.661883515,834260.8013147693,0.0,39013.13993344775,185595.62130746272,26918.82091130275,683133.2078704834
CW23_B2,CW23,B2,0,W,2024,1000341.3671713735,9975.371624486586,132284.78321290854,0.0,21409.11423109466,836672.0981028839,0.0,39013.13993344775,185595.62130746272,29136.497137391336,683133.2078704834
CW23_B2,CW23,B2,0,W,2025,1000341.3671713735,9889.02679530125,134607.0351821899,0.0,28275.85130564372,827569.4538882389,0.0,39013.13993344775,185595.62130746272,29124.113138146495,683133.2078704834
CW23_B2,CW23,B2,0,W,2026,1000341.3671713735,7705.038902342553,118274.17033478977,0.0,19486.811888601267,854875.3460456401,0.0,39013.13993344775,185595.62130746272,31505.558687965542,683133.2078704834
CW24_B2,CW24,B2,0,W,2020,1026322.023821842,138921.12913590972,114963.70529821063,0.0,20406.24936987185,752030.9400178499,0.0,138921.12913590972,274291.0838039922,0.0,596072.6864727843
CW24_B2,CW24,B2,0,W,2021,1026322.023821842,117210.90193610097,125866.65071052103,0.0,42142.793818305516,741101.6773569144,0.0,138921.12913590972,274291.0838039922,32492.3700199202,596072.6864727843
CW24_B2,CW24,B2,0,W,2022,1026322.023821842,111561.39950959448,132131.26975190407,0.0,50903.54446940702,731725.8100909361,0.0,138921.12913590972,274291.0838039922,37746.19125674378,596072.6864727843
CW24_B2,CW24,B2,0,W,2023,1026322.023821842,115732.32018570245,109088.46701109645,0.0,23522.926531204525,777978.3100938385,0.0,138921.12913590972,274291.0838039922,35044.55840235691,596072.6864727843
CW24_B2,CW24,B2,0,W,2024,1026322.023821842,132168.22746668797,95503.29802051622,0.0,22247.606651276234,776402.8916833616,0.0,138921.12913590972,274291.0838039922,26815.76281412162,596072.6864727843
CW24_B2,CW24,B2,0,W,2025,1026322.023821842,129867.30307347915,101343.24489713185,0.0,29834.08822132185,765277.3876299092,0.0,138921.12913590972,274291.0838039922,28129.4151134117,596072.6864727843
CW24_B2,CW24,B2,0,W,2026,1026322.023821842,107476.03994281245,119518.73238001806,0.0,13403.616095150219,785923.6354038612,0.0,138921.12913590972,274291.0838039922,40977.46197120816,596072.6864727843
CW25_B2,CW25,B2,0,W,2020,1000501.0797810871,66828.23319977405,34062.945427120416,0.0,31474.802518867044,868135.0986353258,0.0,66828.23319977405,132365.98114576144,0.0,405090.6965145334
CW25_B2,CW25,B2,0,W,2021,1000501.0797810871,52337.87929319492,38985.812922608595,0.0,70829.89717966711,838347.4903856165,0.0,66828.23319977405,132365.98114576144,15212.415036938233,405090.6965145334
CW25_B2,CW25,B2,0,W,2022,1000501.0797810871,53594.2269415762,41724.716242023525,0.0,92039.47233695233,813142.6642605353,0.0,66828.23319977405,132365.98114576144,15134.980338362147,405090.6965145334
CW25_B2,CW25,B2,0,W,2023,1000501.0797810871,51906.58356595508,24433.218098090674,0.0,42400.902195769675,881760.3759212719,0.0,66828.23319977405,132365.98114576144,16248.846195594937,405090.6965145334
CW25_B2,CW25,B2,0,W,2024,1000501.0797810871,52395.179977087886,25419.38647802015,0.0,47743.73890901454,874942.7744169646,0.0,66828.23319977405,132365.98114576144,16579.101143002976,405090.6965145334
CW25_B2,CW25,B2,0,W,2025,1000501.0797810871,53824.20090753892,27507.011206294028,0.0,50433.76582521926,868736.1018420351,0.0,66828.23319977405,132365.98114576144,15908.145552781045,405090.6965145334
CW25_B2,CW25,B2,0,W,2026,1000501.0797810871,48208.77719585942,20266.477800765693,0.0,35197.34184477564,896828.4829396866,0.0,66828.23319977405,132365.98114576144,19136.707226143626,405090.6965145334
CW26_B2,CW26,B2,0,W,2020,975886.9100407918,282179.09780671354,58434.62433989282,0.0,15811.358851174748,619461.8290430108,0.0,282179.09780671354,356425.08099778125,0.0,958851.6442535403
CW26_B2,CW26,B2,0,W,2021,975886.9100407918,252466.59267515296,52629.11984923119,0.0,65821.64173934038,604969.5557770674,0.0,282179.09780671354,356425.08099778125,61063.87603254132,958851.6442535402
CW26_B2,CW26,B2,0,W,2022,975886.9100407918,197498.5508704391,124431.06819757202,0.0,73316.65346637799,580640.6375064027,0.0,282179.09780671354,356425.08099778125,104548.63317547967,958851.6442535403
CW26_B2,CW26,B2,0,W,2023,975886.9100407918,213866.31892966473,106602.90832007914,0.0,30208.426606870155,625209.2561841779,0.0,282179.09780671354,356425.08099778125,94938.03535694798,958851.6442535402
CW26_B2,CW26,B2,0,W,2024,975886.9100407918,294602.8126074099,21273.498558792413,0.0,34182.64270976945,625827.9561648202,0.0,282179.09780671354,356425.0809977812,34262.43360230689,958851.6442535402
CW26_B2,CW26,B2,0,W,2025,975886.9100407918,261370.99269104007,56820.16660228056,0.0,38643.16348993637,619052.5872575351,0.0,282179.09780671354,356425.08099778125,59035.50203647987,958851.6442535403
CW26_B2,CW26,B2,0,W,2026,975886.9100407918,206076.19741934983,111028.97725483016,0.0,27484.737050882974,631296.998315729,0.0,282179.09780671354,356425.08099778125,104563.30517443489,958851.6442535403
CW27_B2,CW27,B2,0,W,2020,1025815.9102033726,50946.6141900156,1851.0340107936486,0.0,9406.548981550628,963611.7130210126,0.0,50946.6141900156,62204.19718235989,0.0,342532.54633340274
CW27_B2,CW27,B2,0,W,2021,1025815.9102033726,44041.534815679806,3237.0816241694433,0.0,16510.239583123897,962027.0541803993,0.0,50946.6141900156,62204.19718235989,7299.987058661966,342532.54633340274
CW27_B2,CW27,B2,0,W,2022,1025815.9102033726,41534.25717644785,5797.787182497511,0.0,27318.3247638478,951165.5410805793,0.0,50946.6141900156,62204.19718235989,9905.990970476936,342532.54633340274
CW27_B2,CW27,B2,0,W,2023,1025815.9102033726,40063.419437213975,3813.182294778263,0.0,11614.161452259737,970325.1470191205,0.0,50946.6141900156,62204.19718235989,10883.194752801634,342532.54633340274
CW27_B2,CW27,B2,0,W,2024,1025815.9102033726,38915.475216525214,5356.032651026108,0.0,11663.33094482422,969881.071390997,0.0,50946.6141900156,62204.19718235989,12129.865635172526,342532.54633340274
CW27_B2,CW27,B2,0,W,2025,1025815.9102033726,38464.044478801654,6301.099436112946,0.0,14346.766952634325,966703.9993358235,0.0,50946.6141900156,62204.19718235989,12680.023614412197,342532.54633340274
CW27_B2,CW27,B2,0,W,2026,1025815.9102033726,40381.28081141453,2491.0149515189373,0.0,9636.913619396733,973306.7008210423,0.0,50946.6141900156,62204.19718235989,10664.060330200196,342532.54633340274
CW28_B2,CW28,B2,0,W,2022,975709.2197313501,205321.7852437038,66766.53061664058,0.0,33334.38830111635,670286.5155698888,0.0,236347.58256689334,290787.9306281894,36537.46744277057,1783007.191174436
CW28_B2,CW28,B2,0,W,2023,975709.2197313501,204874.21854056566,66621.73485487395,0.0,14750.547667320101,689462.7186685898,0.0,236347.5825668933,290787.9306281894,39228.260417085534,1783007.191174436
CW28_B2,CW28,B2,0,W,2026,975709.2197313501,221903.6523559271,49967.0751466639,0.0,10050.385470581055,693788.1067581775,0.0,236347.58256689334,290787.9306281894,28307.5117341883,1783007.191174436
CW28_B2,CW28,B2,0,W,2020,975709.2197313502,236347.58256689334,46057.8694911882,0.0,8382.478570107853,684921.2891031601,0.0,236347.58256689334,290787.9306281894,0.0,1783007.191174436
CW28_B2,CW28,B2,0,W,2021,975709.2197313502,210023.89694910983,48111.043403057025,0.0,39236.31492049273,678337.96445869,0.0,236347.58256689334,290787.9306281894,32839.65842662138,1783007.191174436
CW28_B2,CW28,B2,0,W,2024,975709.2197313502,259405.21595013188,12090.737231684665,0.0,17811.07378273758,686402.1927667955,0.0,236347.58256689334,290787.9306281894,12887.51664578307,1783007.191174436
CW28_B2,CW28,B2,0,W,2025,975709.2197313502,259202.71040071972,14465.228903228162,0.0,22747.40724068436,679293.8731867173,0.0,236347.58256689334,290787.9306281894,11154.960749786977,1783007.191174436
CW29_B2,CW29,B2,0,W,2020,1025886.5340522017,169470.5376528871,176142.81623194073,0.0,13366.806579380409,666906.3735879939,0.0,169470.5376528871,358980.1604642083,0.0,697594.1566985185
CW29_B2,CW29,B2,0,W,2021,1025886.5340522017,152073.35428667258,122731.93864300298,0.0,74234.83753727932,676846.4035852472,0.0,169470.5376528871,358980.1604642083,34945.400964834174,697594.1566985185
CW29_B2,CW29,B2,0,W,2022,1025886.5340522018,145593.38535054526,175388.23770707074,0.0,50535.64054592357,654369.2704486626,0.0,169470.5376528871,358980.1604642083,35813.80966590432,697594.1566985185
CW29_B2,CW29,B2,0,W,2023,1025886.5340522018,124020.23977427764,193604.68410273534,0.0,15587.587424902822,692674.0227502864,0.0,169470.5376528871,358980.1604642083,57932.46961439544,697594.1566985185
CW29_B2,CW29,B2,0,W,2024,1025886.5340522018,249647.344470155,68362.80645913517,0.0,22014.494047247194,685861.8890756648,0.0,169470.5376528871,358980.1604642083,26191.220006665997,697594.1566985185
CW29_B2,CW29,B2,0,W,2025,1025886.5340522018,212284.78898043162,108498.22751476809,0.0,22302.153971144733,682801.3635858577,0.0,169470.5376528871,358980.1604642083,34205.521829522826,697594.1566985185
CW29_B2,CW29,B2,0,W,2026,1025886.5340522018,206247.3424384921,111762.80972675995,0.0,13069.477016852885,694806.9048700971,0.0,169470.5376528871,358980.1604642083,33781.57444463992,697594.1566985185
CW30_B2,CW30,B2,0,W,2020,975158.7145521878,42191.28295225255,13324.666632109998,0.0,5902.706935777851,913740.0580320475,0.0,42191.28295225255,61418.6565201404,0.0,187833.1643926882
CW30_B2,CW30,B2,0,W,2021,975158.7145521878,37893.367461081114,5700.227781078863,0.0,19639.297809466192,911925.8215005615,0.0,42191.28295225255,61418.6565201404,6583.350325820025,187833.1643926882
CW30_B2,CW30,B2,0,W,2022,975158.7145521878,37191.82409102496,9013.198748958812,0.0,18804.17908043955,910149.5126317645,0.0,42191.28295225255,61418.6565201404,7326.707213637408,187833.1643926882
CW30_B2,CW30,B2,0,W,2023,975158.7145521878,35005.11687185251,11496.474225392061,0.0,7839.690336608886,920817.4331183344,0.0,42191.28295225255,61418.6565201404,8372.43907437792,187833.1643926882
CW30_B2,CW30,B2,0,W,2024,975158.7145521878,42698.08406557569,5536.845053549374,0.0,8562.525269841213,918361.2601632216,0.0,42191.28295225255,61418.6565201404,7589.203734992532,187833.1643926882
CW30_B2,CW30,B2,0,W,2025,975158.7145521878,53182.12320502786,1655.9036651611327,0.0,13560.04182170793,906760.6458602907,0.0,42191.28295225255,61418.6565201404,5393.591853482115,187833.1643926882
CW30_B2,CW30,B2,0,W,2026,975158.7145521878,40279.852386175415,9422.43221950157,0.0,10171.19602430755,915285.2339222033,0.0,42191.28295225255,61418.6565201404,8453.742460662243,187833.1643926882
CW31_B2,CW31,B2,0,W,2020,1000784.0919996079,87682.59584189017,26201.202055687983,0.0,23655.255488347073,863245.0386136824,0.0,87682.59584189017,137539.0533859254,0.0,908145.0208056883
CW31_B2,CW31,B2,0,W,2021,1000784.0919996079,95980.63967515528,16113.692695767264,0.0,50295.561385390334,838394.1982432946,0.0,87682.59584189017,137539.0533859254,4073.7236401427026,908145.0208056883
CW31_B2,CW31,B2,0,W,2022,1000784.0919996079,88757.35062567014,21447.241308474077,0.0,54885.75873359231,835693.7413318711,0.0,87682.59584189017,137539.0533859254,7726.988807977415,908145.0208056883
CW31_B2,CW31,B2,0,W,2023,1000784.0919996079,80241.3309129004,26301.090195898905,0.0,45214.82515875125,849026.845732057,0.0,87682.59584189017,137539.0533859254,12291.246080645393,908145.0208056883
CW31_B2,CW31,B2,0,W,2024,1000784.0919996079,93434.6560597737,13229.334686279297,0.0,45017.369592345,849102.7316612096,0.0,87682.59584189017,137539.0533859254,8279.470630630793,908145.0208056883
CW31_B2,CW31,B2,0,W,2025,1000784.0919996079,88101.11220969402,18145.130005062318,0.0,50219.67361082189,844318.1761740294,0.0,87682.59584189017,137539.0533859254,8164.483447145949,908145.0208056883
CW31_B2,CW31,B2,0,W,2026,1000784.0919996079,99028.3728260116,5429.952972412109,0.0,44380.48490247539,851945.2812987086,0.0,87682.59584189017,137539.0533859254,10550.178867325129,908145.0208056883
CW32_B2,CW32,B2,0,W,2020,1026604.5904065303,94414.2871246338,24651.142545752427,0.0,14375.382721725162,893163.7780144188,0.0,94414.2871246338,133440.8123921114,0.0,893120.1395382154
CW32_B2,CW32,B2,0,W,2021,1026604.5904065303,97904.19312235515,13143.066077228621,0.0,21019.499650693404,894537.8315562531,0.0,94414.2871246338,133440.8123921114,8190.84830420999,893120.1395382154
CW32_B2,CW32,B2,0,W,2022,1026604.5904065303,94058.87564463896,17013.16404215495,0.0,22428.771732973582,893103.7789867629,0.0,94414.2871246338,133440.8123921114,8585.754958567899,893120.1395382154
CW32_B2,CW32,B2,0,W,2023,1026604.5904065303,87487.5341262219,23445.90214762968,0.0,18238.50641108494,897432.6477215937,0.0,94414.2871246338,133440.8123921114,11529.753698909983,893120.1395382154
CW32_B2,CW32,B2,0,W,2024,1026604.5904065303,108066.08559441661,5706.801318658566,0.0,19935.43949204987,892896.2640014052,0.0,94414.2871246338,133440.8123921114,6848.544208302217,893120.1395382154
CW32_B2,CW32,B2,0,W,2025,1026604.5904065303,105809.70360035618,5913.547431796204,0.0,20607.17246084774,894274.1669135302,0.0,94414.2871246338,133440.8123921114,6691.743449940401,893120.1395382154
CW32_B2,CW32,B2,0,W,2026,1026604.5904065303,97228.19433910894,15986.401811427695,0.0,16316.62116567574,897073.3730903178,0.0,94414.2871246338,133440.8123921114,8526.90455223532,893120.1395382154
CW33_B2,CW33,B2,0,W,2020,1000542.5427410051,197337.51441204603,132537.45002680758,0.0,30803.440135611745,639864.1381665397,0.0,197337.51441204603,360678.4045744653,0.0,1672082.3679738962
CW33_B2,CW33,B2,0,W,2021,1000542.5427410051,235791.45454762777,87477.73186041141,0.0,29505.289798422422,647768.0665345434,0.0,197337.514412046,360678.40457446536,22895.668533744065,1672082.3679738962
CW33_B2,CW33,B2,0,W,2022,1000542.5427410051,231579.53424509088,98417.79442234413,0.0,45738.69578686879,624806.5182867013,0.0,197337.51441204603,360678.4045744653,27985.313386146696,1672082.3679738962
CW33_B2,CW33,B2,0,W,2023,1000542.5427410051,200643.89953260237,117886.40563459208,0.0,20094.14459509756,661918.0929787131,0.0,197337.514412046,360678.40457446536,35353.8246137432,1672082.3679738962
CW33_B2,CW33,B2,0,W,2024,1000542.5427410051,276874.54024750955,43630.300426887065,0.0,26085.093537005254,653952.6085296031,0.0,197337.514412046,360678.40457446536,14405.179611624924,1672082.3679738962
CW33_B2,CW33,B2,0,W,2025,1000542.5427410051,277619.464091761,49506.64186553954,0.0,33205.007652013446,640211.4291316911,0.0,197337.514412046,360678.40457446536,17564.42871135637,1672082.3679738962
CW33_B2,CW33,B2,0,W,2026,1000542.5427410051,255093.8898750156,70458.42258755554,0.0,18153.684516248515,656836.5457621855,0.0,197337.514412046,360678.40457446536,18951.249074419808,1672082.3679738962
CW34_B2,CW34,B2,0,W,2020,1000358.3013605757,55244.59246745394,13276.574359819006,0.0,5647.154237754672,926189.980295548,0.0,55244.59246745394,74168.32106502759,0.0,255106.72945080942
CW34_B2,CW34,B2,0,W,2021,1000358.3013605757,56083.9616237566,5035.05110168457,0.0,19663.985982408718,919575.3026527257,0.0,55244.59246745394,74168.32106502759,4107.408183857038,255106.72945080942
CW34_B2,CW34,B2,0,W,2022,1000358.3013605757,50708.59793123736,12261.434691545077,0.0,14456.263906112374,922932.0048316808,0.0,55244.59246745394,74168.32106502759,9581.497073214661,255106.72945080942
CW34_B2,CW34,B2,0,W,2023,1000358.3013605757,51024.90788780666,10735.626619316554,0.0,11645.071925324086,926952.6949281283,0.0,55244.59246745394,74168.32106502759,10054.996496223,255106.72945080942
CW34_B2,CW34,B2,0,W,2024,1000358.3013605757,53838.032203405084,9205.94612848619,0.0,10595.47560191435,926718.8474267699,0.0,55244.59246745394,74168.32106502759,7032.032893760532,255106.72945080942
CW34_B2,CW34,B2,0,W,2025,1000358.3013605757,55049.114625788694,14609.568952074245,0.0,11928.47749971876,918771.1402829938,0.0,55244.59246745394,74168.32106502759,12252.139033837415,255106.72945080942
CW34_B2,CW34,B2,0,W,2026,1000358.3013605757,64875.29071347109,3894.8525354123585,0.0,9769.272235077504,921818.8858766146,0.0,55244.59246745394,74168.32106502759,5546.488884002087,255106.72945080942
CW35_B2,CW35,B2,0,W,2020,1001038.9540147369,170782.8644491757,64441.58907886582,0.0,9150.224764176912,756664.2757225186,0.0,170782.8644491757,244374.67829221816,0.0,1280089.8597143437
CW35_B2,CW35,B2,0,W,2021,1001038.9540147369,197708.44434198109,25654.52322618074,0.0,32152.336000809013,745523.650445766,0.0,170782.8644491757,244374.67829221816,10560.24265785965,1280089.8597143434
CW35_B2,CW35,B2,0,W,2022,1001038.9540147369,185416.81395194842,37920.594926871505,0.0,29601.70780023313,748099.8373356836,0.0,170782.8644491757,244374.67829221816,9044.504253671683,1280089.8597143437
CW35_B2,CW35,B2,0,W,2023,1001038.9540147369,184369.92405999862,36788.52180268531,0.0,21378.379031731103,758502.1291203217,0.0,170782.8644491757,244374.67829221816,13623.093722683774,1280089.8597143434
CW35_B2,CW35,B2,0,W,2024,1001038.9540147369,209207.14487083274,12741.112721282361,0.0,20372.13037363688,758718.5660489849,0.0,170782.8644491757,244374.67829221816,10547.86412637748,1280089.8597143434
CW35_B2,CW35,B2,0,W,2025,1001038.9540147369,199423.9442373536,23599.077856086282,0.0,20364.38934544582,757651.5425758511,0.0,170782.8644491757,244374.67829221816,12005.917192496503,1280089.8597143434
CW35_B2,CW35,B2,0,W,2026,1001038.9540147369,199868.79014246317,22738.80146642948,0.0,20008.982697191426,758422.3797086529,0.0,170782.8644491757,244374.67829221816,13612.64090411616,1280089.8597143437
CW36_B2,CW36,B2,0,W,2020,1001055.415630864,203890.0806911692,4731.12393281226,0.0,21673.41530480478,770760.7957020778,0.0,203890.0806911692,230294.61992878633,0.0,1901130.2342803054
CW36_B2,CW36,B2,0,W,2021,1001055.415630864,199189.13783997178,1818.5055566226733,0.0,43383.19383476107,756664.5783995086,0.0,203890.0806911692,230294.61992878633,7667.382638430127,1901130.2342803054
CW36_B2,CW36,B2,0,W,2022,1001055.415630864,197465.48547435086,2822.0287395402497,0.0,37032.181915821755,763735.7195011511,0.0,203890.0806911692,230294.61992878633,8689.49458543366,1901130.2342803054
CW36_B2,CW36,B2,0,W,2023,1001055.415630864,189890.62832189823,2597.4667101691753,0.0,26873.396896302467,781693.9237024942,0.0,203890.0806911692,230294.61992878633,15106.735147872625,1901130.2342803054
CW36_B2,CW36,B2,0,W,2024,1001055.415630864,194149.8046622482,978.7485203462489,0.0,26755.70454149433,779171.1579067754,0.0,203890.0806911692,230294.61992878633,14750.933124018651,1901130.2342803054
CW36_B2,CW36,B2,0,W,2025,1001055.415630864,191160.9100048888,2776.7273073084216,0.0,30630.81956116919,776486.9587574977,0.0,203890.0806911692,230294.61992878633,14415.648386398016,1901130.2342803054
CW36_B2,CW36,B2,0,W,2026,1001055.415630864,191972.78038105686,416.58782911113667,0.0,27772.39464042514,780893.652780271,0.0,203890.0806911692,230294.61992878633,15266.248393010159,1901130.2342803054
CW37_B2,CW37,B2,0,W,2020,975687.2164133111,96127.29963100658,8210.192571363263,0.0,81509.98393261478,789839.7402783264,0.0,96127.29963100658,185847.47613498464,0.0,1566814.4329442943
CW37_B2,CW37,B2,0,W,2021,975687.2164133111,89394.52614031025,3989.7226758470724,0.0,89767.79961215748,792535.1679849962,0.0,96127.29963100658,185847.47613498464,9965.975029889276,1566814.432944294
CW37_B2,CW37,B2,0,W,2022,975687.2164133111,85642.90920458027,25885.012798084932,0.0,91743.4390322517,772415.8553783941,0.0,96127.29963100658,185847.47613498464,13223.957619610956,1566814.432944294
CW37_B2,CW37,B2,0,W,2023,975687.2164133111,84458.1925068874,21014.872346017873,0.0,73236.28613430845,796977.8654260973,0.0,96127.29963100658,185847.47613498464,13520.135308209588,1566814.432944294
CW37_B2,CW37,B2,0,W,2024,975687.2164133111,87222.54117021748,4198.40500051461,0.0,95087.8086021872,789178.4616403917,0.0,96127.29963100658,185847.47613498464,13421.408837262323,1566814.432944294
CW37_B2,CW37,B2,0,W,2025,975687.2164133111,90376.75534718831,11982.712148628982,0.0,91484.85490686753,781842.8940106262,0.0,96127.29963100658,185847.47613498464,12767.48986376594,1566814.432944294
CW37_B2,CW37,B2,0,W,2026,975687.2164133111,89433.63189425001,5232.520210266113,0.0,83747.01784479477,797274.0464640001,0.0,96127.29963100658,185847.47613498464,13421.408814374137,1566814.4329442943
CW38_B2,CW38,B2,0,W,2020,1025752.4788856956,453257.3772409477,8954.29792318905,0.0,19054.228296945614,544486.5754246133,0.0,453257.3772409477,481265.9034610824,0.0,3731809.0609339084
CW38_B2,CW38,B2,0,W,2021,1025752.4788856958,437173.07944982196,13579.741355267692,0.0,27087.476114310473,547912.1819662955,0.0,453257.3772409477,481265.9034610824,19798.73252820782,3731809.0609339084
CW38_B2,CW38,B2,0,W,2022,1025752.4788856958,427685.25287583296,15687.841162737679,0.0,39326.8553307926,543052.5295163324,0.0,453257.3772409477,481265.9034610824,28990.381474633312,3731809.0609339084
CW38_B2,CW38,B2,0,W,2023,1025752.4788856958,415308.8171410954,19156.042173467897,0.0,39722.56506150189,551565.0545096304,0.0,453257.3772409477,481265.9034610824,40317.99163366579,3731809.0609339084
CW38_B2,CW38,B2,0,W,2024,1025752.4788856958,430013.25303494325,12927.775268195659,0.0,36281.82419601141,546529.6263865454,0.0,453257.3772409477,481265.9034610824,28007.381634880516,3731809.0609339084
CW38_B2,CW38,B2,0,W,2025,1025752.4788856958,419770.5121151195,28632.228567564725,0.0,33554.244832536286,543795.4933704751,0.0,453257.3772409477,481265.9034610824,36628.6908249799,3731809.0609339084
CW38_B2,CW38,B2,0,W,2026,1025752.4788856958,419586.60888668883,18528.44071080825,0.0,35529.96287078857,552107.46641741,0.0,453257.3772409477,481265.9034610824,38717.43230875053,3731809.0609339084
CW39_B2,CW39,B2,0,W,2020,1000901.9266069897,252434.3955367743,32787.67617244346,0.0,37355.7543947706,678324.1005030016,0.0,252434.3955367743,322577.8261039884,0.0,2653938.2625335394
CW39_B2,CW39,B2,0,W,2021,1000901.9266069897,238292.87861968396,30224.295445490818,0.0,56997.67106667312,675387.0814751419,0.0,252434.3955367743,322577.82610398834,29618.346560010723,2653938.2625335394
CW39_B2,CW39,B2,0,W,2022,1000901.9266069897,205382.45446053302,44968.99928388409,0.0,90193.78171593162,660356.6911466412,0.0,252434.3955367743,322577.8261039884,55344.95754047469,2653938.2625335394
CW39_B2,CW39,B2,0,W,2023,1000901.9266069897,204428.1183684405,46481.24205495797,0.0,67267.21776042265,682725.3484231688,0.0,252434.3955367743,322577.82610398834,57289.27563380822,2653938.2625335394
CW39_B2,CW39,B2,0,W,2024,1000901.9266069897,229100.45858764648,30239.774632263187,0.0,53801.295960310395,687760.3974267698,0.0,252434.3955367743,322577.8261039884,39317.17503760843,2653938.2625335394
CW39_B2,CW39,B2,0,W,2025,1000901.9266069897,237951.02436559342,27592.72118889304,0.0,49351.2410140692,686006.9400384342,0.0,252434.3955367743,322577.82610398834,31674.183290818157,2653938.26253354
CW39_B2,CW39,B2,0,W,2026,1000901.9266069897,245486.79882618028,13424.853534384334,0.0,51959.17834858614,690031.0958978392,0.0,252434.3955367743,322577.8261039884,32370.28416957481,2653938.2625335394
CW40_B2,CW40,B2,0,W,2025,1001043.4467328239,151104.2795433493,3421.3616351856904,0.0,38352.32439811556,808165.4811561735,0.0,162372.64544276815,195603.19820095884,14991.329856812721,1696863.2711204977
CW40_B2,CW40,B2,0,W,2022,1001043.446732824,154156.65769219492,3274.6258749868357,0.0,46843.94321414723,796768.2199514951,0.0,162372.64544276815,195603.19820095884,11766.266996884815,1696863.2711204977
CW40_B2,CW40,B2,0,W,2026,1001043.446732824,148288.82790326883,5508.945171161727,0.0,39670.225699391085,807575.4479590026,0.0,162372.64544276815,195603.19820095884,18743.32855472939,1696863.2711204977
CW40_B2,CW40,B2,0,W,2020,1001043.4467328241,162372.64544276815,5878.68979435341,0.0,27351.862963837273,805440.2485318652,0.0,162372.64544276815,195603.19820095884,0.0,1696863.2711204977
CW40_B2,CW40,B2,0,W,2021,1001043.4467328241,155360.3430535709,4949.0991484698125,0.0,70821.65772675158,769912.3468040318,0.0,162372.64544276815,195603.19820095884,12863.099996768728,1696863.2711204977
CW40_B2,CW40,B2,0,W,2023,1001043.4467328241,150143.72878573544,3276.949911469104,0.0,44391.28518739587,803231.4828482236,0.0,162372.64544276815,195603.19820095884,14930.156238122081,1696863.2711204977
CW40_B2,CW40,B2,0,W,2024,1001043.4467328241,150992.77728325338,2450.7433584475048,0.0,40419.38604532876,807180.5400457944,0.0,162372.64544276815,195603.19820095884,14535.250514550304,1696863.2711204977
CW41_B2,CW41,B2,0,W,2026,1001438.5608843636,152165.03070696662,3923.8962945377125,0.0,52840.316525358314,792509.3173575009,0.0,164772.5863446105,210762.83802424415,17148.974712656058,1990525.5391919005
CW41_B2,CW41,B2,0,W,2020,1001438.5608843637,164772.5863446105,10859.915512084961,0.0,35130.33616754868,790675.7228601194,0.0,164772.5863446105,210762.83802424415,0.0,1990525.5391919003
CW41_B2,CW41,B2,0,W,2021,1001438.5608843637,154164.33650291292,6665.008196662454,0.0,67178.07560532514,773431.140579463,0.0,164772.5863446105,210762.83802424415,11792.967424400182,1990525.5391919005
CW41_B2,CW41,B2,0,W,2022,1001438.5608843637,154164.33747184603,8589.206192016602,0.0,55191.536073213465,783493.4811472874,0.0,164772.5863446105,210762.83802424415,12187.872446067662,1990525.5391919005
CW41_B2,CW41,B2,0,W,2023,1001438.5608843637,153362.13920976224,8490.48152923584,0.0,50865.007606326835,788720.9325390386,0.0,164772.5863446105,210762.83802424415,13286.249716635311,1990525.5391919005
CW41_B2,CW41,B2,0,W,2024,1001438.5608843637,158397.19304277006,3850.333427429199,0.0,53257.27553639132,785933.758877773,0.0,164772.5863446105,210762.83802424415,12595.163534994686,1990525.5391919003
CW41_B2,CW41,B2,0,W,2025,1001438.5608843637,151591.25626579733,13624.258773803711,0.0,47299.6268694111,788923.4189753514,0.0,164772.5863446105,210762.83802424415,14464.773766252107,1990525.5391919003
CW42_B2,CW42,B2,0,W,2020,975317.784044812,107613.459643076,691.0854187011719,0.0,9773.52292917289,857239.7160538619,0.0,107613.459643076,118078.06799095006,0.0,630655.6049183864
CW42_B2,CW42,B2,0,W,2021,975317.784044812,104247.85696312401,296.17877197265625,0.0,14225.118330682491,856548.6299790328,0.0,107613.459643076,118078.06799095006,3957.961604817708,630655.6049183864
CW42_B2,CW42,B2,0,W,2022,975317.784044812,103754.22439476463,394.90594482421875,0.0,15311.108000482296,855857.545704741,0.0,107613.459643076,118078.06799095006,4254.141216023763,630655.6049183864
CW42_B2,CW42,B2,0,W,2023,975317.784044812,102947.76562036252,880.0205914964863,0.0,8761.09670155843,862728.9011313946,0.0,107613.45964307598,118078.06799095006,5159.326484261307,630655.6049183864
CW42_B2,CW42,B2,0,W,2025,975317.784044812,103827.7861203063,0.0,0.0,11062.004036368575,860427.9938881372,0.0,107613.459643076,118078.06799095006,4476.7589414708755,630655.6049183864
CW42_B2,CW42,B2,0,W,2026,975317.784044812,101894.68317512065,0.0,0.0,6676.615244188496,866746.4856255029,0.0,107613.459643076,118078.06799095006,6409.861886656518,630655.6049183864
CW42_B2,CW42,B2,0,W,2024,975317.7840448121,103827.7861203063,0.0,0.0,15083.846971309888,856406.1509531959,0.0,107613.459643076,118078.06799095006,4476.7589414708755,630655.6049183864
CW43_B2,CW43,B2,0,W,2020,1001302.6991789876,207432.12787209314,8878.7478708903,0.0,35378.3751248528,749613.4483111515,0.0,207432.12787209314,251689.2508678363,0.0,1726223.067976499
CW43_B2,CW43,B2,0,W,2021,1001302.6991789876,204275.21710800478,10168.768249511719,0.0,42052.65183664957,744806.0619848216,0.0,207432.12787209314,251689.25086783626,7889.171704131481,1726223.067976499
CW43_B2,CW43,B2,0,W,2022,1001302.6991789876,205558.6510908539,9779.282534101898,0.0,41664.34172234629,744300.4238316856,0.0,207432.12787209314,251689.25086783626,7592.995930510877,1726223.067976499
CW43_B2,CW43,B2,0,W,2023,1001302.6991789876,204887.31533942136,7581.760298186658,0.0,39296.45054348216,749537.1729978975,0.0,207432.12787209314,251689.25086783626,7277.073686337939,1726223.067976499
CW43_B2,CW43,B2,0,W,2024,1001302.6991789876,207730.62089371035,6915.842754378972,0.0,35245.975250393734,751410.2602805046,0.0,207432.12787209314,251689.25086783626,6605.7369049371455,1726223.067976499
CW43_B2,CW43,B2,0,W,2025,1001302.6991789876,202668.4922132605,6900.746558006137,0.0,40356.11406965068,751377.3463380703,0.0,207432.12787209314,251689.25086783626,10057.666141674566,1726223.067976499
CW43_B2,CW43,B2,0,W,2026,1001302.6991789876,202311.91517929384,4577.784425354004,0.0,44487.50568781834,749925.4938865214,0.0,207432.12787209314,251689.25086783626,11197.468074424594,1726223.067976499
CW44_B2,CW44,B2,0,W,2026,1000779.0227416992,220664.44239274575,691.0810699462891,0.0,24242.07849776324,755181.4207812439,0.0,231484.42850452504,248943.0555364273,13492.165937117034,1909989.8240442611
CW44_B2,CW44,B2,0,W,2020,1000779.0227416994,231484.42850452507,3363.260338338216,0.0,14095.366693564023,751835.967205272,0.0,231484.42850452507,248943.0555364273,0.0,1909989.824044261
CW44_B2,CW44,B2,0,W,2021,1000779.0227416994,231250.58492566284,715.8589683083927,0.0,23048.07018444585,745764.5086632823,0.0,231484.42850452504,248943.0555364273,3202.2010317634135,1909989.8240442611
CW44_B2,CW44,B2,0,W,2022,1000779.0227416994,229464.60925601143,1308.2140937356387,0.0,35222.71050178677,734783.4888901655,0.0,231484.42850452504,248943.0555364273,4790.724362242456,1909989.8240442611
CW44_B2,CW44,B2,0,W,2023,1000779.0227416994,227323.6116564583,1480.88818359375,0.0,20831.188626786774,751143.3342748604,0.0,231484.42850452504,248943.0555364273,6536.818931400075,1909989.8240442607
CW44_B2,CW44,B2,0,W,2024,1000779.0227416994,223584.40933613505,320.95596843046303,0.0,28363.394856770836,748510.262580363,0.0,231484.42850452504,248943.0555364273,11065.82796864229,1909989.8240442611
CW44_B2,CW44,B2,0,W,2025,1000779.0227416994,220798.01492333514,1688.0186405256682,0.0,26297.116437994264,751995.8727398443,0.0,231484.42850452504,248943.0555364273,12574.593974184523,1909989.8240442607
CW45_B2,CW45,B2,0,W,2020,1000475.596357757,214639.95400782567,6217.826969221526,0.0,25186.378813201307,754431.4365675086,0.0,214639.95400782567,246044.1597902485,0.0,1738990.960884453
CW45_B2,CW45,B2,0,W,2026,1000475.596357757,201116.40498184503,14372.23047063491,0.0,25266.123536861644,759720.8373684154,0.0,214639.95400782567,246044.1597902485,17216.30312497008,1738990.960884453
CW45_B2,CW45,B2,0,W,2021,1000475.5963577571,202159.79572110643,17063.002845674404,0.0,35120.92033060111,746131.8774603752,0.0,214639.95400782567,246044.1597902485,15771.81318583769,1738990.960884453
CW45_B2,CW45,B2,0,W,2022,1000475.5963577571,197091.8399620804,22182.839308495615,0.0,41293.03278922287,739907.8842979582,0.0,214639.95400782567,246044.1597902485,19203.231641193466,1738990.960884453
CW45_B2,CW45,B2,0,W,2023,1000475.5963577571,208040.0187291463,9916.768403326296,0.0,26338.169563472973,756180.6396618115,0.0,214639.95400782567,246044.1597902485,11440.621823150037,1738990.960884453
CW45_B2,CW45,B2,0,W,2024,1000475.5963577571,198324.96221621646,19335.648242367017,0.0,30316.645061956668,752498.340837217,0.0,214639.95400782567,246044.1597902485,20005.03484960818,1738990.960884453
CW45_B2,CW45,B2,0,W,2025,1000475.5963577571,192919.02361151003,24741.588227993834,0.0,28936.02387856876,753878.9606396846,0.0,214639.95400782567,246044.1597902485,25165.512218669814,1738990.960884453
CW46_B2,CW46,B2,0,W,2026,1000954.8977249145,352329.6484585033,2073.245559692383,0.0,19190.808094129374,627361.1956125896,0.0,361814.31407354015,375918.9890788059,9879.570003464642,3021231.2811274813
CW46_B2,CW46,B2,0,W,2020,1000954.8977249146,361814.31407354015,888.5340118408203,0.0,13216.140993424957,625035.9086461086,0.0,361814.31407354015,375918.9890788059,0.0,3021231.2811274813
CW46_B2,CW46,B2,0,W,2021,1000954.8977249146,360913.39092182834,1579.6176834106445,0.0,21292.70673645618,617169.1823832195,0.0,361814.31407354015,375918.9890788059,1974.520034790039,3021231.2811274813
CW46_B2,CW46,B2,0,W,2022,1000954.8977249146,358420.4560340432,506.0193349501666,0.0,30262.06616593903,611766.3561899822,0.0,361814.31407354015,375918.9890788059,4455.065195240693,3021231.2811274813
CW46_B2,CW46,B2,0,W,2023,1000954.8977249146,355173.3353286743,1579.6161041259766,0.0,14532.87311586866,629669.0731762457,0.0,361814.31407354015,375918.9890788059,7023.493222853716,3021231.2811274813
CW46_B2,CW46,B2,0,W,2024,1000954.8977249146,355152.4321666044,1579.6151657104492,0.0,27016.501543441474,617206.3488491583,0.0,361814.31407354015,375918.9890788059,7517.119588515337,3021231.2811274813
CW46_B2,CW46,B2,0,W,2025,1000954.8977249146,354423.02511264576,2344.645260350844,0.0,21129.706954567107,623057.5203973509,0.0,361814.31407354015,375918.9890788059,8740.158936175178,3021231.2811274813
CW47_B2,CW47,B2,0,W,2020,1025783.4636261582,233048.63967428773,7342.506315642712,0.0,26504.991780180084,758887.3258560477,0.0,233048.63967428773,266896.1377701105,0.0,1674906.3576211666
CW47_B2,CW47,B2,0,W,2021,1025783.4636261582,231148.45750750377,6885.653019774194,0.0,47109.66578988468,740639.6873089956,0.0,233048.63967428773,266896.1377701105,6540.309554784438,1674906.3576211666
CW47_B2,CW47,B2,0,W,2023,1025783.4636261582,229687.70276656805,2941.648872764438,0.0,30577.922976086178,762576.1890107396,0.0,233048.63967428773,266896.1377701105,9087.05136389639,1674906.3576211666
CW47_B2,CW47,B2,0,W,2024,1025783.4636261582,224735.1399662392,9037.495984335506,0.0,38972.72155615114,753038.1061194323,0.0,233048.63967428773,266896.1377701105,12974.14689767875,1674906.3576211666
CW47_B2,CW47,B2,0,W,2025,1025783.4636261582,220921.60267989215,13110.437073142855,0.0,36590.91708843754,755160.5067846857,0.0,233048.63967428773,266896.1377701105,17972.399584721585,1674906.3576211666
CW47_B2,CW47,B2,0,W,2026,1025783.4636261582,220547.99207509359,11130.878231871362,0.0,36630.01912802902,757474.5741911642,0.0,233048.63967428773,266896.1377701105,16844.59682557349,1674906.3576211666
CW47_B2,CW47,B2,0,W,2022,1025783.4636261583,228564.93481609868,6309.945842458688,0.0,44200.54047788732,746708.0424897135,0.0,233048.63967428773,266896.1377701105,9716.188241367714,1674906.3576211669
CW48_B2,CW48,B2,0,W,2020,1000964.1755497351,99407.19144023821,197.4512481689453,0.0,19107.128933835498,882252.4039274922,0.0,99407.19144023821,118711.77162224265,0.0,946761.5900191362
CW48_B2,CW48,B2,0,W,2021,1000964.1755497351,95331.16559642716,789.8050384521484,0.0,27573.160897677553,877270.044017178,0.0,99407.19144023821,118711.77162224265,4076.025843811035,946761.5900191362
CW48_B2,CW48,B2,0,W,2022,1000964.1755497351,93534.36000713274,908.2776885986328,0.0,31228.347326091694,875293.1905279119,0.0,99407.19144023821,118711.77162224265,5971.557637023925,946761.5900191362
CW48_B2,CW48,B2,0,W,2023,1000964.1755497351,93534.35930522844,513.3759170532227,0.0,17654.118163164923,889262.3221642884,0.0,99407.19144023821,118711.77162224265,5971.558323669433,946761.5900191363
CW48_B2,CW48,B2,0,W,2024,1000964.1755497351,93830.53742870256,513.3765426635742,0.0,26866.980511983238,879753.2810663856,0.0,99407.19144023821,118711.77162224265,5774.106419372558,946761.5900191363
CW48_B2,CW48,B2,0,W,2025,1000964.1755497351,92633.43366214528,1513.0283896651922,0.0,22294.232054766486,884523.4814431581,0.0,99407.19144023821,118711.77162224265,6872.483982011385,946761.5900191362
CW48_B2,CW48,B2,0,W,2026,1000964.1755497351,92073.2139515297,592.356803894043,0.0,24960.22521984624,883338.3795744649,0.0,99407.19144023821,118711.77162224265,7333.977488708497,946761.5900191362
CW49_B2,CW49,B2,0,W,2020,1000591.725501236,218641.49173694686,195.90315114937576,0.0,19343.70451043821,762410.6261027018,0.0,218641.49173694686,238181.09939853442,0.0,2089391.3322709624
CW49_B2,CW49,B2,0,W,2021,1000591.725501236,215373.46827981985,394.90476989746094,0.0,30815.268453231514,754008.0839982873,0.0,218641.49173694686,238181.09939853442,3465.4746290019916,2089391.3322709627
CW49_B2,CW49,B2,0,W,2026,1000591.725501236,212312.96694467583,493.63002014160156,0.0,28458.616142332787,759326.512394086,0.0,218641.49173694686,238181.09939853442,6328.524792271034,2089391.3322709624
CW49_B2,CW49,B2,0,W,2022,1000591.7255012362,214287.48565195123,296.1783905029297,0.0,34134.78185191435,751873.2796068677,0.0,218641.49173694686,238181.09939853442,4650.184628086465,2089391.3322709627
CW49_B2,CW49,B2,0,W,2023,1000591.7255012362,213596.40486429253,98.7259521484375,0.0,22310.126254122864,764586.4684306724,0.0,218641.49173694686,238181.09939853442,5045.086872654336,2089391.3322709627
CW49_B2,CW49,B2,0,W,2024,1000591.7255012362,213695.13124368706,0.0,0.0,34048.4417975033,752848.1524600458,0.0,218641.49173694686,238181.09939853442,5143.812809543984,2089391.3322709627
CW49_B2,CW49,B2,0,W,2025,1000591.7255012362,213147.29850275378,449.1071626251819,0.0,27345.925334855623,759649.3945010017,0.0,218641.49173694686,238181.09939853442,5691.645550477271,2089391.3322709627
CW50_B2,CW50,B2,0,W,2020,975720.98898106,182129.05533001467,692.2427225449505,0.0,24557.558462823607,768342.1324656766,0.0,182129.05533001467,207378.8565153832,0.0,1623239.873585151
CW50_B2,CW50,B2,0,W,2021,975720.98898106,177062.29485027835,3379.1290883681354,0.0,40496.181680447444,754783.3833619659,0.0,182129.05533001467,207378.8565153832,5264.2127883911135,1623239.873585151
CW50_B2,CW50,B2,0,W,2022,975720.98898106,176085.09786744957,864.1395995196175,0.0,35763.91428704355,763007.8372270472,0.0,182129.05533001467,207378.8565153832,6340.13485361735,1623239.873585151
CW50_B2,CW50,B2,0,W,2023,975720.98898106,176215.5681065279,634.9422562543084,0.0,24770.111621303186,774100.3669969745,0.0,182129.05533001467,207378.8565153832,6110.938593726065,1623239.873585151
CW50_B2,CW50,B2,0,W,2024,975720.98898106,176417.27996323528,729.4090113022748,0.0,38559.21644547406,760015.0835610484,0.0,182129.05533001467,207378.8565153832,6106.678725238875,1623239.873585151
CW50_B2,CW50,B2,0,W,2025,975720.98898106,176850.5127126357,1344.9941069659064,0.0,29509.73384593889,768015.7483155194,0.0,182129.05533001467,207378.8565153832,5870.898543892655,1623239.873585151
CW50_B2,CW50,B2,0,W,2026,975720.98898106,174292.15927560843,1516.8907063203699,0.0,29006.41450922349,770905.5244899078,0.0,182129.05533001467,207378.8565153832,8133.073445458505,1623239.873585151
CW51_B2,CW51,B2,0,W,2020,1026033.9080120011,330188.230497233,4634.319252133837,0.0,11617.913121780693,679593.4451408535,0.0,330188.230497233,346440.4628711475,0.0,2051662.9623817594
CW51_B2,CW51,B2,0,W,2021,1026033.9080120011,325975.5366645962,5666.874055510876,0.0,19705.29992469339,674686.1973672006,0.0,330188.230497233,346440.4628711475,5199.954155207615,2051662.9623817594
CW51_B2,CW51,B2,0,W,2022,1026033.9080120011,326730.5091638901,3553.7498913035674,0.0,23799.52045374852,671950.128503059,0.0,330188.230497233,346440.4628711475,5594.077004316741,2051662.9623817594
CW51_B2,CW51,B2,0,W,2023,1026033.9080120011,328266.37905997474,1845.2091971603095,0.0,17417.957683877383,678504.3620709886,0.0,330188.230497233,346440.4628711475,4848.016991349763,2051662.9623817594
CW51_B2,CW51,B2,0,W,2024,1026033.9080120011,329631.5091996136,1047.656517567354,0.0,23009.72627955418,672345.0160152661,0.0,330188.230497233,346440.4628711475,4173.969989223106,2051662.9623817594
CW51_B2,CW51,B2,0,W,2025,1026033.9080120011,327618.6561346614,3652.8663482666016,0.0,17738.920400223076,677023.46512885,0.0,330188.230497233,346440.46287114755,5199.561411719229,2051662.9623817594
CW51_B2,CW51,B2,0,W,2026,1026033.9080120013,322335.8543061798,5986.280337075626,0.0,18491.17562501197,679220.5977437338,0.0,330188.230497233,346440.4628711475,9890.00607772528,2051662.9623817597
CW52_B2,CW52,B2,0,W,2020,1000477.4953138465,93248.39013920203,4621.922290188659,0.0,13356.224532303155,889250.9583521525,0.0,93248.39013920203,111226.53696169386,0.0,594820.6529151468
CW52_B2,CW52,B2,0,W,2021,1000477.4953138465,92942.93031864539,1202.5184314204198,0.0,15994.716016821767,890337.3305469588,0.0,93248.39013920203,111226.53696169386,4057.045780944824,594820.6529151468
CW52_B2,CW52,B2,0,W,2022,1000477.4953138465,92110.92158867331,1856.8234396841012,0.0,24945.453440378224,881564.2968451108,0.0,93248.39013920203,111226.53696169386,5185.231741751876,594820.6529151468
CW52_B2,CW52,B2,0,W,2023,1000477.4953138465,92333.15324874579,1703.5065492517806,0.0,12691.470710814232,893749.3648050346,0.0,93248.39013920203,111226.53696169386,4851.886057475969,594820.6529151468
CW52_B2,CW52,B2,0,W,2024,1000477.4953138465,92641.33365382775,1257.8849564496209,0.0,18007.557095366832,888570.7196082021,0.0,93248.39013920203,111226.53696169386,4741.157388844209,594820.6529151468
CW52_B2,CW52,B2,0,W,2025,1000477.4953138465,89811.57460602405,4320.327066877777,0.0,15605.618976308784,890739.9746646357,0.0,93248.39013920203,111226.53696169386,6223.982983159083,594820.6529151468
CW52_B2,CW52,B2,0,W,2026,1000477.4953138465,87766.98207370534,5139.5587894215305,0.0,14179.710343753592,893391.2441069658,0.0,93248.39013920203,111226.53696169386,7542.263767855774,594820.6529151468
CW53_B2,CW53,B2,0,W,2020,975590.5329796285,247935.54614371512,691.0807189941406,0.0,13442.954002230774,713520.9521146885,0.0,247935.54614371512,262069.58086494004,0.0,1526060.261903082
CW53_B2,CW53,B2,0,W,2022,975590.5329796285,243497.53128820687,493.6285934448242,0.0,23333.339800307327,708266.0332976696,0.0,247935.54614371512,262069.58086494004,4734.192338113224,1526060.261903082
CW53_B2,CW53,B2,0,W,2023,975590.5329796285,241609.3533211503,1147.9290335860906,0.0,16988.561814012715,715844.6888108796,0.0,247935.54614371512,262069.58086494004,6523.6441012513405,1526060.261903082
CW53_B2,CW53,B2,0,W,2025,975590.5329796285,242147.50642362115,1041.4594962924134,0.0,16817.440916024003,715584.1261436911,0.0,247935.54614371512,262069.58086494004,6318.448558403464,1526060.261903082
CW53_B2,CW53,B2,0,W,2026,975590.5329796285,241276.39497222909,0.0,0.0,17103.928609541348,717210.2093978582,0.0,247935.54614371512,262069.58086494004,7152.7796123429835,1526060.261903082
CW53_B2,CW53,B2,0,W,2021,975590.5329796288,244250.56150629386,493.6283264160156,0.0,17906.89858518114,712939.4445617376,0.0,247935.54614371512,262069.58086494004,3981.162562531116,1526060.261903082
CW53_B2,CW53,B2,0,W,2024,975590.5329796288,242794.064049186,888.5314865112305,0.0,26400.415442133883,705507.5220017974,0.0,247935.54614371512,262069.58086494004,5869.342501442105,1526060.261903082
CW54_B2,CW54,B2,0,W,2021,1025782.881903764,370772.2031145878,98.72593688964844,0.0,13188.193513877719,641723.7593384088,0.0,372055.63667019084,384057.57284195814,1283.4335556030273,2324612.6128510116
CW54_B2,CW54,B2,0,W,2025,1025782.881903764,369366.42211851204,493.6294631958008,0.0,11651.560541998171,644271.269780058,0.0,372055.63667019084,384057.57284195814,2985.390561810662,2324612.6128510116
CW54_B2,CW54,B2,0,W,2026,1025782.881903764,368490.66784497397,197.45172119140625,0.0,11951.996512289608,645142.7658253089,0.0,372055.63667019084,384057.57284195814,3564.9688252168544,2324612.6128510116
CW54_B2,CW54,B2,0,W,2022,1025782.8819037641,370217.0145474599,394.9032974243164,0.0,15452.687884701001,639718.2761741787,0.0,372055.63667019084,384057.57284195814,1937.3474492690143,2324612.6128510116
CW54_B2,CW54,B2,0,W,2023,1025782.8819037641,369427.20809756976,98.72593688964844,0.0,11463.398717184627,644793.54915212,0.0,372055.63667019084,384057.57284195814,2628.428572621065,2324612.6128510116
CW54_B2,CW54,B2,0,W,2020,1025782.8819037642,372055.63667019084,197.45177459716797,0.0,11804.484397170123,641725.3090618058,0.0,372055.63667019084,384057.57284195814,0.0,2324612.6128510116
CW54_B2,CW54,B2,0,W,2024,1025782.8819037642,369328.4830075429,493.62865447998047,0.0,16602.166192926146,639358.6040488149,0.0,372055.63667019084,384057.57284195814,2825.8790197035846,2324612.6128510116
CW55_B2,CW55,B2,0,W,2020,1001121.0528970754,305635.4979762359,0.0,0.0,14864.995639786066,680620.5592810535,0.0,305635.4979762359,320500.493616022,0.0,1897480.2170963965
CW55_B2,CW55,B2,0,W,2021,1001121.0528970754,302005.88078607316,0.0,0.0,16816.275107170553,682298.8970038318,0.0,305635.497976236,320500.493616022,3629.617190162808,1897480.2170963965
CW55_B2,CW55,B2,0,W,2023,1001121.0528970754,299833.91416467424,98.72550964355469,0.0,13245.10918345732,687943.3040393005,0.0,305635.4979762359,320500.493616022,5801.5838115617335,1897480.2170963965
CW55_B2,CW55,B2,0,W,2025,1001121.0528970754,299537.73540796037,98.72550964355469,0.0,16482.153617320342,685002.4383621514,0.0,305635.497976236,320500.493616022,6393.9388072892725,1897480.2170963965
CW55_B2,CW55,B2,0,W,2022,1001121.0528970755,301018.6224776625,0.0,0.0,24977.219642280128,675125.2107771329,0.0,305635.497976236,320500.493616022,4814.326121132046,1897480.2170963965
CW55_B2,CW55,B2,0,W,2024,1001121.0528970755,299932.6381484389,197.4511260986328,0.0,22028.21664596258,678962.7469765755,0.0,305635.497976236,320500.493616022,5999.035898964077,1897480.2170963965
CW55_B2,CW55,B2,0,W,2026,1001121.0528970755,297296.47117988754,98.72544860839844,0.0,16893.313430307426,686832.5428382723,0.0,305635.497976236,320500.493616022,8339.026796348422,1897480.2170963965
CW56_B2,CW56,B2,0,W,2022,974900.0999015662,128463.70294784842,0.0,0.0,11447.116994132248,834989.2799595854,0.0,139445.06650070488,144195.89038600546,10981.363552856445,847175.6666510787
CW56_B2,CW56,B2,0,W,2023,974900.0999015662,126839.18465495389,0.0,0.0,8989.818738690543,839071.0965079215,0.0,139445.06650070488,144195.89038600546,12605.881845750993,847175.6666510787
CW56_B2,CW56,B2,0,W,2025,974900.0999015662,126740.45934367459,12.389050053615195,0.0,8928.262309444652,839218.9891983933,0.0,139445.06650070488,144195.89038600546,12704.60715703029,847175.6666510787
CW56_B2,CW56,B2,0,W,2020,974900.0999015663,139445.06650070488,0.0,0.0,4750.8238853005805,830704.2095155607,0.0,139445.06650070488,144195.89038600546,0.0,847175.6666510787
CW56_B2,CW56,B2,0,W,2021,974900.0999015663,132091.76821627148,0.0,0.0,8994.46323628145,833813.8684490132,0.0,139445.06650070488,144195.89038600546,7353.298284433401,847175.6666510787
CW56_B2,CW56,B2,0,W,2024,974900.0999015663,126839.18537974637,0.0,0.0,12815.332417147765,835245.582104672,0.0,139445.06650070488,144195.89038600546,12605.881120958513,847175.6666510787
CW56_B2,CW56,B2,0,W,2026,974900.0999015663,124741.1717707316,0.0,0.0,10906.641489844225,839252.2866409903,0.0,139445.06650070488,144195.89038600546,14703.894729973286,847175.6666510787
CW57_B2,CW57,B2,0,W,2020,1000855.7815135282,325949.9962262622,296.17664337158203,0.0,16524.73015857771,658084.8784853166,0.0,325949.9962262622,342770.90302821144,0.0,2119742.9779900047
CW57_B2,CW57,B2,0,W,2021,1000855.7815135282,324450.1428692987,98.72554779052734,0.0,13358.934415959375,662947.9786804796,0.0,325949.9962262622,342770.90302821144,1697.304803496716,2119742.9779900047
CW57_B2,CW57,B2,0,W,2022,1000855.7815135282,323759.0649884393,0.0,0.0,25851.406843806246,651245.3096812826,0.0,325949.9962262622,342770.90302821144,2487.1085525811886,2119742.9779900047
CW57_B2,CW57,B2,0,W,2023,1000855.7815135282,318644.30827349506,0.0,0.0,15018.290218846938,667193.1830211862,0.0,325949.9962262622,342770.90302821144,7305.687952767166,2119742.9779900047
CW57_B2,CW57,B2,0,W,2024,1000855.7815135282,316255.92768222594,493.62725830078125,0.0,21591.088011139513,662515.1385618619,0.0,325949.9962262622,342770.90302821144,9792.794412261364,2119742.9779900047
CW57_B2,CW57,B2,0,W,2025,1000855.7815135282,315663.5734189203,197.45065307617188,0.0,13784.035470760567,671210.7219707711,0.0,325949.9962262622,342770.90302821144,10483.873262053845,2119742.9779900047
CW57_B2,CW57,B2,0,W,2026,1000855.7815135282,314164.8820008223,98.72549438476562,0.0,17288.589507159064,669303.584511162,0.0,325949.9962262622,342770.90302821144,11785.114225439931,2119742.9779900047
CW58_B2,CW58,B2,0,W,2023,1000101.7430646105,92166.27540878598,0.0,0.0,12203.635969453699,895731.8316863712,0.0,98397.21663668766,111341.48663641242,6230.941227901683,754960.0283317418
CW58_B2,CW58,B2,0,W,2024,1000101.7430646105,92382.69770995498,0.0,0.0,18539.501534256276,889179.5438203998,0.0,98397.21663668766,111341.48663641242,6113.244405858657,754960.0283317417
CW58_B2,CW58,B2,0,W,2026,1000101.7430646105,89019.4478250242,0.0,0.0,11734.781974164176,899347.5132654225,0.0,98397.21663668766,111341.48663641242,9377.76881166346,754960.0283317418
CW58_B2,CW58,B2,0,W,2020,1000101.7430646106,98397.21663668766,296.1759262084961,0.0,12648.094073516248,888760.2564281985,0.0,98397.21663668766,111341.48663641242,0.0,754960.0283317417
CW58_B2,CW58,B2,0,W,2021,1000101.7430646106,95652.25146765618,0.0,0.0,10333.66066122616,894115.8309357286,0.0,98397.21663668766,111341.48663641242,2942.4156695197607,754960.0283317417
CW58_B2,CW58,B2,0,W,2022,1000101.7430646106,93764.85424987198,0.0,0.0,24117.30099726658,882219.5878174725,0.0,98397.21663668766,111341.48663641242,4632.362386815688,754960.0283317418
CW58_B2,CW58,B2,0,W,2025,1000101.7430646106,91790.34449187637,0.0,0.0,11018.939437866211,897292.4591348685,0.0,98397.21663668766,111341.48663641242,6606.872144811294,754960.0283317417
CW59_B2,CW59,B2,0,W,2020,1001153.3536674645,312348.0275603649,98.7254638671875,0.0,16418.63002723245,672287.9706160005,0.0,312348.0275603649,328865.3830514646,0.0,1630215.3453654572
CW59_B2,CW59,B2,0,W,2021,1001153.3536674645,303686.1265437107,0.0,0.0,9918.231793422325,687548.9953303318,0.0,312348.0275603649,328865.3830514646,8661.901016654221,1630215.3453654572
CW59_B2,CW59,B2,0,W,2022,1001153.3536674645,301797.9565155029,0.0,0.0,25047.238705175056,674308.158446787,0.0,312348.0275603649,328865.3830514646,10846.247734009987,1630215.3453654572
CW59_B2,CW59,B2,0,W,2023,1001153.3536674645,301106.8774215698,98.72527313232422,0.0,10575.627773269953,689372.123199493,0.0,312348.0275603649,328865.3830514646,11438.601264893776,1630215.3453654572
CW59_B2,CW59,B2,0,W,2024,1001153.3536674645,300218.34774322505,123.50376694623162,0.0,15806.91625776104,685004.5858995327,0.0,312348.0275603649,328865.3830514646,12327.130943238502,1630215.3453654572
CW59_B2,CW59,B2,0,W,2025,1001153.3536674645,300218.3476745605,0.0,0.0,13253.216292916091,687681.7896999886,0.0,312348.0275603649,328865.3830514646,12327.131011903053,1630215.3453654572
CW59_B2,CW59,B2,0,W,2026,1001153.3536674645,298638.73877258296,98.7254638671875,0.0,10119.164320732565,692296.7251102824,0.0,312348.0275603649,328865.3830514646,13709.288787781954,1630215.3453654572
CW60_B2,CW60,B2,0,W,2020,1025929.2991429046,3341.9487685858035,1283.430061340332,0.0,20809.752919305563,1000494.1673936727,0.0,3341.9487685858035,25435.131749231707,0.0,123165.46968617156
CW60_B2,CW60,B2,0,W,2021,1025929.2991429046,3045.772750824573,1184.7045059204102,0.0,20809.75274382949,1000889.06914233,0.0,3341.9487685858035,25435.131749231707,296.17601776123047,123165.46968617156
CW60_B2,CW60,B2,0,W,2022,1025929.2991429046,1829.3217060762292,2945.500556048225,0.0,22227.52538891963,998926.9514918604,0.0,3341.9487685858035,25435.131749231707,1512.627062509574,123165.46968617156
CW60_B2,CW60,B2,0,W,2023,1025929.2991429046,1471.5876282635857,2036.064476372214,0.0,21236.4016645544,1001185.2453737142,0.0,3341.9487685858035,25435.131749231707,1969.0863981957527,123165.46968617156
CW60_B2,CW60,B2,0,W,2024,1025929.2991429046,2421.673260946835,2268.747974350873,0.0,20251.083293780186,1000987.7946138266,0.0,3341.9487685858035,25435.131749231707,1710.0777995090857,123165.46968617156
CW60_B2,CW60,B2,0,W,2025,1025929.2991429046,1410.029690282485,2689.975220444623,0.0,20742.774413883013,1001086.5198182943,0.0,3341.9487685858035,25435.131749231707,2030.6443361768534,123165.46968617156
CW60_B2,CW60,B2,0,W,2026,1025929.2991429046,2520.3986256318935,1926.1120400522268,0.0,19631.24354780611,1001851.5449294143,0.0,3341.9487685858035,25435.131749231707,1611.352404306449,123165.46968617156
CW61_B2,CW61,B2,0,W,2020,974985.2373690442,66988.43543473788,8779.593888436111,0.0,213873.98852787373,685343.2195179958,0.0,66988.43543473788,289642.01785104786,0.0,1688322.491671035
CW61_B2,CW61,B2,0,W,2021,974985.2373690442,65322.105311045954,10001.07980777516,0.0,213726.4791937135,685935.573056509,0.0,66988.43543473788,289642.01785104786,1962.119166804295,1688322.491671035
CW61_B2,CW61,B2,0,W,2022,974985.2373690442,62824.933767550625,10080.444386082068,0.0,225089.61411515763,676990.2451002533,0.0,66988.43543473788,289642.01785104786,4311.396127708285,1688322.491671035
CW61_B2,CW61,B2,0,W,2023,974985.2373690442,62245.358504441225,9787.369357329722,0.0,215832.22820643993,687120.2813008328,0.0,66988.43543473788,289642.01785104786,4989.696755502739,1688322.491671035
CW61_B2,CW61,B2,0,W,2024,974985.2373690442,62195.41440645108,10037.863894832835,0.0,217408.74025929757,685343.2188084621,0.0,66988.43543473788,289642.01785104786,5384.985967090082,1688322.491671035
CW61_B2,CW61,B2,0,W,2025,974985.2373690442,60073.78702877271,8306.098509695013,0.0,219188.89241389843,687416.4594166775,0.0,66988.43543473788,289642.01785104786,7309.549948628744,1688322.491671035
CW61_B2,CW61,B2,0,W,2026,974985.2373690442,60615.807404192776,9753.299875386558,0.0,214237.89912737667,690378.2309620875,0.0,66988.43543473788,289642.01785104786,7260.768666675043,1688322.4916710348
CW62_B2,CW62,B2,0,W,2020,1001431.9056869803,48159.383794178706,3868.4898635565064,0.0,71613.88039604636,877790.151633199,0.0,48159.383794178706,123641.75405378154,0.0,884699.0212930118
CW62_B2,CW62,B2,0,W,2021,1001431.9056869803,45666.85655661192,5324.593739079493,0.0,73143.92838424983,877296.5270070393,0.0,48159.383794178706,123641.75405378154,2887.4291006649246,884699.0212930118
CW62_B2,CW62,B2,0,W,2022,1001431.9056869803,44185.9751708087,2298.560350635005,0.0,80834.45353686762,874112.9166286692,0.0,48159.383794178706,123641.75405378154,4467.035866411995,884699.0212930118
CW62_B2,CW62,B2,0,W,2023,1001431.9056869803,42606.368771272566,3170.4413992189893,0.0,75345.31136022831,880309.7841562607,0.0,48159.383794178706,123641.75405378154,5750.466011675666,884699.0212930118
CW62_B2,CW62,B2,0,W,2024,1001431.9056869803,42507.643383699324,4242.871093031939,0.0,74398.32235110414,880283.0688591452,0.0,48159.383794178706,123641.75405378154,6046.6418310726385,884699.0212930118
CW62_B2,CW62,B2,0,W,2025,1001431.9056869803,41064.31900485171,2391.4788566738953,0.0,76878.45644190173,881097.6513835533,0.0,48159.383794178706,123641.75405378154,8181.044701131184,884699.0212930118
CW62_B2,CW62,B2,0,W,2026,1001431.9056869803,39089.811108428374,4010.575664834415,0.0,76345.33763056737,881986.1812831505,0.0,48159.383794178706,123641.75405378154,9661.924965413413,884699.0212930118
CW63_B2,CW63,B2,0,W,2020,1026267.9785363287,61736.69916405772,543.1871757956112,0.0,10445.21338527904,953542.8788111963,0.0,61736.69916405772,72725.09972513237,0.0,473117.3342684578
CW63_B2,CW63,B2,0,W,2021,1026267.9785363287,60798.99579877667,197.4521484375,0.0,14249.06819933723,951022.4623897773,0.0,61736.69916405772,72725.09972513237,1777.0685424804688,473117.3342684578
CW63_B2,CW63,B2,0,W,2022,1026267.9785363287,57172.070818613094,394.9042663574219,0.0,29153.98763293098,939547.0158184277,0.0,61736.69916405772,72725.09972513237,5502.719650268555,473117.3342684578
CW63_B2,CW63,B2,0,W,2023,1026267.9785363287,47270.427317331356,2621.081283569336,0.0,23573.069525415758,952803.4004100122,0.0,61736.69916405772,72725.09972513237,15108.185012817383,473117.3342684578
CW63_B2,CW63,B2,0,W,2024,1026267.9785363287,43593.1721728755,7594.165664672852,0.0,23955.581803355497,951125.0588954246,0.0,61736.69916405772,72725.09972513237,18686.71416697783,473117.3342684578
CW63_B2,CW63,B2,0,W,2025,1026267.9785363287,42939.644249291516,6384.287773132324,0.0,23869.633004222196,953074.4135096826,0.0,61736.69916405772,72725.09972513237,19340.24209056181,473117.3342684578
CW63_B2,CW63,B2,0,W,2026,1026267.9785363287,41988.391807885266,3442.2498779296875,0.0,19625.189217601102,961212.1476329125,0.0,61736.69916405772,72725.09972513237,20291.494531968063,473117.3342684578
CW64_B2,CW64,B2,0,W,2020,1000826.0446080528,18981.65419143976,579.9630912930357,0.0,18342.020087268313,962922.4072380518,0.0,18981.65419143976,37903.63737000111,0.0,234118.37313627353
CW64_B2,CW64,B2,0,W,2021,1000826.0446080528,19376.555650179995,678.6885170132506,0.0,17524.729721727555,963246.070719132,0.0,18981.65419143976,37903.63737000111,0.0,234118.37313627353
CW64_B2,CW64,B2,0,W,2022,1000826.0446080528,17074.51397591385,691.0775985717773,0.0,24478.101509124175,958582.3515244429,0.0,18981.65419143976,37903.63737000111,2104.592341075224,234118.37313627353
CW64_B2,CW64,B2,0,W,2023,1000826.0446080528,17012.955321846755,814.193777555578,0.0,20101.27017211915,962897.6253365313,0.0,18981.65419143976,37903.63737000111,2067.4249743293312,234118.37313627353
CW64_B2,CW64,B2,0,W,2024,1000826.0446080528,14828.587983643776,2096.856886740292,0.0,20509.342603346886,963391.2571343218,0.0,18981.65419143976,37903.63737000111,4609.525801804486,234118.37313627353
CW64_B2,CW64,B2,0,W,2025,1000826.0446080528,13526.18870119581,1356.9922688502893,0.0,20305.69047091616,965637.1731670905,0.0,18981.65419143976,37903.63737000111,5714.474293847177,234118.37313627353
CW64_B2,CW64,B2,0,W,2026,1000826.0446080528,10774.645544403673,2122.0233398138307,0.0,21374.631689542894,966554.7440342924,0.0,18981.65419143976,37903.63737000111,8466.017450639316,234118.37313627353
CW65_B2,CW65,B2,0,W,2020,975728.2948818725,140458.84992155188,1517.2750619925705,0.0,33232.56029468612,800519.6096036425,0.0,140458.84992155188,175208.68527823052,0.0,902153.50854175
CW65_B2,CW65,B2,0,W,2021,975728.2948818725,141186.32153963577,4442.259349179736,0.0,29185.201778636256,800914.5122144213,0.0,140458.84992155188,175208.68527823052,0.0,902153.5085417499
CW65_B2,CW65,B2,0,W,2022,975728.2948818725,140511.8901485967,2060.8450493008486,0.0,35893.89634650736,797261.6633374682,0.0,140458.84992155188,175208.68527823052,2228.8722404928767,902153.50854175
CW65_B2,CW65,B2,0,W,2023,975728.2948818725,89251.30201763072,4146.471893310547,0.0,79244.04501902268,803086.4759519091,0.0,140458.84992155188,175208.68527823052,54069.4235848221,902153.5085417499
CW65_B2,CW65,B2,0,W,2024,975728.2948818725,83327.77516216197,16585.88539123535,0.0,74011.59161173501,801803.0427167406,0.0,140458.84992155188,175208.68527823052,60684.02814567415,902153.50854175
CW65_B2,CW65,B2,0,W,2025,975728.2948818725,88856.40489238658,5133.726577758789,0.0,76183.54663645425,805554.6167752733,0.0,140458.84992155188,175208.68527823052,55352.849343183916,902153.50854175
CW65_B2,CW65,B2,0,W,2026,975728.2948818725,87583.03946814439,11381.696180485744,0.0,69794.26262682745,806969.2966064153,0.0,140458.84992155188,175208.68527823052,56626.21449276792,902153.50854175
CW66_B2,CW66,B2,0,W,2020,2515231.795842549,390598.3865864772,428938.5754825667,0.0,115825.50328007118,1579869.3304934336,0.0,390598.3865864772,935362.4653491152,0.0,4777457.879675234
CW66_B2,CW66,B2,0,W,2022,2515231.795842549,364559.03830716,453171.0708987367,0.0,135494.43673164517,1562007.2499050065,0.0,390598.3865864772,935362.4653491152,33269.59487481211,4777457.879675234
CW66_B2,CW66,B2,0,W,2023,2515231.795842549,362356.4925012925,454035.5449843164,0.0,116988.56668437882,1581851.191672561,0.0,390598.3865864772,935362.4653491152,38787.035717683684,4777457.879675234
CW66_B2,CW66,B2,0,W,2024,2515231.795842549,375983.48642000684,452381.94541533233,0.0,110346.38562200211,1576519.9783852075,0.0,390598.3865864772,935362.4653491152,38022.39148622401,4777457.879675234
CW66_B2,CW66,B2,0,W,2026,2515231.795842549,388692.5744880527,435657.5010446886,0.0,120993.37260502834,1569888.3477047794,0.0,390598.3865864772,935362.4653491152,48064.94092541864,4777457.879675235
CW66_B2,CW66,B2,0,W,2021,2515231.7958425493,385278.390957851,424964.29390557983,0.0,117683.57420597448,1587305.5367731433,0.0,390598.3865864772,935362.4653491152,12945.150663757324,4777457.879675234
CW66_B2,CW66,B2,0,W,2025,2515231.7958425493,370621.656523252,460693.6135883706,0.0,113048.40431916481,1570868.1214117615,0.0,390598.3865864772,935362.4653491152,39725.51193345014,4777457.879675235
T01_B2,T01,B2,1,S1,2020,2240562.528557781,17372.262213822905,880678.6516588099,0.0,1205712.4383304669,136799.1763546813,0.0,17372.262213822905,2103763.3522030995,0.0,9372356.347320497
T01_B2,T01,B2,1,S1,2021,2240562.528557781,17940.63034928266,908794.0735857794,0.0,1169316.097369265,144511.7272534539,0.0,17372.26221382291,2103763.3522030995,4170.396055214078,9372356.347320497
T01_B2,T01,B2,1,S1,2022,2240562.528557781,3652.770965576172,913602.9596419092,0.0,1183459.5366596896,139847.26129060634,0.0,17372.262213822905,2103763.3522031,14706.7253943649,9372356.347320495
T01_B2,T01,B2,1,S1,2023,2240562.528557781,4859.926925838695,923464.9026747161,0.0,1167664.0268945133,144573.67206271307,0.0,17372.262213822905,2103763.3522030995,13598.30133717855,9372356.347320497
T01_B2,T01,B2,1,S1,2024,2240562.528557781,4369.006499047373,994937.9785845589,0.0,1164552.8863189097,76702.65715526507,0.0,17372.26221382291,2103763.3522030995,15595.235282060214,9372356.347320497
T01_B2,T01,B2,1,S1,2025,2240562.528557781,7860.737490036908,1048632.3770658008,0.0,1184069.4140019435,0.0,0.0,17372.262213822905,2103763.3522030995,15299.060141679352,9372356.347320497
T01_B2,T01,B2,1,S1,2026,2240562.528557781,9607.188240889007,1047155.9898024017,0.0,1183799.3505144904,0.0,0.0,17372.262213822905,2103763.3522031,15496.507331010407,9372356.347320495
T02_B2,T02,B2,1,S1,2025,996127.5078771249,296.16690826416016,303876.9250219007,0.0,526697.8810589656,165256.53488799452,0.0,197.4440689086914,530627.7485082586,197.4440689086914,3400196.2124064714
T02_B2,T02,B2,1,S1,2020,996127.507877125,197.4440689086914,2171.8913345336914,0.0,528258.4131048162,465499.75936886645,0.0,197.4440689086914,530627.7485082586,0.0,3400196.2124064714
T02_B2,T02,B2,1,S1,2021,996127.507877125,98.72201538085938,3652.726417541504,0.0,526876.3000753362,465499.75936886645,0.0,197.4440689086914,530627.7485082586,98.72205352783203,3400196.2124064714
T02_B2,T02,B2,1,S1,2022,996127.507877125,98.72201538085938,6276.040565789914,0.0,525478.7305276307,464274.0147683235,0.0,197.4440689086914,530627.7485082586,98.72205352783203,3400196.2124064714
T02_B2,T02,B2,1,S1,2023,996127.507877125,0.0,4995.35792388916,0.0,526740.0517687028,464392.098184533,0.0,197.4440689086914,530627.7485082586,197.4440689086914,3400196.2124064714
T02_B2,T02,B2,1,S1,2024,996127.507877125,0.0,4420.834722391764,0.0,527467.8892374672,464238.78391726606,0.0,197.4440689086914,530627.7485082586,197.4440689086914,3400196.2124064714
T02_B2,T02,B2,1,S1,2026,996127.507877125,197.4448013305664,478488.51115731616,0.0,517441.5519184782,0.0,0.0,197.4440689086914,530627.7485082586,197.4440689086914,3400196.2124064714
T03_B2,T03,B2,1,S1,2020,1066302.8447776046,197.4440155029297,13808.290412813076,0.0,347702.3286653406,704594.7816839481,0.0,197.4440155029297,361708.06309365656,0.0,1692669.589942483
T03_B2,T03,B2,1,S1,2021,1066302.8447776046,0.0,13831.90846901688,0.0,347782.849339055,704688.0869695328,0.0,197.4440155029297,361708.06309365656,197.4440155029297,1692669.589942483
T03_B2,T03,B2,1,S1,2022,1066302.8447776046,0.0,14653.830823591643,0.0,347948.95623180905,703700.0577222039,0.0,197.4440155029297,361708.06309365656,197.4440155029297,1692669.589942483
T03_B2,T03,B2,1,S1,2023,1066302.8447776046,0.0,11561.696377623317,0.0,350297.74580742326,704443.4025925582,0.0,197.4440155029297,361708.06309365656,197.4440155029297,1692669.589942483
T03_B2,T03,B2,1,S1,2024,1066302.8447776046,0.0,14307.713342344996,0.0,349670.6486767338,702324.4827585258,0.0,197.4440155029297,361708.06309365656,197.4440155029297,1692669.589942483
T03_B2,T03,B2,1,S1,2025,1066302.8447776046,0.0,10972.451987861185,0.0,351947.80505816883,703382.5877315747,0.0,197.4440155029297,361708.06309365656,197.4440155029297,1692669.589942483
T03_B2,T03,B2,1,S1,2026,1066302.8447776046,0.0,539172.8657620001,0.0,352859.74655369774,174270.23246190688,0.0,197.4440155029297,361708.06309365656,197.4440155029297,1692669.589942483
T04_B2,T04,B2,1,S1,2021,918340.1550635243,2830.810710114124,5269.050660974839,0.0,595843.8385969575,314396.455095478,0.0,3764.993988785089,603943.6999680464,1526.516606918036,2816393.4166008453
T04_B2,T04,B2,1,S1,2024,918340.1550635243,197.4442138671875,5044.501348278569,0.0,598701.7544059006,314396.455095478,0.0,3764.993988785089,603943.6999680464,3666.2718818514954,2816393.4166008453
T04_B2,T04,B2,1,S1,2025,918340.1550635243,98.72213745117188,3067.7395291197536,0.0,600777.2383014755,314396.455095478,0.0,3764.993988785089,603943.6999680464,3764.993988785089,2816393.4166008453
T04_B2,T04,B2,1,S1,2020,918340.1550635244,3764.993988785089,3776.6052316104665,0.0,596402.1007476507,314396.455095478,0.0,3764.993988785089,603943.6999680464,0.0,2816393.416600845
T04_B2,T04,B2,1,S1,2022,918340.1550635244,1283.3874816894531,6438.996704670027,0.0,596221.315781687,314396.455095478,0.0,3764.993988785089,603943.6999680465,3172.661736282648,2816393.4166008453
T04_B2,T04,B2,1,S1,2023,918340.1550635244,98.72210693359375,2928.7536555271527,0.0,600916.2242055855,314396.455095478,0.0,3764.993988785089,603943.6999680464,3666.2718818514954,2816393.416600845
T04_B2,T04,B2,1,S1,2026,918340.1550635244,0.0,18731.60440260943,0.0,585212.095565437,314396.455095478,0.0,3764.993988785089,603943.6999680464,3764.993988785089,2816393.4166008453
T05_B2,T05,B2,1,S1,2020,1014419.9308565328,9243.489386225681,1909.7881987328624,0.0,466767.7780051436,536498.8752664307,0.0,9243.489386225681,477921.05559010216,0.0,2506813.5492044487
T05_B2,T05,B2,1,S1,2021,1014419.9308565328,5590.769941950779,2886.943631669587,0.0,469443.3420164818,536498.8752664307,0.0,9243.489386225681,477921.05559010216,3652.7194442749023,2506813.5492044487
T05_B2,T05,B2,1,S1,2022,1014419.9308565328,4702.270643855076,2987.2091505162857,0.0,470231.5757957308,536498.8752664307,0.0,9243.489386225681,477921.05559010216,4541.2187423706055,2506813.5492044482
T05_B2,T05,B2,1,S1,2023,1014419.9308565328,4504.826353693943,2351.5192953670726,0.0,471064.70994104113,536498.8752664307,0.0,9243.489386225681,477921.05559010216,4738.663032531738,2506813.5492044487
T05_B2,T05,B2,1,S1,2024,1014419.9308565328,4213.305689703249,5391.3764875225,0.0,468316.37341287645,536498.8752664307,0.0,9243.489386225681,477921.05559010216,5030.183696522432,2506813.5492044482
T05_B2,T05,B2,1,S1,2025,1014419.9308565328,98.72152709960938,1373.2019484276866,0.0,476449.13211457484,536498.8752664307,0.0,9243.489386225681,477921.05559010216,9243.489386225681,2506813.5492044487
T05_B2,T05,B2,1,S1,2026,1014419.9308565328,0.0,18282.39482185513,0.0,475645.63377691526,520491.9022577624,0.0,9243.489386225681,477921.05559010216,9243.489386225681,2506813.5492044482
T06_B2,T06,B2,1,S1,2021,1009594.6658847282,7691.781938201306,5721.227644677256,0.0,514815.6766664991,481365.97963535076,0.0,16401.755862337,528068.4047358492,8709.973924135695,2301899.564580252
T06_B2,T06,B2,1,S1,2026,1009594.6658847282,197.4437484741211,4672.447150286506,0.0,522778.8396047554,481945.9353812123,0.0,16401.755862337,528068.4047358492,16303.033907991296,2301899.564580252
T06_B2,T06,B2,1,S1,2020,1009594.6658847283,16401.755862337,9352.642300564636,0.0,502314.0065729478,481526.26114887896,0.0,16401.755862337,528068.4047358492,0.0,2301899.564580252
T06_B2,T06,B2,1,S1,2022,1009594.6658847283,2898.170138130936,4119.993354348575,0.0,521554.31479671696,481022.18759553187,0.0,16401.755862337,528068.4047358492,13503.585724206063,2301899.564580252
T06_B2,T06,B2,1,S1,2023,1009594.6658847283,2700.725832711014,3317.832609139237,0.0,521492.7327973309,482083.3746455472,0.0,16401.755862337,528068.4047358492,13799.751846642586,2301899.564580252
T06_B2,T06,B2,1,S1,2024,1009594.6658847283,2597.7454130284923,8993.362262262082,0.0,516082.4006219601,481921.1575874776,0.0,16401.755862337,528068.4047358494,13804.010449308507,2301899.564580252
T06_B2,T06,B2,1,S1,2025,1009594.6658847283,394.8881301879883,1307.3872188194127,0.0,525847.7311173382,482044.6594183827,0.0,16401.755862337,528068.4047358492,16006.86773214901,2301899.564580252
T07_B2,T07,B2,1,S1,2020,1002076.7158149276,11550.426765441895,29547.30349195892,0.0,463571.00968705723,497407.97587046964,0.0,11550.426765441895,504668.739944458,0.0,2249009.530905391
T07_B2,T07,B2,1,S1,2021,1002076.7158149276,4502.481617796655,35132.246811331956,0.0,464937.6106302,497504.3767555991,0.0,11550.426765441895,504668.739944458,7206.674423217773,2249009.5309053906
T07_B2,T07,B2,1,S1,2022,1002076.7158149276,2073.154624938965,45115.95053100586,0.0,457862.1424828324,497025.46817615046,0.0,11550.426765441895,504668.739944458,9477.27214050293,2249009.530905391
T07_B2,T07,B2,1,S1,2023,1002076.7158149276,1579.5458679199219,37304.129965209955,0.0,464933.7142995796,498259.32568221807,0.0,11550.426765441895,504668.739944458,9970.880897521973,2249009.530905391
T07_B2,T07,B2,1,S1,2024,1002076.7158149276,2406.0957699943992,38205.412338256836,0.0,463946.1189555748,497519.08875110163,0.0,11550.426765441895,504668.739944458,10168.324378967285,2249009.530905391
T07_B2,T07,B2,1,S1,2025,1002076.7158149276,1875.7086868286133,33269.3186340332,0.0,469424.98863983154,497506.69985423435,0.0,11550.426765441895,504668.739944458,10563.211288452148,2249009.530905391
T07_B2,T07,B2,1,S1,2026,1002076.7158149276,2369.324905395508,46510.06245925005,0.0,455480.7916553572,497716.5367949249,0.0,11550.426765441895,504668.739944458,10958.097137451172,2249009.5309053906
T08_B2,T08,B2,1,S1,2020,1014075.042219813,18178.781065727682,69765.36061419318,0.0,369973.1486831666,556157.7518567254,0.0,18178.781065727682,457917.2903630874,0.0,1688447.1280673754
T08_B2,T08,B2,1,S1,2021,1014075.042219813,12058.018072868796,63022.839313073244,0.0,382369.1390696508,556625.0457642201,0.0,18178.781065727682,457917.2903630874,6318.206741333008,1688447.1280673754
T08_B2,T08,B2,1,S1,2022,1014075.042219813,8306.577605034323,47840.58292344037,0.0,401967.57803102385,555960.3036603143,0.0,18178.781065727682,457917.2903630874,10760.700317382812,1688447.1280673754
T08_B2,T08,B2,1,S1,2023,1014075.042219813,6888.078610498765,27141.521883347454,0.0,422960.84483184817,557084.5968941184,0.0,18178.781065727682,457917.2903630874,11784.311654752844,1688447.1280673754
T08_B2,T08,B2,1,S1,2024,1014075.042219813,2840.4861956428076,29822.47500065822,0.0,424685.21371421067,556726.867309301,0.0,18178.781065727682,457917.2903630874,15535.738366788977,1688447.1280673754
T08_B2,T08,B2,1,S1,2025,1014075.042219813,2149.4319506476904,17186.08584050197,0.0,437915.4816191731,556824.0428094901,0.0,18178.781065727682,457917.2903630874,16029.349115079993,1688447.1280673754
T08_B2,T08,B2,1,S1,2026,1014075.042219813,1260.934453089097,29891.761314571602,0.0,426468.4221711102,556453.9242810418,0.0,18178.781065727682,457917.2903630874,16917.846612638587,1688447.1280673754
T09_B2,T09,B2,1,S1,2020,988540.5731000715,17676.997472994935,19314.277137337478,0.0,473576.11799124937,477973.1804984897,0.0,17676.997472994935,510567.3926015818,0.0,2115179.9626265885
T09_B2,T09,B2,1,S1,2021,988540.5731000715,12399.05992308972,19896.12794285195,0.0,477422.0167648616,478823.3684692682,0.0,17676.997472994935,510567.3926015818,5376.659260110294,2115179.9626265885
T09_B2,T09,B2,1,S1,2022,988540.5731000715,7986.781757040584,20630.628732239966,0.0,493775.57144610846,466147.5911646825,0.0,17676.997472994935,510567.3926015818,9690.21571595435,2115179.9626265885
T09_B2,T09,B2,1,S1,2023,988540.5731000715,5420.019977255428,22507.18507397222,0.0,488381.6662853766,472231.7017634673,0.0,17676.997472994935,510567.3926015818,12256.977495739506,2115179.9626265885
T09_B2,T09,B2,1,S1,2024,988540.5731000715,4581.852895759133,17730.10699011111,0.0,490503.63012907753,475724.98308512365,0.0,17676.997472994935,510567.3926015818,13244.195543835209,2115179.9626265885
T09_B2,T09,B2,1,S1,2025,988540.5731000715,4136.635890646541,22647.57431455126,0.0,483684.45790144993,478071.9049934238,0.0,17676.997472994935,510567.3926015818,13639.083315441654,2115179.9626265885
T09_B2,T09,B2,1,S1,2026,988540.5731000715,5025.130832357967,27368.020948043526,0.0,477271.3997079589,478876.0216117111,0.0,17676.997472994935,510567.3926015818,12849.310000011967,2115179.9626265885
T10_B2,T10,B2,1,S1,2020,1014138.838837777,19020.746454754997,15550.149808547076,125.82440664253983,527986.9643258489,451455.15384198347,0.0,19020.746454754997,562683.6849957934,0.0,2017913.1992321243
T10_B2,T10,B2,1,S1,2021,1014138.838837777,7840.0398707071945,16165.378297035366,125.82440664253983,540499.0458485323,449508.55041485943,0.0,19020.746454754997,562683.6849957934,11773.036929201611,2017913.1992321243
T10_B2,T10,B2,1,S1,2022,1014138.838837777,4388.654423403273,16373.557828925637,109.17687279196346,547451.9488598693,445815.5008527867,0.0,19020.746454754997,562683.6849957934,14632.092031351725,2017913.1992321243
T10_B2,T10,B2,1,S1,2023,1014138.838837777,2809.108212160597,20303.944516140808,109.17687279196346,545417.0265025119,445499.5827341714,0.0,19020.746454754997,562683.6849957934,16211.638242594401,2017913.1992321243
T10_B2,T10,B2,1,S1,2024,1014138.838837777,2118.055622744093,20049.124921821145,109.17687279196346,544585.8670013727,447276.6144190469,0.0,19020.746454754997,562683.6849957934,17001.412694803876,2017913.1992321243
T10_B2,T10,B2,1,S1,2025,1014138.838837777,1821.8911864037607,11818.055110138539,109.17687279196346,553267.9690484441,447121.7466199986,0.0,19020.746454754997,562683.6849957934,17396.2985438029,2017913.1992321243
T10_B2,T10,B2,1,S1,2026,1014138.838837777,2710.388561892042,22139.719684017404,109.17687279196346,538391.0773795334,450788.4763395421,0.0,19020.746454754997,562683.6849957934,17692.461286417645,2017913.1992321243
T11_B2,T11,B2,1,S1,2020,988719.3472649067,6889.979432947494,53515.37889688529,14232.464895659803,516862.46490119473,397219.05913821945,0.0,6889.979432947494,591500.2881266873,0.0,2756769.907796612
T11_B2,T11,B2,1,S1,2021,988719.3472649067,1493.2122008379768,57793.002622955915,17348.26043781954,517827.52964669006,394257.34235660324,0.0,6889.979432947494,591500.2881266873,5396.767232109519,2756769.907796612
T11_B2,T11,B2,1,S1,2022,988719.3472649067,544.7090130974265,57793.26981512331,16349.022043474983,522795.17674931535,391237.1696438957,0.0,6889.979432947494,591500.2881266873,6345.270419850069,2756769.907796612
T11_B2,T11,B2,1,S1,2023,988719.3472649067,98.72162628173828,56221.147725183815,15400.50081541772,523432.69893514586,393566.27816287766,0.0,6889.979432947494,591500.2881266873,6791.257806665756,2756769.907796612
T11_B2,T11,B2,1,S1,2024,988719.3472649067,789.7720794677734,48282.70532777075,17127.19692170386,529348.2915626375,393171.3813733269,0.0,6889.979432947494,591500.2881266873,6593.814920313217,2756769.907796612
T11_B2,T11,B2,1,S1,2025,988719.3472649067,394.88607025146484,50386.506363842534,16784.955054159724,522650.53001679055,398502.4697598625,0.0,6889.979432947494,591500.2881266874,6692.536363489487,2756769.907796612
T11_B2,T11,B2,1,S1,2026,988719.3472649067,1085.9367599487305,53449.5669265747,17189.52845067043,519479.0854114906,397515.2297162224,0.0,6889.979432947494,591500.2881266873,6495.09329403148,2756769.907796612
T12_B2,T12,B2,1,S1,2020,1016623.2832849241,192985.1540877997,179632.86246313955,3776.66141462139,317471.8606037513,322756.7447156121,0.0,192985.1540877997,693866.5385693121,0.0,4233270.773875428
T12_B2,T12,B2,1,S1,2021,1016623.2832849241,197145.4039170209,218623.9623748181,5444.509163471295,273738.5750936769,321670.8327359368,0.0,192985.1540877997,693866.5385693121,155.63084671918082,4233270.773875428
T12_B2,T12,B2,1,S1,2022,1016623.2832849241,197054.03721385283,198185.11441518742,4742.216709181841,299808.5220758774,316833.3928708245,0.0,192985.1540877997,693866.5385693121,550.5164286893958,4233270.773875428
T12_B2,T12,B2,1,S1,2023,1016623.2832849241,200263.45626938765,177338.88507454068,4468.500727156095,299550.9812053605,335001.46000847913,0.0,192985.1540877997,693866.5385693121,550.5164286893958,4233270.773875428
T12_B2,T12,B2,1,S1,2024,1016623.2832849241,203695.4853565291,206436.13804096892,4792.933490050072,274845.91986332316,326852.8065340528,0.0,192985.1540877997,693866.5385693121,550.5164286893958,4233270.773875429
T12_B2,T12,B2,1,S1,2025,1016623.2832849241,205219.28212675208,194439.27823118324,4792.9334595324935,245793.89912483367,366377.8903426227,0.0,192985.1540877997,693866.5385693121,550.5164286893958,4233270.773875428
T12_B2,T12,B2,1,S1,2026,1016623.2832849241,207704.74047055712,185447.64433590762,4900.94862272973,280506.648394207,338063.30146152276,0.0,192985.1540877997,693866.5385693121,550.5164286893958,4233270.773875428
T13_B2,T13,B2,1,S1,2022,990370.9108040604,8665.048593349082,23129.084015700395,0.0,447597.51074829116,510979.2674467199,0.0,57464.944018973554,479292.91948801687,49570.69944966634,2748721.1672495226
T13_B2,T13,B2,1,S1,2024,990370.9108040604,10737.813647969564,11503.181746748382,0.0,456854.47638516896,511275.43902417354,0.0,57464.944018973554,479292.91948801687,50007.39577526018,2748721.1672495226
T13_B2,T13,B2,1,S1,2026,990370.9108040604,8566.709267051547,8538.451072094487,0.0,462089.0352948059,511176.7151701086,0.0,57464.944018973554,479292.91948801687,51347.68977559407,2748721.1672495226
T13_B2,T13,B2,1,S1,2020,990370.9108040605,57464.944018973554,29002.868431480263,0.0,392825.1070375631,511077.99131604366,0.0,57464.944018973554,479292.91948801687,0.0,2748721.1672495226
T13_B2,T13,B2,1,S1,2021,990370.9108040605,19836.47667732987,36096.859392233455,0.0,423063.4119478115,511374.16278668575,0.0,57464.944018973554,479292.91948801687,40787.95069607005,2748721.1672495226
T13_B2,T13,B2,1,S1,2023,990370.9108040605,8748.673317374436,12017.691333426681,0.0,458122.3678087123,511482.17834454705,0.0,57464.944018973554,479292.91948801687,49908.67395824358,2748721.1672495226
T13_B2,T13,B2,1,S1,2025,990370.9108040605,9276.733067740646,4965.889569091797,0.0,464852.84914305457,511275.43902417354,0.0,57464.944018973554,479292.91948801687,50719.354163734584,2748721.1672495226
T14_B2,T14,B2,1,S1,2023,1014463.316894591,33664.82708082013,987.2195129394531,0.0,413076.17157844093,566735.0987223906,0.0,53026.689982634896,447728.2181722005,19361.862901814777,3492075.4266138407
T14_B2,T14,B2,1,S1,2020,1014463.3168945911,53026.689982634896,4047.9784295474783,0.0,390653.5497600181,566735.0987223905,0.0,53026.689982634896,447728.2181722005,0.0,3492075.4266138407
T14_B2,T14,B2,1,S1,2021,1014463.3168945911,46703.07198226032,6172.250726587632,0.0,394852.89546335256,566735.0987223905,0.0,53026.689982634896,447728.2181722005,6521.060879097733,3492075.4266138407
T14_B2,T14,B2,1,S1,2022,1014463.3168945911,34948.208794687314,8095.200065612793,0.0,404684.8093119004,566735.0987223905,0.0,53026.689982634896,447728.2181722005,18078.48118794759,3492075.4266138407
T14_B2,T14,B2,1,S1,2024,1014463.3168945911,30873.13451244878,4788.585029213102,0.0,412066.4986305386,566735.0987223905,0.0,53026.689982634896,447728.2181722005,22252.276982026942,3492075.426613841
T14_B2,T14,B2,1,S1,2025,1014463.3168945911,31737.62677702063,493.6094512939453,0.0,415496.9819438859,566735.0987223906,0.0,53026.689982634896,447728.2181722005,22252.276982026942,3492075.4266138407
T14_B2,T14,B2,1,S1,2026,1014463.3168945911,31513.083402715947,1480.8294143676758,0.0,414734.30535511684,566735.0987223905,0.0,53026.689982634896,447728.2181722005,22252.276982026942,3492075.4266138407
T15_B2,T15,B2,1,S1,2020,977937.3374221204,16186.122591833973,85129.82032829736,0.0,332824.7474563001,543796.647045689,0.0,16186.122591833973,434140.69037643133,0.0,3274885.0611850517
T15_B2,T15,B2,1,S1,2021,977937.3374221204,7058.4275336471255,83317.61089094574,0.0,343764.65195183846,543796.647045689,0.0,16186.122591833973,434140.69037643133,9127.69505818685,3274885.0611850517
T15_B2,T15,B2,1,S1,2022,977937.3374221204,4146.324111938477,69554.59767476999,0.0,360439.76858972287,543796.647045689,0.0,16186.122591833973,434140.69037643133,12039.798479895497,3274885.0611850517
T15_B2,T15,B2,1,S1,2023,977937.3374221204,2566.7717666625977,46317.726502063226,0.0,385256.1921077055,543796.647045689,0.0,16186.122591833973,434140.69037643133,13718.072588782215,3274885.0611850517
T15_B2,T15,B2,1,S1,2024,977937.3374221204,2591.5497533162434,71128.73727593516,0.0,360420.40334717993,543796.647045689,0.0,16186.122591833973,434140.69037643133,13816.794382910633,3274885.0611850517
T15_B2,T15,B2,1,S1,2025,977937.3374221204,4267.5023512297985,71251.8501183005,0.0,358621.337906901,543796.647045689,0.0,16186.122591833973,434140.69037643133,14014.237688879872,3274885.0611850517
T15_B2,T15,B2,1,S1,2026,977937.3374221204,4289.183728685566,48162.871961257035,0.0,381688.6346864888,543796.647045689,0.0,16186.122591833973,434140.69037643133,14211.681742529774,3274885.061185052
T16_B2,T16,B2,1,S1,2020,1022134.970265048,52246.94562404856,173684.18472454595,0.0,256621.80237755872,539582.0375388948,0.0,52246.94562404856,482552.93272615323,0.0,3433678.1282121246
T16_B2,T16,B2,1,S1,2021,1022134.970265048,26373.008014304964,159670.64162591673,0.0,296509.28308593156,539582.0375388948,0.0,52246.94562404856,482552.9327261533,28398.504399587597,3433678.1282121246
T16_B2,T16,B2,1,S1,2022,1022134.970265048,18872.09891360414,84366.12217066147,0.0,379314.7116418876,539582.0375388948,0.0,52246.94562404856,482552.9327261533,37105.3700163299,3433678.1282121246
T16_B2,T16,B2,1,S1,2024,1022134.970265048,27381.548131396725,75940.73520295386,0.0,379230.6493918026,539582.0375388948,0.0,52246.94562404856,482552.9327261533,38662.0726489198,3433678.128212124
T16_B2,T16,B2,1,S1,2025,1022134.970265048,42888.2071055992,68709.7010529163,0.0,370550.4612370809,539986.6008694516,0.0,52246.94562404856,482552.9327261532,37280.35836618462,3433678.1282121246
T16_B2,T16,B2,1,S1,2026,1022134.970265048,39180.8975656846,44782.58659192253,0.0,398589.4485685461,539582.0375388948,0.0,52246.94562404856,482552.9327261532,40046.11786555869,3433678.1282121246
T16_B2,T16,B2,1,S1,2023,1022134.9702650481,23333.55930041145,56976.82982070025,0.0,402242.5436050416,539582.0375388948,0.0,52246.94562404856,482552.9327261533,38586.19278549494,3433678.1282121246
T17_B2,T17,B2,1,S1,2020,1000199.0332810344,309115.2791777367,58356.93249215519,1735.9826306511375,124347.41744229187,506643.42153819953,0.0,309115.2791777367,493555.61174283497,0.0,2925189.2886124845
T17_B2,T17,B2,1,S1,2021,1000199.0332810344,295999.25706951664,62773.407430132705,1735.9826306511375,130286.57763917214,509403.8085115619,0.0,309115.2791777367,493555.61174283497,13510.908834599515,2925189.288612484
T17_B2,T17,B2,1,S1,2022,1000199.0332810344,285602.1519095327,69776.73774408078,1735.9826306511375,130496.0352411607,512588.1257556092,0.0,309115.2791777367,493555.61174283497,24539.445736335307,2925189.2886124845
T17_B2,T17,B2,1,S1,2024,1000199.0332810344,256441.10333389585,77308.44276257683,1735.9826306511375,145644.85892806711,519068.6456258437,0.0,309115.2791777367,493555.61174283497,65077.09771076276,2925189.288612484
T17_B2,T17,B2,1,S1,2023,1000199.0332810346,246799.6949877271,81548.85317720899,1735.9826306511375,150825.5748623418,519288.92762310547,0.0,309115.2791777367,493555.61174283497,67093.328286803,2925189.2886124845
T17_B2,T17,B2,1,S1,2025,1000199.0332810346,255950.62177031275,55388.29423325483,1735.9826306511375,168032.64711770456,519091.4875291113,0.0,309115.2791777367,493555.61174283497,77420.74988056257,2925189.2886124845
T17_B2,T17,B2,1,S1,2026,1000199.0332810347,253945.2291857252,46182.72296498617,1735.9826306511375,178848.7243586223,519486.37414104986,0.0,309115.2791777367,493555.61174283497,84880.99538663977,2925189.2886124845
T18_B2,T18,B2,1,S1,2021,988312.306011514,415181.3299300549,98909.33012800029,28263.531505569757,173516.26308345425,272441.85136443493,0.0,425319.48331921146,729396.7335477044,10236.874405086743,4117178.63635954
T18_B2,T18,B2,1,S1,2020,988312.3060115142,425319.48331921146,110088.86441982494,27177.57473371917,166810.81107494878,258915.57246380975,0.0,425319.48331921146,729396.7335477044,0.0,4117178.6363595403
T18_B2,T18,B2,1,S1,2022,988312.3060115142,406616.508315322,111740.44797539804,29152.041591629328,162897.59652464624,277905.7116045185,0.0,425319.48331921146,729396.7335477044,19097.865430525235,4117178.6363595403
T18_B2,T18,B2,1,S1,2023,988312.3060115142,364895.4265785965,120527.71994751575,29152.041591629328,194911.14824108055,278825.969652692,0.0,425319.48331921146,729396.7335477044,61016.39180073458,4117178.6363595403
T18_B2,T18,B2,1,S1,2024,988312.3060115142,376441.45686618576,121552.0233447804,29152.041591629328,181924.62745071112,279242.1567582074,0.0,425319.48331921146,729396.7335477045,51048.35294955385,4117178.6363595403
T18_B2,T18,B2,1,S1,2025,988312.3060115142,377429.8364177031,104261.27613166362,29152.041591629328,190106.12060666556,287363.03126385255,0.0,425319.48331921146,729396.7335477045,53043.68145728019,4117178.63635954
T18_B2,T18,B2,1,S1,2026,988312.3060115142,387784.3849276973,85803.98101082597,29152.041591629328,191298.2269739787,294273.6715073828,0.0,425319.48331921146,729396.7335477044,54788.517178404574,4117178.6363595403
T19_B2,T19,B2,1,S1,2020,1013391.6674978514,580716.1226823393,73417.73965762269,20343.198495064527,290943.4948843563,47971.11177846871,0.0,580716.1226823393,965420.5557193827,0.0,9191280.147625882
T19_B2,T19,B2,1,S1,2021,1013391.6674978514,341485.59509762045,68441.35268569647,20441.921807442457,527030.6973590325,55992.100548059796,0.0,580716.1226823394,965420.5557193828,239230.52758471906,9191280.147625882
T19_B2,T19,B2,1,S1,2022,1013391.6674978514,253768.00336234897,160388.85740679572,20441.921807442457,523107.0203085507,55685.86461271398,0.0,580716.1226823393,965420.5557193827,326948.11931999045,9191280.147625882
T19_B2,T19,B2,1,S1,2023,1013391.6674978514,225854.4931207395,204055.2735381183,20441.921807442457,505259.6290268841,57780.35000466739,0.0,580716.1226823393,965420.5557193827,354960.34992903157,9191280.147625882
T19_B2,T19,B2,1,S1,2024,1013391.6674978514,224783.66189964145,123168.69546248493,20441.921807442457,589276.2928651395,55721.09546314314,0.0,580716.1226823393,965420.5557193827,356031.1811501296,9191280.147625882
T19_B2,T19,B2,1,S1,2025,1013391.6674978514,216720.70077239387,110197.93459688075,20441.921807442457,602899.1765208521,63131.93380028219,0.0,580716.1226823394,965420.5557193828,364192.86526169104,9191280.147625882
T19_B2,T19,B2,1,S1,2026,1013391.6674978514,226841.69362852807,93182.872327079,20441.921807442457,603277.5011682843,69647.67856651754,0.0,580716.1226823393,965420.5557193827,354960.3666301053,9191280.147625882
T20_B2,T20,B2,1,S1,2020,989465.8192725087,495901.2582731658,112647.80583995745,34277.50591032739,251447.32954804663,95191.9197010115,0.0,495901.2582731658,894273.8995714972,0.0,9250363.4633077
T20_B2,T20,B2,1,S1,2022,989465.8192725087,475881.6072847554,122036.97494324332,34474.9524587893,263766.9501771216,93305.33440859924,0.0,495901.25827316585,894273.8995714972,20365.76146258186,9250363.4633077
T20_B2,T20,B2,1,S1,2024,989465.8192725087,389927.0685131896,108827.47553348915,35363.461926867916,362782.32381968776,92565.48947927437,0.0,495901.25827316585,894273.8995714972,105974.18975997626,9250363.463307701
T20_B2,T20,B2,1,S1,2021,989465.8192725088,486653.8189413333,118038.47116549623,34178.78262083764,250392.70959233303,100202.03695250866,0.0,495901.25827316585,894273.8995714972,9346.162064376533,9250363.4633077
T20_B2,T20,B2,1,S1,2023,989465.8192725088,390991.3504112693,110625.74705224129,35363.461926867916,355639.81947198004,96845.44041015026,0.0,495901.2582731658,894273.8995714972,105107.3534261666,9250363.4633077
T20_B2,T20,B2,1,S1,2025,989465.8192725088,384463.00752216415,94388.30733451096,35560.90847532983,371055.5468711105,103998.04906939337,0.0,495901.25827316585,894273.8995714973,112164.92963502175,9250363.463307701
T20_B2,T20,B2,1,S1,2026,989465.8192725088,381198.74264744786,87380.1424426509,35560.90847532983,382413.9341801064,102912.09152697395,0.0,495901.25827316585,894273.8995714972,118275.12629977956,9250363.4633077
T21_B2,T21,B2,1,S1,2020,1000486.6171904022,521929.68526982307,123010.59234978171,42090.58513482785,178871.19262446993,134584.56181149953,0.0,521929.68526982307,865902.055378902,0.0,1.0233344490068322E7
T21_B2,T21,B2,1,S1,2021,1000486.6171904022,510183.174980313,120915.77969626631,41498.24548944211,199471.00420059514,128418.41282378553,0.0,521929.68526982307,865902.055378902,12141.393979390461,1.0233344490068322E7
T21_B2,T21,B2,1,S1,2022,1000486.6171904022,500659.73411667754,154557.91108452293,41138.970088704424,181238.94406884894,122891.0578316483,0.0,521929.68526982307,865902.055378902,23292.796798945412,1.0233344490068322E7
T21_B2,T21,B2,1,S1,2024,1000486.6171904022,505871.2163702571,115157.30717333624,41399.5221465466,203266.11171450157,134792.4597857606,0.0,521929.68526982307,865902.055378902,29087.191218985758,1.0233344490068322E7
T21_B2,T21,B2,1,S1,2025,1000486.6171904022,509046.99167315895,116072.89509247427,41596.968695008516,195280.3998362224,138489.36189353795,0.0,521929.68526982307,865902.055378902,29305.941890821265,1.0233344490068322E7
T21_B2,T21,B2,1,S1,2023,1000486.6171904025,507749.2423995074,124335.86377671188,41794.41531213498,193632.30866687262,132974.78703517542,0.0,521929.6852698232,865902.0553789021,24644.687343253343,1.0233344490068322E7
T21_B2,T21,B2,1,S1,2026,1000486.6171904025,512126.7561341229,91260.50792281207,41498.24548944211,211188.34226995741,144412.76537406773,0.0,521929.6852698232,865902.0553789021,27734.893085045904,1.0233344490068322E7
T22_B2,T22,B2,1,S1,2020,1000312.4517675061,528968.8848728553,110454.23188910392,43255.5190544278,164673.09818234912,152960.71776877012,0.0,528968.8848728553,847351.7339987361,0.0,1.0344584457724296E7
T22_B2,T22,B2,1,S1,2021,1000312.4517675061,510864.61561069847,111225.43650404985,42465.732860580145,182006.5490683163,153750.1177238614,0.0,528968.8848728553,847351.7339987361,18499.161397776883,1.0344584457724296E7
T22_B2,T22,B2,1,S1,2022,1000312.4517675061,508458.8682200411,125088.44545994178,43516.07094442331,153422.9079368741,169826.15920622583,0.0,528968.8848728553,847351.7339987361,21201.46453217151,1.0344584457724296E7
T22_B2,T22,B2,1,S1,2023,1000312.4517675061,503596.6581841261,118074.08643119663,43650.41212083405,164276.6255254409,170714.66950590844,0.0,528968.8848728553,847351.733998736,26063.67481222714,1.0344584457724296E7
T22_B2,T22,B2,1,S1,2024,1000312.4517675061,501377.55886403983,132809.38079926732,43650.41212083405,157921.5441644108,164553.55581895416,0.0,528968.8848728553,847351.733998736,28581.265150272146,1.0344584457724296E7
T22_B2,T22,B2,1,S1,2025,1000312.4517675061,502435.23879879207,130381.19826540476,43650.41212083405,159251.78376931584,164593.81881315942,0.0,528968.8848728553,847351.7339987361,28559.982595196892,1.0344584457724296E7
T22_B2,T22,B2,1,S1,2026,1000312.4517675061,515804.2782365985,112278.0729134653,43650.41212083405,158378.76751975267,170200.92097685573,0.0,528968.8848728553,847351.7339987361,26388.073804608513,1.0344584457724296E7
T23_B2,T23,B2,1,S1,2021,997504.5658321608,547207.8234775917,134083.10380138323,36112.58917804793,103088.54891620713,177012.50045893053,0.0,560252.0300460217,816738.2535691505,13537.822268198051,1.0288612460495891E7
T23_B2,T23,B2,1,S1,2024,997504.5658321608,524178.6376608456,154061.5660927866,37593.43792530135,98983.95760112091,182686.96655210608,0.0,560252.0300460217,816738.2535691505,36468.28441398471,1.0288612460495891E7
T23_B2,T23,B2,1,S1,2020,997504.5658321609,560252.0300460218,107056.21036227356,36316.617276090736,113113.39588476444,180766.31226301007,0.0,560252.0300460218,816738.2535691505,0.0,1.028861246049589E7
T23_B2,T23,B2,1,S1,2022,997504.5658321609,531866.6544719023,158405.35240023743,37297.26817890242,88729.17515827247,181206.11562284583,0.0,560252.0300460217,816738.2535691505,29866.2208805159,1.0288612460495891E7
T23_B2,T23,B2,1,S1,2025,997504.5658321609,510370.57710786717,153691.04342585546,37494.71468158797,107087.76161621693,188860.4690006331,0.0,560252.0300460218,816738.2535691505,50078.899028852866,1.028861246049589E7
T23_B2,T23,B2,1,S1,2023,997504.565832161,523536.7453484929,152576.04282917696,37593.43792530135,97162.4374165853,186635.90231260413,0.0,560252.0300460218,816738.2535691506,37406.34541987998,1.028861246049589E7
T23_B2,T23,B2,1,S1,2026,997504.565832161,518208.4138469922,137806.68404164034,37593.43792530135,112646.45509413179,191249.574924095,0.0,560252.0300460218,816738.2535691505,43487.29556995466,1.028861246049589E7
T24_B2,T24,B2,1,S1,2021,1003303.013644409,601600.6062293558,47228.44078357173,39387.87039510689,102412.61589211854,212673.4803442562,0.0,602403.5702902102,786629.1074560727,2295.7949633130843,1.063492489118509E7
T24_B2,T24,B2,1,S1,2022,1003303.013644409,598566.9268007467,55046.12272955204,41559.78139059029,94363.00227729949,213767.18044622082,0.0,602403.5702902102,786629.1074560727,4941.169706696155,1.063492489118509E7
T24_B2,T24,B2,1,S1,2024,1003303.013644409,587395.9004577338,51286.5261162253,42349.567164821245,104738.02680406757,217532.99310156127,0.0,602403.5702902102,786629.1074560727,17535.7369951136,1.063492489118509E7
T24_B2,T24,B2,1,S1,2023,1003303.0136444091,596786.7923052919,52019.00824010514,42152.12071554146,91554.2284933352,220790.8638901355,0.0,602403.5702902103,786629.1074560727,6341.118068829705,1.063492489118509E7
T24_B2,T24,B2,1,S1,2026,1003303.0136444091,563314.8862382778,50020.48824388093,42053.39743368111,124807.0567898021,223107.18493876734,0.0,602403.5702902103,786629.1074560727,41434.791757860374,1.063492489118509E7
T24_B2,T24,B2,1,S1,2020,1003303.0136444092,602403.5702902102,45257.82316275204,38591.50276611926,100376.21123699113,216673.90618833652,0.0,602403.5702902102,786629.1074560729,0.0,1.063492489118509E7
T24_B2,T24,B2,1,S1,2025,1003303.0136444092,573659.2720656452,50700.77044474285,41757.22770254097,117830.04628568166,219355.6971457986,0.0,602403.5702902102,786629.1074560729,29540.64873202455,1.063492489118509E7
T25_B2,T25,B2,1,S1,2020,1015488.4400514191,515836.0519742481,22158.884168497723,14805.392379611148,30835.950888719748,431852.1606403426,0.0,515836.0519742481,583636.2794110766,0.0,7625182.750062771
T25_B2,T25,B2,1,S1,2021,1015488.4400514191,503905.48497658543,27057.83893354828,14805.392379611148,40257.44270160152,429462.281060073,0.0,515836.0519742481,583636.2794110766,13031.211936950684,7625182.750062771
T25_B2,T25,B2,1,S1,2022,1015488.4400514191,499024.0115487792,24994.340717629828,14805.392379611148,45803.63979094262,430861.05561445653,0.0,515836.0519742481,583636.2794110766,17496.505728119497,7625182.750062771
T25_B2,T25,B2,1,S1,2023,1015488.4400514191,485086.9346074126,26849.032573565313,14805.392379611148,52595.22758364211,436151.85290718824,0.0,515836.0519742481,583636.2794110766,31617.473738187902,7625182.750062771
T25_B2,T25,B2,1,S1,2024,1015488.4400514191,472383.2881923902,24196.472494087968,14805.392379611148,72736.2258690329,431367.06111629715,0.0,515836.0519742481,583636.2794110766,44499.593061559346,7625182.750062771
T25_B2,T25,B2,1,S1,2025,1015488.4400514191,469289.6436310713,20185.197606584137,14805.392379611148,75579.39360354553,435628.8128306072,0.0,515836.0519742481,583636.2794110766,47612.207448293644,7625182.750062771
T25_B2,T25,B2,1,S1,2026,1015488.4400514191,453044.80112962925,28135.14275838815,14805.392379611148,83598.64010425641,435904.46367953427,0.0,515836.0519742481,583636.2794110766,63874.4723053876,7625182.750062771
T26_B2,T26,B2,1,S1,2021,987625.3284833715,309907.746799095,10661.939819335938,0.0,20750.891573947083,646304.7502909936,0.0,330026.04652641143,341320.5781923779,20118.299727316466,4405977.471654555
T26_B2,T26,B2,1,S1,2022,987625.3284833715,308821.80982552323,9872.168891906738,0.0,22626.59947494806,646304.7502909936,0.0,330026.04652641143,341320.5781923779,21401.6802586275,4405977.471654555
T26_B2,T26,B2,1,S1,2023,987625.3284833715,304970.1089613073,15596.485825811647,0.0,20753.983405259078,646304.7502909936,0.0,330026.04652641143,341320.5781923779,25549.54648234049,4405977.471654555
T26_B2,T26,B2,1,S1,2024,987625.3284833715,312076.53045606427,7021.628578604904,0.0,22222.41915770886,646304.7502909936,0.0,330026.04652641143,341320.5781923779,18936.73354623832,4405977.471654555
T26_B2,T26,B2,1,S1,2025,987625.3284833715,311817.535836044,4738.641036987305,0.0,24764.40131934671,646304.7502909936,0.0,330026.04652641143,341320.5781923779,19590.61492315554,4405977.471654555
T26_B2,T26,B2,1,S1,2020,987625.3284833718,330026.04652641143,2764.2057571411133,0.0,8530.325908825444,646304.7502909936,0.0,330026.04652641143,341320.5781923779,0.0,4405977.471654555
T26_B2,T26,B2,1,S1,2026,987625.3284833718,313199.6394966275,2282.987396659103,0.0,25837.95129909141,646304.7502909936,0.0,330026.04652641143,341320.5781923779,18899.563409483664,4405977.471654555
T27_B2,T27,B2,1,S1,2021,1013678.1794848571,466965.3329622755,37.552804655187266,0.0,21850.70602530685,524824.5876926197,0.0,470258.7295374253,488853.59179223754,7506.298060338638,5564482.308576817
T27_B2,T27,B2,1,S1,2020,1013678.1794848574,470258.7295374253,4212.901485188802,0.0,14381.9607696234,524824.5876926198,0.0,470258.7295374253,488853.59179223754,0.0,5564482.308576817
T27_B2,T27,B2,1,S1,2022,1013678.1794848574,465920.82337957644,292.29289425120635,0.0,22640.47551840988,524824.5876926198,0.0,470258.7295374253,488853.59179223754,8452.08590994442,5564482.308576817
T27_B2,T27,B2,1,S1,2023,1013678.1794848574,462783.40475260414,3528.4330559524833,0.0,22541.753983680872,524824.5876926197,0.0,470258.7295374253,488853.59179223754,11688.226270009956,5564482.308576817
T27_B2,T27,B2,1,S1,2024,1013678.1794848574,458078.0823080324,451.40880719353174,0.0,30324.100677011527,524824.5876926197,0.0,470258.7295374253,488853.59179223754,16307.215477707807,5564482.308576817
T27_B2,T27,B2,1,S1,2025,1013678.1794848574,457252.6956759883,0.0,0.0,31600.896116249238,524824.5876926198,0.0,470258.7295374253,488853.5917922375,17218.935346625833,5564482.308576817
T27_B2,T27,B2,1,S1,2026,1013678.1794848574,456627.07409054623,757.2499875236961,0.0,31469.26771416758,524824.5876926197,0.0,470258.7295374253,488853.59179223754,17844.55693206787,5564482.308576817
T28_B2,T28,B2,1,S1,2020,1002231.1295686011,429210.5908998676,29574.674612097646,0.0,57425.202163696296,486020.66189293965,0.0,429210.5908998676,516210.46767566167,0.0,3820643.3465623767
T28_B2,T28,B2,1,S1,2021,1002231.1295686011,431991.91485838045,11004.921838319067,0.0,75582.94469203576,483651.3481798659,0.0,429210.5908998676,516210.46767566167,18724.13482058656,3820643.3465623767
T28_B2,T28,B2,1,S1,2022,1002231.1295686011,419391.9507280835,24231.2827241187,0.0,75746.31926832013,482861.5768480788,0.0,429210.5908998676,516210.46767566167,28706.617993612846,3820643.3465623767
T28_B2,T28,B2,1,S1,2023,1002231.1295686011,422873.1646525064,14864.725722638297,0.0,80052.11946818033,484441.1197252761,0.0,429210.5908998676,516210.46767566167,32292.32330462886,3820643.3465623767
T28_B2,T28,B2,1,S1,2024,1002231.1295686011,421099.6441096286,16291.755531640145,0.0,81978.15307925355,482861.5768480788,0.0,429210.5908998676,516210.46767566167,37944.226039602254,3820643.3465623767
T28_B2,T28,B2,1,S1,2025,1002231.1295686011,421318.37624000094,8881.844990928501,0.0,82456.2762451471,489574.6320925246,0.0,429210.5908998676,516210.46767566167,42859.00587212059,3820643.3465623767
T28_B2,T28,B2,1,S1,2026,1002231.1295686011,424172.0151191561,7353.397998046876,0.0,78860.48935002346,491845.2271013747,0.0,429210.5908998676,516210.46767566167,42372.360902075685,3820643.3465623767
T29_B2,T29,B2,1,S1,2020,989274.1599527699,402409.9483941173,4448.6442498300585,0.0,88379.49670248592,494036.0706063364,0.0,402409.9483941173,495238.0893464334,0.0,5445019.418691271
T29_B2,T29,B2,1,S1,2021,989274.1599527699,384682.3061893538,3483.515927363377,0.0,107072.26722971597,494036.0706063364,0.0,402409.9483941173,495238.0893464334,22077.565118228686,5445019.418691271
T29_B2,T29,B2,1,S1,2022,989274.1599527699,381784.15148485976,5093.256793422325,0.0,108360.68106815113,494036.0706063364,0.0,402409.9483941173,495238.0893464334,24975.71982272279,5445019.418691271
T29_B2,T29,B2,1,S1,2023,989274.1599527699,377143.84524682735,4955.048011779785,0.0,113139.19608782599,494036.0706063364,0.0,402409.9483941173,495238.0893464334,30010.91102474437,5445019.418691271
T29_B2,T29,B2,1,S1,2024,989274.1599527699,374330.4735984353,2220.267584408031,0.0,118687.34816358976,494036.0706063364,0.0,402409.9483941173,495238.0893464334,33021.72498728434,5445019.418691271
T29_B2,T29,B2,1,S1,2025,989274.1599527699,375268.13694909785,507.15768372778797,0.0,119462.79471360748,494036.0706063364,0.0,402409.9483941173,495238.0893464334,32084.06163662181,5445019.418691271
T29_B2,T29,B2,1,S1,2026,989274.1599527699,374577.08784631465,2227.6189447739544,0.0,118433.38255534452,494036.0706063364,0.0,402409.9483941173,495238.0893464334,32676.389319116926,5445019.418691271
T30_B2,T30,B2,1,S1,2020,1001277.132742998,433498.51419689716,3624.8185384413773,0.0,22944.01727989047,541209.7827277689,0.0,433498.51419689716,460067.3500152291,0.0,4162051.244226016
T30_B2,T30,B2,1,S1,2021,1001277.132742998,411650.9604769839,11129.980662087832,0.0,66741.80081649481,511754.39078743133,0.0,433498.51419689716,460067.3500152291,24997.73387795243,4162051.244226016
T30_B2,T30,B2,1,S1,2022,1001277.132742998,407614.22828001156,17668.437191802383,0.0,70653.49051202512,505340.97675915883,0.0,433498.51419689716,460067.3500152291,29231.91006753959,4162051.244226016
T30_B2,T30,B2,1,S1,2023,1001277.132742998,392775.43192548584,27402.766639559875,0.0,70097.92388685638,511001.01029109576,0.0,433498.51419689716,460067.3500152291,43984.37316885554,4162051.244226016
T30_B2,T30,B2,1,S1,2024,1001277.132742998,395712.30395636486,35485.52622905058,0.0,64663.99492091759,505415.3076366649,0.0,433498.51419689716,460067.3500152291,43040.12898990406,4162051.244226016
T30_B2,T30,B2,1,S1,2025,1001277.132742998,387857.1851116406,25272.295763083068,0.0,62654.32809373444,525493.3237745397,0.0,433498.51419689716,460067.3500152291,49142.650140051745,4162051.244226016
T30_B2,T30,B2,1,S1,2026,1001277.132742998,370620.0554048427,35405.365281767,0.0,74055.3199460198,521196.3921103683,0.0,433498.51419689716,460067.3500152291,65744.86639634674,4162051.244226016
T31_B2,T31,B2,1,S1,2023,1013574.7515111287,395357.0256205243,12895.34294092515,0.0,58217.285648211306,547105.0973014683,0.0,425863.80414186383,456523.92672672635,31592.71240500656,4259597.204100483
T31_B2,T31,B2,1,S1,2020,1013574.7515111289,425863.80414186383,296.16378021240234,0.0,30363.9588046504,557050.8247844024,0.0,425863.80414186383,456523.92672672635,0.0,4259597.204100483
T31_B2,T31,B2,1,S1,2021,1013574.7515111289,417316.4765339872,1184.654441833496,0.0,40042.524253186995,555031.0962821214,0.0,425863.80414186383,456523.92672672635,8843.49162460028,4259597.204100483
T31_B2,T31,B2,1,S1,2022,1013574.7515111289,399370.91659109097,13400.951399709664,0.0,94237.40950012207,506565.47402020637,0.0,425863.80414186383,456523.92672672635,26986.494102896893,4259597.204100483
T31_B2,T31,B2,1,S1,2024,1013574.7515111289,395295.0822576487,14130.325736760158,0.0,72024.72140571743,532124.6221110027,0.0,425863.80414186383,456523.92672672635,33727.80355688357,4259597.204100483
T31_B2,T31,B2,1,S1,2025,1013574.7515111289,388899.87934471597,10427.308433173685,0.0,53890.58133637671,560356.9823968626,0.0,425863.80414186383,456523.92672672635,38938.34976205265,4259597.204100483
T31_B2,T31,B2,1,S1,2026,1013574.7515111289,376572.87599924137,10973.181366056555,0.0,78490.39067179362,547538.3034740374,0.0,425863.80414186383,456523.92672672635,50080.69816978305,4259597.204100483
T32_B2,T32,B2,1,S1,2021,989220.8737799252,440847.0357037113,11781.88333940693,0.0,18413.25894350538,518178.69579330157,0.0,453834.4798600738,471599.66401253483,20901.41312602922,5540811.378846083
T32_B2,T32,B2,1,S1,2024,989220.8737799252,413637.5059531717,16304.095830371334,0.0,39699.507789671654,519579.7642067106,0.0,453834.4798600738,471599.66401253483,49148.48509270163,5540811.378846083
T32_B2,T32,B2,1,S1,2020,989220.8737799253,453834.4798600738,10536.465499429143,0.0,7228.718653031891,517621.2097673904,0.0,453834.4798600738,471599.66401253483,0.0,5540811.378846083
T32_B2,T32,B2,1,S1,2022,989220.8737799253,412137.3326830696,28622.958278461534,0.0,31782.840090433754,516677.74272796046,0.0,453834.4798600738,471599.66401253483,48821.345669376155,5540811.378846083
T32_B2,T32,B2,1,S1,2023,989220.8737799253,415022.31623337686,23979.575444479553,0.0,27528.141494062835,522690.8406080061,0.0,453834.4798600738,471599.6640125349,46875.18246477912,5540811.378846083
T32_B2,T32,B2,1,S1,2025,989220.8737799253,412240.6905221378,12538.361888331994,0.0,33520.32854443719,530921.4928250184,0.0,453834.4798600738,471599.66401253483,50210.808934739056,5540811.378846083
T32_B2,T32,B2,1,S1,2026,989220.8737799253,411070.7441248276,14612.284882369695,0.0,37536.933155014936,526000.911617713,0.0,453834.4798600738,471599.66401253483,51045.10250917323,5540811.378846083
T33_B2,T33,B2,1,S1,2020,1015242.5031425626,443535.2970578661,14849.960317215264,0.0,46307.909687715415,510549.33607976575,0.0,443535.2970578661,504693.1670627968,0.0,5850755.587514959
T33_B2,T33,B2,1,S1,2021,1015242.5031425626,435202.0722196691,16644.363509324015,0.0,46305.57861411899,517090.48879945045,0.0,443535.2970578661,504693.1670627968,11788.463615357641,5850755.587514959
T33_B2,T33,B2,1,S1,2022,1015242.5031425626,423477.86750248924,20154.968542600145,0.0,65798.94918176987,505810.71791570325,0.0,443535.29705786606,504693.1670627968,22722.899304827522,5850755.587514958
T33_B2,T33,B2,1,S1,2023,1015242.5031425626,428794.4896548402,16834.83678903019,0.0,44170.87734826779,525442.2993504243,0.0,443535.2970578661,504693.1670627968,19725.256161319514,5850755.587514959
T33_B2,T33,B2,1,S1,2024,1015242.5031425626,431369.7547193939,17304.44341511446,0.0,55426.643656682034,511141.6613513722,0.0,443535.2970578661,504693.1670627968,18719.07491984648,5850755.587514959
T33_B2,T33,B2,1,S1,2025,1015242.5031425626,433038.3358113607,15099.670120299095,0.0,39722.617404474,527381.8798064288,0.0,443535.29705786606,504693.1670627968,18766.69302529728,5850755.587514958
T33_B2,T33,B2,1,S1,2026,1015242.5031425626,432247.01645986526,14436.884805208094,0.0,39395.093069577684,529163.5088079115,0.0,443535.2970578661,504693.1670627968,19794.939598472447,5850755.587514959
T34_B2,T34,B2,1,S1,2020,1002897.3050838695,500101.9384184594,0.0,0.0,789.7675628662109,502005.599102544,0.0,500101.9384184594,500891.7059813256,0.0,7486216.959705426
T34_B2,T34,B2,1,S1,2021,1002897.3050838695,499805.7760267968,0.0,0.0,1085.9299545288086,502005.599102544,0.0,500101.9384184594,500891.7059813256,296.16239166259766,7486216.959705426
T34_B2,T34,B2,1,S1,2022,1002897.3050838695,486480.4241660024,0.0,0.0,14411.281815323175,502005.599102544,0.0,500101.9384184594,500891.7059813256,13621.514252456964,7486216.959705426
T34_B2,T34,B2,1,S1,2023,1002897.3050838695,485197.0530035879,296.1622085571289,0.0,15398.490769180597,502005.59910254396,0.0,500101.9384184594,500891.7059813256,14904.885414871515,7486216.959705426
T34_B2,T34,B2,1,S1,2024,1002897.3050838695,483307.4296951593,0.0,0.0,17584.27628616632,502005.599102544,0.0,500101.9384184594,500891.7059813256,16794.50872330011,7486216.959705426
T34_B2,T34,B2,1,S1,2025,1002897.3050838695,483221.0978060255,0.0,0.0,17670.60817530015,502005.599102544,0.0,500101.9384184594,500891.7059813256,16880.840612433938,7486216.959705426
T34_B2,T34,B2,1,S1,2026,1002897.3050838695,483221.0978060255,0.0,0.0,17670.60817530015,502005.599102544,0.0,500101.9384184594,500891.7059813256,16880.840612433938,7486216.959705426
T35_B2,T35,B2,1,S1,2020,987685.9323200299,451379.73538381525,98.72071075439453,0.0,3455.2276000976562,532752.2486253628,0.0,451379.73538381525,454933.6836946673,0.0,5174859.94108079
T35_B2,T35,B2,1,S1,2021,987685.9323200299,451083.5729463763,296.1623001098633,0.0,3652.669258117676,532653.5278154262,0.0,451379.73538381525,454933.6836946673,296.16243743896484,5174859.94108079
T35_B2,T35,B2,1,S1,2022,987685.9323200299,450096.3656480975,2566.7398986816406,0.0,2369.298957824707,532653.5278154262,0.0,451379.73538381525,454933.6836946673,1283.3697357177734,5174859.94108079
T35_B2,T35,B2,1,S1,2023,987685.9323200299,448738.2755006976,768.0867377786076,0.0,5526.0422661276425,532653.5278154262,0.0,451379.73538381525,454933.6836946673,3036.3430923461915,5174859.94108079
T35_B2,T35,B2,1,S1,2024,987685.9323200299,448914.04015595664,592.3247756958008,0.0,5526.039572951373,532653.5278154262,0.0,451379.73538381525,454933.6836946673,2959.2993004294003,5174859.94108079
T35_B2,T35,B2,1,S1,2025,987685.9323200299,449308.9234033321,394.8828353881836,0.0,5328.598265883502,532653.5278154262,0.0,451379.73538381525,454933.6836946673,2959.2993004294003,5174859.94108079
T35_B2,T35,B2,1,S1,2026,987685.9323200299,428959.26522339456,5294.148298076555,0.0,20778.990983132757,532653.5278154262,0.0,451379.73538381525,454933.6836946673,22420.470160420737,5174859.94108079
T36_B2,T36,B2,1,S1,2020,1000162.6061812458,477333.64483528887,0.0,0.0,26104.24490670597,496724.716439251,0.0,477333.64483528887,503437.88974199485,0.0,5425949.833119114
T36_B2,T36,B2,1,S1,2021,1000162.6061812458,477037.4851902083,98.71997833251953,0.0,37508.512954771766,485517.8880579332,0.0,477333.64483528887,503437.88974199485,296.1596450805664,5425949.833119114
T36_B2,T36,B2,1,S1,2022,1000162.6061812458,476687.9005085066,946.5498407700483,0.0,37548.38747881722,484979.76835315186,0.0,477333.64483528887,503437.88974199485,645.7443267822266,5425949.833119113
T36_B2,T36,B2,1,S1,2023,1000162.6061812458,477092.846005279,98.71978759765625,0.0,35997.132369965206,486973.90801840404,0.0,477333.64483528887,503437.88974199485,541.6043134801528,5425949.833119114
T36_B2,T36,B2,1,S1,2024,1000162.6061812458,476697.96617587225,197.43997192382812,0.0,37334.68867229387,485932.5113611559,0.0,477333.64483528887,503437.88974199485,837.7641798131606,5425949.833119114
T36_B2,T36,B2,1,S1,2025,1000162.6061812458,476895.4061477961,98.71978759765625,0.0,29475.818134622023,493692.6621112301,0.0,477333.64483528887,503437.88974199485,640.3242078893325,5425949.833119114
T36_B2,T36,B2,1,S1,2026,1000162.6061812458,476002.2808019601,197.44019317626953,0.0,34951.47749373493,489011.40769237455,0.0,477333.64483528887,503437.88974199485,1528.8039213292739,5425949.833119114
T37_B2,T37,B2,1,S1,2020,1012893.0964698642,501533.9079923144,1179.9904686422908,0.0,5150.068875241747,505029.1291336659,0.0,501533.9079923144,507863.96733619843,0.0,4868098.296556959
T37_B2,T37,B2,1,S1,2021,1012893.0964698642,497206.88970866485,457.20758993111406,0.0,10199.87003760244,505029.1291336658,0.0,501533.9079923144,507863.96733619843,4327.01828364952,4868098.296556959
T37_B2,T37,B2,1,S1,2022,1012893.0964698642,496812.0110160379,439.3993821985581,0.0,10612.55693796195,505029.1291336658,0.0,501533.9079923144,507863.96733619843,4721.896976276473,4868098.296556959
T37_B2,T37,B2,1,S1,2023,1012893.0964698642,497152.69072507974,170.72695303524242,0.0,10540.549658083446,505029.1291336658,0.0,501533.9079923144,507863.96733619843,4721.896976276473,4868098.296556959
T37_B2,T37,B2,1,S1,2024,1012893.0964698642,497125.97836994845,0.0,0.0,10737.98896624995,505029.1291336658,0.0,501533.9079923144,507863.96733619843,4721.896976276473,4868098.296556959
T37_B2,T37,B2,1,S1,2025,1012893.0964698642,497019.9031191658,234.99147024715649,0.0,10609.07274678548,505029.1291336658,0.0,501533.9079923144,507863.96733619843,4721.896976276473,4868098.296556959
T37_B2,T37,B2,1,S1,2026,1012893.0964698642,494308.7892278335,493.5987548828125,0.0,13061.579353482113,505029.1291336658,0.0,501533.9079923144,507863.96733619843,7225.118764480891,4868098.296556959
T38_B2,T38,B2,1,S1,2020,987897.6687366557,493865.31333366846,0.0,0.0,0.0,494032.35540298745,0.0,493865.31333366846,493865.31333366846,0.0,6491097.051729927
T38_B2,T38,B2,1,S1,2024,987897.6687366557,493075.5562535903,0.0,0.0,789.757080078125,494032.35540298745,0.0,493865.3133336684,493865.3133336684,789.757080078125,6491097.051729927
T38_B2,T38,B2,1,S1,2021,987897.6687366558,493865.31333366846,0.0,0.0,0.0,494032.35540298745,0.0,493865.31333366846,493865.31333366846,0.0,6491097.051729927
T38_B2,T38,B2,1,S1,2022,987897.6687366558,493075.5562535903,0.0,0.0,789.757080078125,494032.35540298745,0.0,493865.3133336684,493865.3133336684,789.757080078125,6491097.051729927
T38_B2,T38,B2,1,S1,2023,987897.6687366558,493075.55625359033,0.0,0.0,789.757080078125,494032.35540298745,0.0,493865.31333366846,493865.31333366846,789.757080078125,6491097.051729927
T38_B2,T38,B2,1,S1,2025,987897.6687366558,493075.5562535903,0.0,0.0,789.757080078125,494032.35540298745,0.0,493865.3133336684,493865.3133336684,789.757080078125,6491097.051729927
T38_B2,T38,B2,1,S1,2026,987897.6687366558,493075.5562535903,0.0,0.0,789.757080078125,494032.35540298745,0.0,493865.3133336684,493865.3133336684,789.757080078125,6491097.051729927
T39_B2,T39,B2,1,S1,2020,1013019.3030233346,499800.39353607775,22023.601931583173,0.0,0.0,491195.3075556736,0.0,499800.39353607775,521823.99546766095,0.0,6270128.975407083
T39_B2,T39,B2,1,S1,2021,1013019.3030233346,504879.93637381156,13686.310902015835,0.0,3257.748191833496,491195.3075556736,0.0,499800.3935360777,521823.99546766095,4639.814674377441,6270128.975407082
T39_B2,T39,B2,1,S1,2022,1013019.3030233346,498923.9000259399,19642.347249887498,0.0,3257.748191833496,491195.3075556736,0.0,499800.3935360777,521823.99546766095,4759.049023976046,6270128.975407082
T39_B2,T39,B2,1,S1,2023,1013019.3030233346,511075.22654631373,7491.02072951373,0.0,3257.748191833496,491195.3075556736,0.0,499800.3935360777,521823.99546766095,3356.4670944213867,6270128.975407082
T39_B2,T39,B2,1,S1,2024,1013019.3030233346,517973.9338374119,592.3134384155273,0.0,3257.748191833496,491195.3075556736,0.0,499800.3935360777,521823.99546766095,3257.748191833496,6270128.975407082
T39_B2,T39,B2,1,S1,2025,1013019.3030233346,518072.6530604344,493.5942153930664,0.0,3257.748191833496,491195.3075556736,0.0,499800.3935360777,521823.99546766095,3257.748191833496,6270128.975407082
T39_B2,T39,B2,1,S1,2026,1013019.3030233346,517973.93352460675,592.3137512207031,0.0,3257.748191833496,491195.3075556736,0.0,499800.3935360777,521823.99546766095,3652.624153137207,6270128.975407082
T40_B2,T40,B2,1,S1,2020,1000613.4178946401,498277.30296355597,1963.537423317105,0.0,0.0,500372.577507767,0.0,498277.30296355597,500240.8403868731,0.0,5713532.867977129
T40_B2,T40,B2,1,S1,2021,1000613.4178946401,495925.4659688314,1085.9054412841797,0.0,3229.468976757573,500372.577507767,0.0,498277.302963556,500240.8403868731,4117.936864635991,5713532.867977129
T40_B2,T40,B2,1,S1,2022,1000613.4178946401,479931.46343171364,3988.2405758726836,0.0,16321.136379286821,500372.577507767,0.0,498277.302963556,500240.8403868731,19263.343794430002,5713532.867977129
T40_B2,T40,B2,1,S1,2023,1000613.4178946401,482142.76444002043,4047.4726028442383,0.0,14050.603344008501,500372.577507767,0.0,498277.302963556,500240.8403868731,17703.200328871782,5713532.867977129
T40_B2,T40,B2,1,S1,2024,1000613.4178946401,482537.6397451962,3146.2270548203414,0.0,14556.973586856617,500372.577507767,0.0,498277.302963556,500240.8403868731,17308.325023696,5713532.867977129
T40_B2,T40,B2,1,S1,2025,1000613.4178946401,483068.3988686057,2430.8057645909926,0.0,14741.63575367647,500372.577507767,0.0,498277.302963556,500240.8403868731,16777.565900286507,5713532.867977129
T40_B2,T40,B2,1,S1,2026,1000613.4178946401,477376.39167351817,7036.906732566684,0.0,15827.541980788286,500372.577507767,0.0,498277.302963556,500240.8403868731,22370.85429196825,5713532.867977129
T41_B2,T41,B2,1,S1,2020,988769.4273284312,489692.3751642562,1339.0861024145986,0.0,3376.55757449281,494361.40848726744,0.0,489692.3751642562,494408.01884116366,0.0,6985896.457404043
T41_B2,T41,B2,1,S1,2021,988769.4273284312,485421.15591029736,1023.9621975169462,0.0,7962.900733349369,494361.40848726744,0.0,489692.37516425626,494408.01884116366,5185.62279250201,6985896.457404043
T41_B2,T41,B2,1,S1,2022,988769.4273284312,481823.5464516732,531.9181589463178,0.0,12052.554230544145,494361.40848726744,0.0,489692.37516425626,494408.01884116366,8427.071838319067,6985896.457404043
T41_B2,T41,B2,1,S1,2023,988769.4273284312,482028.725804527,1017.7677825329351,0.0,11361.525254103715,494361.4084872675,0.0,489692.3751642562,494408.01884116366,8295.834462005017,6985896.457404043
T41_B2,T41,B2,1,S1,2024,988769.4273284312,481285.0457293341,394.87403869628906,0.0,12728.099073133282,494361.40848726744,0.0,489692.3751642562,494408.01884116366,9516.459939964145,6985896.457404043
T41_B2,T41,B2,1,S1,2025,988769.4273284312,481058.9614451987,296.1553192138672,0.0,13052.90207675111,494361.4084872675,0.0,489692.3751642562,494408.01884116366,9742.544224099553,6985896.457404043
T41_B2,T41,B2,1,S1,2026,988769.4273284312,479183.3069575889,394.87474822998047,0.0,14829.83713534486,494361.40848726744,0.0,489692.3751642562,494408.01884116366,11716.917156533635,6985896.457404043
T42_B2,T42,B2,1,S1,2020,1002035.6697285969,481555.6218034333,1674.3409451652976,0.0,19298.471973045198,499507.2350069531,0.0,481555.6218034333,502528.43472164375,0.0,4977032.416233916
T42_B2,T42,B2,1,S1,2021,1002035.6697285969,464977.1265991211,940.3408702775544,0.0,36610.967252245144,499507.2350069531,0.0,481555.6218034333,502528.4347216438,17759.244646768013,4977032.416233916
T42_B2,T42,B2,1,S1,2022,1002035.6697285969,439538.36357176537,98.71837615966797,0.0,62891.352773718754,499507.2350069531,0.0,481555.6218034333,502528.4347216438,42976.95617226994,4977032.416233916
T42_B2,T42,B2,1,S1,2023,1002035.6697285969,436176.1302627563,840.8485942167395,0.0,65511.45586467071,499507.2350069531,0.0,481555.6218034333,502528.43472164375,46339.18948127897,4977032.416233916
T42_B2,T42,B2,1,S1,2024,1002035.6697285969,432511.5468850529,394.8738021850586,0.0,69622.01403440589,499507.2350069531,0.0,481555.6218034333,502528.43472164375,50003.77285898247,4977032.416233916
T42_B2,T42,B2,1,S1,2025,1002035.6697285969,410725.3604940976,7051.587879734412,0.0,84751.48634781185,499507.2350069531,0.0,481555.6218034333,502528.43472164375,71789.95924993778,4977032.416233916
T42_B2,T42,B2,1,S1,2026,1002035.6697285969,396408.43596547446,12319.28518706677,0.0,93800.71356910259,499507.2350069531,0.0,481555.6218034333,502528.43472164375,86106.88377856088,4977032.416233916
T43_B2,T43,B2,1,S1,2020,1015882.717584677,532644.0248286827,296.15564727783203,0.0,0.0,482942.5371087167,0.0,532644.0248286827,532940.1804759605,0.0,5543880.670579859
T43_B2,T43,B2,1,S1,2022,1015882.717584677,422993.45610608865,24059.004831231814,0.0,86282.60267157461,482547.6539757821,0.0,532644.0248286827,532940.1804759605,109650.56872259402,5543880.670579858
T43_B2,T43,B2,1,S1,2023,1015882.717584677,413874.1933079738,35833.21260049858,0.0,83232.77456748813,482942.5371087167,0.0,532644.0248286827,532940.1804759605,118769.83152070889,5543880.670579858
T43_B2,T43,B2,1,S1,2024,1015882.717584677,403629.95197858626,20561.282174443266,0.0,108748.94632293103,482942.5371087167,0.0,532644.0248286827,532940.1804759605,129014.07285009648,5543880.670579858
T43_B2,T43,B2,1,S1,2025,1015882.717584677,307593.6276776183,43336.158406515686,0.0,182010.39439182656,482942.5371087167,0.0,532644.0248286828,532940.1804759606,225050.3971510644,5543880.670579858
T43_B2,T43,B2,1,S1,2021,1015882.7175846773,463596.1272360708,13262.714251170439,0.0,56081.33898871927,482942.5371087166,0.0,532644.0248286828,532940.1804759606,69245.33475691851,5543880.670579858
T43_B2,T43,B2,1,S1,2026,1015882.7175846773,291252.460875687,66457.92642047358,0.0,174933.63762407494,483238.69266444177,0.0,532644.0248286828,532940.1804759606,241391.56395299576,5543880.670579858
T44_B2,T44,B2,1,S1,2020,991888.0560425709,499318.2077988569,3850.009811401367,0.0,2369.2441635131836,486350.5942687993,0.0,499318.2077988569,505537.46177377144,0.0,5994660.074768905
T44_B2,T44,B2,1,S1,2021,991888.0560425709,487342.68369409913,1841.1962865492878,0.0,16353.581793123132,486350.5942687993,0.0,499318.20779885695,505537.46177377144,14838.35189406451,5994660.074768905
T44_B2,T44,B2,1,S1,2022,991888.0560425709,481435.0573292453,2433.5045293471394,0.0,21668.899915179085,486350.5942687993,0.0,499318.20779885695,505537.46177377144,20548.541910956887,5994660.074768905
T44_B2,T44,B2,1,S1,2023,991888.0560425709,473249.55510909145,9039.509724964815,0.0,23248.396939715218,486350.5942687993,0.0,499318.2077988569,505537.46177377144,28734.044077704937,5994660.074768905
T44_B2,T44,B2,1,S1,2024,991888.0560425709,460060.77161700686,5725.669891357422,0.0,39751.02026540719,486350.5942687993,0.0,499318.20779885695,505537.46177377144,41824.109086818324,5994660.074768905
T44_B2,T44,B2,1,S1,2025,991888.0560425709,427584.7607372211,4409.807349650066,0.0,73542.89368690042,486350.5942687993,0.0,499318.2077988569,505537.46177377144,74300.12027940937,5994660.074768905
T44_B2,T44,B2,1,S1,2026,991888.0560425709,427091.16903189884,5847.613239034017,0.0,72598.67950283873,486350.5942687993,0.0,499318.20779885695,505537.46177377144,74892.43039903828,5994660.074768905
T45_B2,T45,B2,1,S1,2020,1001645.9104367422,524579.3815028172,5632.113030706669,0.0,242.73003845214845,471191.68586476665,0.0,524579.3815028172,530454.224571976,0.0,8409347.125414561
T45_B2,T45,B2,1,S1,2021,1001645.9104367422,524579.3815028172,6834.18298618092,0.0,242.73003845214845,469989.61590929236,0.0,524579.3815028172,530454.224571976,0.0,8409347.12541456
T45_B2,T45,B2,1,S1,2022,1001645.9104367422,524268.90224022954,8217.047181043436,0.0,553.2093010397518,468606.7517144298,0.0,524579.3815028172,530454.2245719759,310.47926258760344,8409347.12541456
T45_B2,T45,B2,1,S1,2023,1001645.9104367422,524268.90224022954,3286.4314199709424,0.0,553.2093010397518,473537.36747550237,0.0,524579.3815028172,530454.2245719759,310.47926258760344,8409347.12541456
T45_B2,T45,B2,1,S1,2024,1001645.9104367422,523296.04600770236,4052.9588992548934,0.0,1159.8410248999503,473137.06450488523,0.0,524579.3815028172,530454.224571976,1283.335495114794,8409347.125414561
T45_B2,T45,B2,1,S1,2025,1001645.9104367422,523662.2705163693,5984.023356089873,0.0,1159.8410248999503,470839.7755393834,0.0,524579.3815028172,530454.2245719759,917.1109864478019,8409347.12541456
T45_B2,T45,B2,1,S1,2026,1001645.9104367422,523001.822410733,4050.6354461969113,0.0,1282.9491797353708,473310.50340007717,0.0,524579.3815028172,530454.2245719759,1577.5590920840993,8409347.12541456
T46_B2,T46,B2,1,S1,2020,1013668.2664740467,506866.7743826172,5208.195414255178,0.0,0.0,501593.2966771744,0.0,506866.7743826172,512074.9697968724,0.0,8104312.048034905
T46_B2,T46,B2,1,S1,2022,1013668.2664740467,455978.8428408754,10821.52686731675,0.0,43368.32219585344,503499.5745700015,0.0,506866.7743826172,512074.9697968724,50887.931541742044,8104312.048034905
T46_B2,T46,B2,1,S1,2023,1013668.2664740467,452254.6545689602,7348.541565300437,0.0,48980.9314103968,505084.13892938965,0.0,506866.77438261727,512074.9697968724,54612.119813657264,8104312.048034905
T46_B2,T46,B2,1,S1,2021,1013668.2664740469,480552.6950926835,5585.269873615339,0.0,26412.800138017243,501117.5013697307,0.0,506866.77438261727,512074.9697968724,26314.079289933747,8104312.048034905
T46_B2,T46,B2,1,S1,2024,1013668.2664740469,443949.94634007476,8655.95252760345,0.0,58716.85768046658,502345.5099259022,0.0,506866.7743826172,512074.9697968724,62916.828042542686,8104312.048034905
T46_B2,T46,B2,1,S1,2025,1013668.2664740469,424252.75284121645,18521.991251208736,0.0,69999.01358857995,500894.50879304187,0.0,506866.77438261727,512074.9697968724,82614.02154140097,8104312.048034905
T46_B2,T46,B2,1,S1,2026,1013668.2664740469,417892.98716224224,17521.996138539034,0.0,75931.38879358626,502321.8943796794,0.0,506866.77438261727,512074.9697968724,88973.78722037522,8104312.048034905
T47_B2,T47,B2,1,S1,2020,2744042.056033864,1339752.4871025833,104582.0952903598,0.0,227234.837838386,1072472.6358025349,0.0,1339752.4871025833,1671569.4202313288,0.0,1.713778263148705E7
T47_B2,T47,B2,1,S1,2021,2744042.056033864,1311561.4166680425,107432.59834495994,0.0,260567.53337890012,1064480.5076419609,0.0,1339752.4871025833,1671569.4202313286,31120.50700489119,1.7137782631487045E7
T47_B2,T47,B2,1,S1,2022,2744042.056033864,1193386.4156755034,157951.76310753918,0.0,336602.63714818005,1056101.240102641,0.0,1339752.4871025833,1671569.4202313288,148840.23308114443,1.713778263148705E7
T47_B2,T47,B2,1,S1,2023,2744042.056033864,1080257.2237835752,180041.41161657596,0.0,402584.1668044146,1081159.253829298,0.0,1339752.4871025833,1671569.4202313286,262267.5155918795,1.713778263148705E7
T47_B2,T47,B2,1,S1,2024,2744042.056033864,1067863.9312222647,197789.97206214457,0.0,421428.6229784199,1056959.5297710344,0.0,1339752.4871025833,1671569.4202313288,276781.53290806187,1.7137782631487045E7
T47_B2,T47,B2,1,S1,2025,2744042.056033864,957753.2143835925,180459.12884144502,0.0,533584.3506171133,1072245.362191713,0.0,1339752.4871025833,1671569.4202313286,385843.4913200229,1.713778263148705E7
T47_B2,T47,B2,1,S1,2026,2744042.056033864,807809.599106493,220738.72971535477,0.0,624067.0299845976,1091426.6972274184,0.0,1339752.4871025833,1671569.4202313288,535725.1721425973,1.713778263148705E7
CE01_B3,CE01,B3,0,E,2022,4.599555075369937E7,6423577.684563462,5604198.11116007,0.0,8366499.712379665,2.5601275245596163E7,0.0,6918191.4009769205,1.988924499665602E7,1153497.4371573655,1.7291888062798107E8
CE01_B3,CE01,B3,0,E,2020,4.599555075369938E7,6918191.400976921,6541027.560532754,0.0,6430026.035146347,2.6106305757043336E7,0.0,6918191.400976921,1.9889244996656023E7,0.0,1.729188806279811E8
CE01_B3,CE01,B3,0,E,2021,4.599555075369938E7,6390984.391249414,5622451.791182812,0.0,8078138.329959195,2.5903976241307933E7,0.0,6918191.4009769205,1.988924499665602E7,710090.6480420581,1.7291888062798107E8
CE01_B3,CE01,B3,0,E,2023,4.599555075369938E7,6063041.44757849,6241190.463207081,0.0,7801849.127059546,2.5889469715854242E7,0.0,6918191.4009769205,1.9889244996656023E7,1438505.38341615,1.729188806279811E8
CE01_B3,CE01,B3,0,E,2024,4.599555075369938E7,6788507.504384656,4798744.029616352,0.0,8547143.379882693,2.5861155839815654E7,0.0,6918191.4009769205,1.9889244996656023E7,1342753.3812276802,1.729188806279811E8
CE01_B3,CE01,B3,0,E,2025,4.599555075369938E7,6641958.1139658615,5226715.404132678,0.0,8068591.187513674,2.6058286048087146E7,0.0,6918191.4009769205,1.9889244996656023E7,1426133.0694128599,1.7291888062798107E8
CE01_B3,CE01,B3,0,E,2026,4.599555075369938E7,6602064.605532717,4311706.52330771,0.0,9094126.86361871,2.598765276124022E7,0.0,6918191.4009769205,1.988924499665602E7,1674286.5993338493,1.7291888062798107E8
CE02_B3,CE02,B3,0,E,2023,8002952.176208733,1605885.306292276,13354.423572495405,0.0,51080.88785032384,6332631.55849364,0.0,1623241.6733935785,1654664.2432554355,52520.40793552772,2.0889390004759427E7
CE02_B3,CE02,B3,0,E,2020,8002952.1762087345,1623241.6733935785,8193.850799560547,0.0,23228.71906229655,6348287.9329533,0.0,1623241.6733935785,1654664.2432554355,0.0,2.0889390004759427E7
CE02_B3,CE02,B3,0,E,2021,8002952.1762087345,1608514.04852268,15808.830887947832,0.0,61108.20826852835,6317521.088529579,0.0,1623241.6733935785,1654664.2432554355,40216.937623715865,2.0889390004759427E7
CE02_B3,CE02,B3,0,E,2022,8002952.1762087345,1604060.692823313,12238.21655075971,0.0,59713.795658066694,6326939.471176596,0.0,1623241.6733935787,1654664.2432554357,47009.671247803926,2.0889390004759427E7
CE02_B3,CE02,B3,0,E,2024,8002952.1762087345,1595901.2769726922,5508.585037231445,0.0,66336.91110253427,6335205.403096277,0.0,1623241.6733935785,1654664.2432554357,57647.19819395776,2.0889390004759427E7
CE02_B3,CE02,B3,0,E,2025,8002952.1762087345,1523297.6350615558,37443.09637714461,0.0,100598.54878749474,6341612.895982541,0.0,1623241.6733935785,1654664.2432554355,135644.7333532296,2.0889390004759427E7
CE02_B3,CE02,B3,0,E,2026,8002952.1762087345,1537644.809355463,12739.290510828356,0.0,103887.41925623278,6348680.657086212,0.0,1623241.6733935787,1654664.2432554357,118334.93652379652,2.0889390004759427E7
CE03_B3,CE03,B3,0,E,2022,8003582.0466196695,1704706.3864783193,170719.86011526073,0.0,241039.86517480586,5887115.934851285,0.0,1785510.2641760434,2043366.0926261453,132263.24038594565,1.8413958195910014E7
CE03_B3,CE03,B3,0,E,2020,8003582.04661967,1785510.2641760434,227731.7741434434,0.0,30124.054306658574,5960215.953993526,0.0,1785510.2641760434,2043366.0926261456,0.0,1.8413958195910018E7
CE03_B3,CE03,B3,0,E,2021,8003582.04661967,1680273.3510630887,272347.31897609937,0.0,160238.5834235397,5890722.793156943,0.0,1785510.2641760434,2043366.0926261453,132910.93769782572,1.8413958195910018E7
CE03_B3,CE03,B3,0,E,2023,8003582.04661967,1721511.4965620753,241878.00073658064,0.0,139267.1824094286,5900925.366911586,0.0,1785510.2641760434,2043366.0926261456,144208.48270314536,1.8413958195910018E7
CE03_B3,CE03,B3,0,E,2024,8003582.04661967,1750927.5389945835,177846.74710762175,0.0,173082.3851766848,5901725.37534078,0.0,1785510.2641760434,2043366.0926261453,156396.88635388543,1.8413958195910018E7
CE03_B3,CE03,B3,0,E,2025,8003582.04661967,1697028.9760530358,209363.60930618586,0.0,158992.3693903904,5938197.091870058,0.0,1785510.2641760434,2043366.0926261453,199737.54570378322,1.8413958195910018E7
CE03_B3,CE03,B3,0,E,2026,8003582.04661967,1762234.2165144377,119014.494578642,0.0,173770.94926482553,5948562.386261765,0.0,1785510.2641760437,2043366.0926261456,165003.10895981136,1.8413958195910014E7
CE04_B3,CE04,B3,0,E,2022,8207802.624653654,2410947.9476096653,28776.058768567855,0.0,106175.68271265965,5661902.9355627615,0.0,2410421.6523098815,2493034.6958313882,42310.7921435487,2.834970521403901E7
CE04_B3,CE04,B3,0,E,2025,8207802.624653654,2367448.9982283646,55188.55856951545,0.0,85524.50233576157,5699640.565520013,0.0,2410421.652309881,2493034.6958313882,106663.81056653192,2.8349705214039017E7
CE04_B3,CE04,B3,0,E,2020,8207802.624653655,2410421.6523098815,49823.2434193929,0.0,32789.80010211421,5714767.928822267,0.0,2410421.6523098815,2493034.6958313887,0.0,2.8349705214039013E7
CE04_B3,CE04,B3,0,E,2021,8207802.624653655,2407839.233715311,66425.0520214006,0.0,133284.5592670216,5600253.779649921,0.0,2410421.652309881,2493034.6958313882,48847.60964098164,2.8349705214039017E7
CE04_B3,CE04,B3,0,E,2023,8207802.624653655,2426851.9970229496,31352.70669809977,0.0,66596.8196168488,5683001.101315756,0.0,2410421.652309881,2493034.6958313882,45035.24028009152,2.834970521403901E7
CE04_B3,CE04,B3,0,E,2024,8207802.624653655,2430457.7886113185,34895.95296699674,0.0,97689.21292410458,5644759.670151236,0.0,2410421.6523098815,2493034.6958313887,61512.09846266204,2.8349705214039013E7
CE04_B3,CE04,B3,0,E,2026,8207802.624653655,2386378.8144782567,13524.925575256348,0.0,86780.5710667928,5721118.313533349,0.0,2410421.652309881,2493034.6958313882,85723.88473011092,2.834970521403901E7
CE05_B3,CE05,B3,0,E,2022,8337319.514467694,1612595.3439544975,16583.044542649215,0.0,193423.7141804115,6514717.411790137,0.0,1644919.9741488886,1756520.956006069,50051.53701091093,1.5619841109827768E7
CE05_B3,CE05,B3,0,E,2024,8337319.514467694,1636433.8387974757,10648.66344356163,0.0,155519.40849127676,6534717.603735381,0.0,1644919.9741488886,1756520.9560060687,56814.27414918787,1.5619841109827768E7
CE05_B3,CE05,B3,0,E,2026,8337319.514467694,1606347.560915928,13901.556496773512,0.0,143951.39078811946,6573119.006266874,0.0,1644919.9741488886,1756520.9560060687,77075.76074873982,1.5619841109827768E7
CE05_B3,CE05,B3,0,E,2020,8337319.514467695,1644919.9741488886,28013.63904751048,0.0,83587.34280966963,6580798.558461627,0.0,1644919.9741488886,1756520.956006069,0.0,1.5619841109827768E7
CE05_B3,CE05,B3,0,E,2025,8337319.514467695,1627241.6127982344,15067.127483921424,0.0,125307.4012239643,6569703.372961576,0.0,1644919.9741488886,1756520.9560060687,58782.95676808077,1.5619841109827768E7
CE05_B3,CE05,B3,0,E,2021,8337319.514467696,1600111.9654787846,29270.335400390624,0.0,188720.10826496797,6519217.105323552,0.0,1644919.9741488886,1756520.9560060687,55095.21513519287,1.5619841109827768E7
CE05_B3,CE05,B3,0,E,2023,8337319.514467696,1611795.2776889578,29955.892710637112,0.0,122001.54916013828,6573566.794907964,0.0,1644919.9741488886,1756520.9560060687,64189.73233214733,1.5619841109827768E7
CE06_B3,CE06,B3,0,E,2020,7459291.131397442,2485617.859870132,25364.63242693134,0.0,59274.04141735002,4889034.597683027,0.0,2485617.859870132,2570256.5337144136,0.0,2.5863438917633448E7
CE06_B3,CE06,B3,0,E,2022,7459291.131397442,2451354.4409120446,37667.00937649597,0.0,165655.67534487857,4804614.0057640225,0.0,2485617.8598701325,2570256.5337144136,47336.18987235275,2.5863438917633448E7
CE06_B3,CE06,B3,0,E,2025,7459291.131397442,2443576.6285734284,63456.33759107403,0.0,107484.41634946337,4844773.748883476,0.0,2485617.859870132,2570256.5337144136,75253.79167863434,2.5863438917633448E7
CE06_B3,CE06,B3,0,E,2021,7459291.131397443,2452630.328203478,29577.315909202433,0.0,249019.80688228237,4728063.680402478,0.0,2485617.859870132,2570256.5337144136,42239.13931229535,2.5863438917633448E7
CE06_B3,CE06,B3,0,E,2023,7459291.131397443,2463736.9179826025,33519.608305837595,0.0,103784.51686727487,4858250.088241727,0.0,2485617.8598701325,2570256.533714414,45966.84623939663,2.5863438917633448E7
CE06_B3,CE06,B3,0,E,2024,7459291.131397443,2471951.0661178585,30021.22607891606,0.0,121129.92290451948,4836188.916296147,0.0,2485617.8598701325,2570256.533714414,43302.90434528425,2.5863438917633448E7
CE06_B3,CE06,B3,0,E,2026,7459291.131397443,2420039.3664903524,32749.142256942447,0.0,156312.33608452292,4850190.286565622,0.0,2485617.8598701325,2570256.533714414,90468.40567327761,2.5863438917633444E7
CE07_B3,CE07,B3,0,E,2020,8006291.158263323,3091381.7308538407,78821.22162242216,0.0,141568.11800949997,4694520.087777561,0.0,3091381.7308538407,3311771.0704857633,0.0,2.8041218745200507E7
CE07_B3,CE07,B3,0,E,2021,8006291.158263324,2992460.612036163,62288.60433331658,0.0,599421.9281837015,4352120.013710141,0.0,3091381.7308538407,3311771.0704857633,110643.54005542831,2.8041218745200504E7
CE07_B3,CE07,B3,0,E,2022,8006291.158263324,2996783.6992981564,50904.29698205088,0.0,271946.7196721993,4686656.442310917,0.0,3091381.7308538407,3311771.0704857633,117266.771080795,2.8041218745200504E7
CE07_B3,CE07,B3,0,E,2023,8006291.158263324,2987919.721598338,76670.58181547277,0.0,227421.05519917805,4714279.799650334,0.0,3091381.7308538402,3311771.070485763,127163.29802742755,2.8041218745200507E7
CE07_B3,CE07,B3,0,E,2024,8006291.158263324,3005333.9902256387,61658.731125326725,0.0,265817.38365538354,4673481.053256975,0.0,3091381.7308538402,3311771.070485763,134694.88551070273,2.8041218745200507E7
CE07_B3,CE07,B3,0,E,2025,8006291.158263324,2944302.013486377,88771.8015807507,0.0,271903.938120165,4701313.405076031,0.0,3091381.7308538402,3311771.070485763,183547.5945065966,2.8041218745200507E7
CE07_B3,CE07,B3,0,E,2026,8006291.158263324,2947088.395701749,15933.855039978027,0.0,336104.04631682753,4707164.8612047685,0.0,3091381.7308538402,3311771.070485763,187283.50332955754,2.8041218745200504E7
CE08_B3,CE08,B3,0,E,2020,8151169.021282271,5169487.619659065,203035.0935188742,0.0,96650.99167178285,2681995.3164325487,0.0,5169487.619659065,5469173.704849723,0.0,4.863612021621372E7
CE08_B3,CE08,B3,0,E,2021,8151169.021282271,4948261.734337003,276417.0698121015,0.0,504234.70264850685,2422255.5144846593,0.0,5169487.619659064,5469173.704849722,275631.1149832333,4.863612021621372E7
CE08_B3,CE08,B3,0,E,2022,8151169.021282271,5022581.382351715,179576.0330045214,0.0,415403.3956491507,2533608.210276884,0.0,5169487.619659065,5469173.704849723,250675.36858035816,4.863612021621372E7
CE08_B3,CE08,B3,0,E,2023,8151169.021282271,5017601.578155698,202939.80965211155,0.0,284248.98276220576,2646378.650712256,0.0,5169487.619659064,5469173.704849722,256797.99237105425,4.8636120216213726E7
CE08_B3,CE08,B3,0,E,2024,8151169.021282271,5106951.896409817,100386.30678082636,0.0,340418.3327277688,2603412.4853638588,0.0,5169487.619659065,5469173.704849723,234082.11862936578,4.863612021621372E7
CE08_B3,CE08,B3,0,E,2025,8151169.021282271,5064919.470032337,95404.53428625967,0.0,242768.11101466158,2748076.9059490124,0.0,5169487.619659064,5469173.704849723,248617.43493496763,4.863612021621372E7
CE08_B3,CE08,B3,0,E,2026,8151169.021282271,4900437.776324852,100364.29299053119,0.0,403905.30014869844,2746461.6518181893,0.0,5169487.619659064,5469173.704849723,398200.79785162234,4.863612021621372E7
CE09_B3,CE09,B3,0,E,2020,7844042.387343435,3409934.4471728164,197482.6123144113,0.0,29621.675301286286,4207003.65255492,0.0,3409934.4471728164,3637038.7347885137,0.0,3.0682271772304818E7
CE09_B3,CE09,B3,0,E,2022,7844042.387343435,3357624.922573345,207315.42325723686,0.0,137212.74774244722,4141889.2937704045,0.0,3409934.4471728164,3637038.7347885137,96561.65262157962,3.0682271772304818E7
CE09_B3,CE09,B3,0,E,2023,7844042.387343435,3315485.5362302,259534.6307548673,0.0,61809.889308226346,4207212.33105014,0.0,3409934.447172816,3637038.7347885137,116729.11910675645,3.0682271772304818E7
CE09_B3,CE09,B3,0,E,2024,7844042.387343435,3379807.9950893335,193161.05626463052,0.0,60051.86426406562,4211021.471725404,0.0,3409934.4471728164,3637038.7347885137,86016.26541278312,3.068227177230482E7
CE09_B3,CE09,B3,0,E,2021,7844042.387343436,3275780.1552766096,290541.6611106125,0.0,129449.2431474274,4148271.3278087843,0.0,3409934.447172816,3637038.7347885137,148870.16382120166,3.0682271772304818E7
CE09_B3,CE09,B3,0,E,2025,7844042.387343436,3310831.6210247264,262445.5758885103,0.0,46136.83547833013,4224628.354951866,0.0,3409934.4471728164,3637038.7347885133,127358.79526672362,3.068227177230482E7
CE09_B3,CE09,B3,0,E,2026,7844042.387343436,3332929.411840012,208967.67555811268,0.0,73288.17868996414,4228857.121255344,0.0,3409934.447172816,3637038.734788514,105813.38659311928,3.068227177230482E7
CE10_B3,CE10,B3,0,E,2020,8000305.53380408,2322561.047619629,329975.0264803419,0.0,43945.46459000531,5303823.995114105,0.0,2322561.047619629,2696481.538689976,0.0,2.381772084151911E7
CE10_B3,CE10,B3,0,E,2022,8000305.53380408,2189482.0020149383,339857.3763516893,0.0,194799.44745079492,5276166.707986658,0.0,2322561.047619629,2696481.538689976,221067.11858732934,2.381772084151911E7
CE10_B3,CE10,B3,0,E,2023,8000305.53380408,2136132.280073039,444131.7916903329,0.0,124071.23030233945,5295970.23173837,0.0,2322561.047619629,2696481.5386899766,263478.65644486377,2.381772084151911E7
CE10_B3,CE10,B3,0,E,2024,8000305.53380408,2156957.8296219767,318514.6139365701,0.0,239822.4171140783,5285010.673131456,0.0,2322561.047619629,2696481.538689976,302873.7692518945,2.381772084151911E7
CE10_B3,CE10,B3,0,E,2025,8000305.53380408,2130316.490102192,323407.94628723746,0.0,203580.6540448656,5343000.443369786,0.0,2322561.047619629,2696481.5386899766,317988.97953658755,2.381772084151911E7
CE10_B3,CE10,B3,0,E,2026,8000305.533804081,2169230.8967838665,254771.61173281202,0.0,245707.75011845012,5330595.2751689525,0.0,2322561.047619629,2696481.5386899766,298409.0880006977,2.381772084151911E7
CE10_B3,CE10,B3,0,E,2021,8000305.533804082,2176284.6399686923,407130.5221727558,0.0,211845.71914089427,5205044.652521739,0.0,2322561.047619629,2696481.538689976,234985.3310119629,2.381772084151911E7
CE11_B3,CE11,B3,0,E,2020,8000545.5363158565,943797.84109895,350861.6790059407,0.0,111059.36784255083,6594826.648368416,0.0,943797.84109895,1405718.8879474415,0.0,9866442.994076926
CE11_B3,CE11,B3,0,E,2021,8000545.5363158565,857767.6986006196,397986.4749179616,0.0,228122.53824893723,6516668.8245483395,0.0,943797.84109895,1405718.8879474415,137936.23656957288,9866442.994076926
CE11_B3,CE11,B3,0,E,2022,8000545.5363158565,777593.550260716,447118.8301348518,0.0,217498.50607449398,6558334.649845797,0.0,943797.84109895,1405718.8879474415,227943.27550054813,9866442.994076924
CE11_B3,CE11,B3,0,E,2023,8000545.5363158565,714797.0527241129,557778.1221933402,0.0,153331.44573163797,6574638.915666767,0.0,943797.84109895,1405718.8879474415,312220.4460026461,9866442.994076924
CE11_B3,CE11,B3,0,E,2024,8000545.5363158565,868821.5400021422,381855.9919826732,0.0,181872.6708939795,6567995.333437064,0.0,943797.84109895,1405718.8879474415,225705.9285803402,9866442.994076924
CE11_B3,CE11,B3,0,E,2025,8000545.5363158565,743478.2559137382,530120.361575078,0.0,122029.60435177671,6604917.314475266,0.0,943797.84109895,1405718.8879474415,315979.58008021937,9866442.994076924
CE11_B3,CE11,B3,0,E,2026,8000545.536315857,854432.1643570845,366651.5415167416,0.0,179989.0082414814,6599472.822200551,0.0,943797.84109895,1405718.8879474415,241249.312084183,9866442.994076926
CE12_B3,CE12,B3,0,E,2020,8003026.182203017,1745239.8769942638,378350.5825288062,0.0,140226.63493047978,5739209.087749465,0.0,1745239.8769942638,2263817.09445355,0.0,1.7271580480651643E7
CE12_B3,CE12,B3,0,E,2022,8003026.182203017,1609521.3170688404,361714.3714863497,0.0,380950.399724145,5650840.09392368,0.0,1745239.8769942638,2263817.09445355,205891.78878161858,1.7271580480651643E7
CE12_B3,CE12,B3,0,E,2025,8003026.182203018,1477116.3238068821,581549.8226841646,0.0,183217.80390765623,5761142.231804312,0.0,1745239.8769942638,2263817.09445355,381706.11648972455,1.7271580480651643E7
CE12_B3,CE12,B3,0,E,2026,8003026.182203018,1533394.894211593,463929.9166925766,0.0,217802.45037025004,5787898.920928595,0.0,1745239.8769942638,2263817.09445355,336745.72993879125,1.727158048065164E7
CE12_B3,CE12,B3,0,E,2021,8003026.182203019,1605368.4292801495,368280.17761323217,0.0,462048.6826073441,5567328.892702288,0.0,1745239.876994264,2263817.09445355,187316.33964430867,1.7271580480651643E7
CE12_B3,CE12,B3,0,E,2023,8003026.182203019,1578338.1398727116,493997.0841499778,0.0,227226.14891324512,5703464.809267081,0.0,1745239.876994264,2263817.09445355,259246.4795891855,1.7271580480651643E7
CE12_B3,CE12,B3,0,E,2024,8003026.182203019,1619681.522683267,423926.1208827898,0.0,271753.2507923799,5687665.287844579,0.0,1745239.876994264,2263817.09445355,244218.421245201,1.7271580480651643E7
CE13_B3,CE13,B3,0,E,2020,8004959.076006273,2304306.0124128754,629070.4516155467,0.0,113184.78884633382,4958397.823131516,0.0,2304306.0124128754,3046561.252874756,0.0,2.9230783907023683E7
CE13_B3,CE13,B3,0,E,2021,8004959.076006273,2129632.0148643944,659037.9079531201,0.0,272027.82039037964,4944261.332798378,0.0,2304306.012412875,3046561.252874756,185040.08199061977,2.9230783907023683E7
CE13_B3,CE13,B3,0,E,2022,8004959.076006273,2082228.922251563,739156.0074668734,0.0,319374.63282036874,4864199.513467466,0.0,2304306.0124128754,3046561.252874756,239382.9262850593,2.9230783907023683E7
CE13_B3,CE13,B3,0,E,2023,8004959.076006273,1993496.0146933761,908417.7107074213,0.0,132483.3614741905,4970561.989131284,0.0,2304306.0124128754,3046561.252874756,332466.59616181615,2.923078390702368E7
CE13_B3,CE13,B3,0,E,2024,8004959.076006273,2101222.0935719805,830630.2251670987,0.0,157200.72900202134,4915906.028265172,0.0,2304306.012412875,3046561.252874756,254174.17960172167,2.9230783907023683E7
CE13_B3,CE13,B3,0,E,2025,8004959.076006273,2068510.6949067665,841937.7135843014,0.0,123281.83164915198,4971228.835866053,0.0,2304306.0124128754,3046561.252874756,315304.78002561687,2.9230783907023676E7
CE13_B3,CE13,B3,0,E,2026,8004959.076006273,2320579.285344711,550153.1029660094,0.0,153201.21104948752,4981025.476646064,0.0,2304306.012412875,3046561.252874756,167595.5992294012,2.9230783907023683E7
CE14_B3,CE14,B3,0,E,2021,8205737.8498787675,2323622.5240516514,941209.4028414259,0.0,333310.7511992212,4607595.1717864685,0.0,2553951.4502079384,3543205.917385116,239325.65698128496,3.5201131430674896E7
CE14_B3,CE14,B3,0,E,2022,8205737.8498787675,2322814.83992534,954502.7671927956,0.0,378531.85440694774,4549888.388353685,0.0,2553951.4502079384,3543205.917385116,255541.82441693475,3.5201131430674896E7
CE14_B3,CE14,B3,0,E,2025,8205737.8498787675,2442888.0992694027,923212.6151294783,0.0,183430.88934502695,4656206.2461348595,0.0,2553951.4502079384,3543205.917385116,200643.01105259915,3.5201131430674896E7
CE14_B3,CE14,B3,0,E,2026,8205737.8498787675,2639318.3678522743,713123.8327293247,0.0,193337.92705757293,4659957.722239595,0.0,2553951.4502079384,3543205.917385116,148665.22919084138,3.5201131430674896E7
CE14_B3,CE14,B3,0,E,2020,8205737.849878768,2553951.450207938,952333.8929114847,0.0,36920.57426569321,4662531.932493651,0.0,2553951.450207938,3543205.9173851167,0.0,3.5201131430674896E7
CE14_B3,CE14,B3,0,E,2023,8205737.849878768,2363863.9822457703,986751.6467680987,0.0,188907.3328527114,4666214.888012188,0.0,2553951.4502079384,3543205.917385116,229103.59151814776,3.5201131430674896E7
CE14_B3,CE14,B3,0,E,2024,8205737.849878768,2461685.7675288483,922557.4634354536,0.0,182911.10118659522,4638583.5177278705,0.0,2553951.4502079384,3543205.917385116,174831.53854361142,3.52011314306749E7
CE15_B3,CE15,B3,0,E,2021,7798375.755633904,2117697.8275990207,1028132.8622002995,0.0,240181.21072276996,4412363.855111813,0.0,2228623.356491807,3358192.93096478,126962.92418317609,2.7195798816676717E7
CE15_B3,CE15,B3,0,E,2023,7798375.755633904,2151437.4480992635,1147939.8113082887,0.0,63616.31192094392,4435382.184305407,0.0,2228623.356491807,3358192.93096478,118052.47804664163,2.719579881667672E7
CE15_B3,CE15,B3,0,E,2026,7798375.755633904,2382164.4056802187,925341.3015391032,0.0,59300.92293955485,4431569.125475027,0.0,2228623.356491807,3358192.93096478,45645.59664566938,2.719579881667672E7
CE15_B3,CE15,B3,0,E,2020,7798375.755633905,2228623.356491807,1082350.8562387503,0.0,47218.71823422301,4440182.824669123,0.0,2228623.356491807,3358192.93096478,0.0,2.719579881667672E7
CE15_B3,CE15,B3,0,E,2022,7798375.755633905,2146987.913848608,1018244.0903346939,0.0,269959.896688394,4363183.854762208,0.0,2228623.356491807,3358192.930964781,115970.58478698731,2.719579881667672E7
CE15_B3,CE15,B3,0,E,2024,7798375.755633905,2198666.764531603,1140509.6293134503,0.0,38047.65303616991,4421151.708752681,0.0,2228623.356491807,3358192.930964781,83176.83839305803,2.719579881667672E7
CE15_B3,CE15,B3,0,E,2025,7798375.755633905,2204790.8843029244,1068886.5965155805,0.0,90562.34987137737,4434135.924944021,0.0,2228623.356491807,3358192.9309647805,89403.07085906385,2.719579881667672E7
CE16_B3,CE16,B3,0,E,2020,8207837.393173936,2255405.437986636,1270962.262901396,0.0,24245.771531378054,4657223.920754526,0.0,2255405.437986636,3550613.4724194105,0.0,2.5699234727227665E7
CE16_B3,CE16,B3,0,E,2021,8207837.393173936,2212763.302625858,1195953.1948838478,0.0,159536.19897622505,4639584.696688005,0.0,2255405.437986636,3550613.47241941,81797.55240089566,2.5699234727227665E7
CE16_B3,CE16,B3,0,E,2022,8207837.393173936,2069256.459068119,1298941.5529220877,0.0,231832.27205753696,4607807.1091261925,0.0,2255405.437986636,3550613.4724194105,222932.6382098329,2.5699234727227665E7
CE16_B3,CE16,B3,0,E,2023,8207837.393173936,2039106.6034167125,1447537.7975141038,0.0,62262.56103087781,4658930.431212242,0.0,2255405.4379866356,3550613.47241941,246671.2607321945,2.569923472722766E7
CE16_B3,CE16,B3,0,E,2024,8207837.393173936,2181647.9691182454,1327079.1135732315,0.0,54038.63017114377,4645071.680311316,0.0,2255405.4379866356,3550613.4724194105,132124.27259868546,2.569923472722766E7
CE16_B3,CE16,B3,0,E,2025,8207837.393173936,2195605.551029789,1295502.6072975907,0.0,60699.33242067823,4656029.902425878,0.0,2255405.437986636,3550613.4724194105,128044.64133626901,2.5699234727227665E7
CE16_B3,CE16,B3,0,E,2026,8207837.393173936,2173828.453608554,1252347.216365829,0.0,120596.93918187758,4661064.784017674,0.0,2255405.4379866356,3550613.4724194105,198291.2310473872,2.5699234727227665E7
CE17_B3,CE17,B3,0,E,2020,7797564.784646278,1620933.973194676,1281089.9919380336,0.0,109331.56761283128,4786209.251900737,0.0,1620933.973194676,3011355.5327455406,0.0,1.9248962167045537E7
CE17_B3,CE17,B3,0,E,2023,7797564.784646278,1591990.8485665715,1321280.3780847287,0.0,142546.12792373358,4741747.430071245,0.0,1620933.973194676,3011355.532745541,142279.01350947362,1.9248962167045537E7
CE17_B3,CE17,B3,0,E,2024,7797564.784646278,1714329.203444717,1198283.0225308887,0.0,139516.82391946827,4745435.734751204,0.0,1620933.9731946762,3011355.5327455406,92885.32022758933,1.9248962167045537E7
CE17_B3,CE17,B3,0,E,2026,7797564.784646278,1705043.0082107247,1127675.4209895115,0.0,174029.7760822969,4790816.579363745,0.0,1620933.973194676,3011355.5327455406,104974.3242053462,1.9248962167045537E7
CE17_B3,CE17,B3,0,E,2025,7797564.784646279,1800206.874129172,1085243.882564111,0.0,141274.85189753515,4770839.17605546,0.0,1620933.973194676,3011355.532745541,100723.41494359035,1.9248962167045537E7
CE17_B3,CE17,B3,0,E,2021,7797564.78464628,1512173.343741084,1282801.148071289,0.0,268746.25488798856,4733844.037945916,0.0,1620933.973194676,3011355.532745541,154787.06038584988,1.9248962167045537E7
CE17_B3,CE17,B3,0,E,2022,7797564.78464628,1586748.8139923695,1262740.3529303158,0.0,227076.22598936796,4720999.391734225,0.0,1620933.9731946762,3011355.5327455406,115809.82796475278,1.9248962167045537E7
CE18_B3,CE18,B3,0,E,2020,8206546.00502852,2040810.1431488635,1306990.3322840373,0.0,148885.2659269445,4709860.263668675,0.0,2040810.1431488635,3496685.741359845,0.0,2.262799091775375E7
CE18_B3,CE18,B3,0,E,2021,8206546.00502852,1870764.2307672238,1322244.5869965495,0.0,384226.1819437662,4629311.005320979,0.0,2040810.1431488635,3496685.7413598453,227194.4537620096,2.262799091775375E7
CE18_B3,CE18,B3,0,E,2022,8206546.00502852,2047103.7877376182,1195331.6960484225,0.0,367837.50955954153,4596273.011682938,0.0,2040810.1431488635,3496685.7413598453,152237.49675855448,2.262799091775375E7
CE18_B3,CE18,B3,0,E,2023,8206546.00502852,1959460.3747821287,1308161.4222330132,0.0,226570.4649091235,4712353.743104256,0.0,2040810.1431488637,3496685.7413598453,197163.13074298933,2.262799091775375E7
CE18_B3,CE18,B3,0,E,2024,8206546.00502852,2070583.9061865413,1196401.3971810136,0.0,264681.1358783198,4674879.565782645,0.0,2040810.1431488635,3496685.7413598453,158028.881325157,2.2627990917753745E7
CE18_B3,CE18,B3,0,E,2025,8206546.00502852,2102844.515278147,1155841.4332189823,0.0,244504.22736089374,4703355.829170497,0.0,2040810.1431488637,3496685.741359845,153275.34861746395,2.2627990917753745E7
CE18_B3,CE18,B3,0,E,2026,8206546.00502852,2138337.082180218,1032720.8660371369,0.0,331439.26254643465,4704048.794264732,0.0,2040810.1431488635,3496685.7413598453,156726.0079107845,2.262799091775375E7
CE19_B3,CE19,B3,0,E,2020,7798603.48140552,1629931.370568219,779435.159847484,0.0,48204.282380766024,5341032.668609051,0.0,1629931.370568219,2457570.8127964693,0.0,1.5843906075694423E7
CE19_B3,CE19,B3,0,E,2026,7798603.48140552,1667663.946490269,652427.399924873,0.0,147194.30713731353,5331317.827853065,0.0,1629931.370568219,2457570.8127964693,137020.14336179846,1.5843906075694427E7
CE19_B3,CE19,B3,0,E,2021,7798603.481405521,1475203.504988068,832172.903986643,0.0,210599.5664457134,5280627.505985096,0.0,1629931.370568219,2457570.8127964693,213112.7587941787,1.5843906075694423E7
CE19_B3,CE19,B3,0,E,2022,7798603.481405521,1567823.5287579703,804161.9746922213,0.0,174189.76366056554,5252428.214294763,0.0,1629931.370568219,2457570.8127964693,193006.6466910867,1.5843906075694423E7
CE19_B3,CE19,B3,0,E,2023,7798603.481405521,1546341.1722709206,852143.3543825038,0.0,105385.49816562427,5294733.456586472,0.0,1629931.370568219,2457570.8127964693,197409.57928712133,1.5843906075694423E7
CE19_B3,CE19,B3,0,E,2024,7798603.481405521,1701612.5428461414,698094.0783461329,0.0,117622.3594860002,5281274.500727246,0.0,1629931.370568219,2457570.8127964693,106679.65612107818,1.5843906075694423E7
CE19_B3,CE19,B3,0,E,2025,7798603.481405521,1748934.756773915,642994.7570999446,0.0,96938.068167952,5309735.89936371,0.0,1629931.370568219,2457570.812796469,109335.82181294759,1.5843906075694427E7
CE20_B3,CE20,B3,0,E,2020,8004879.043359404,2351515.7647574632,1008941.7269143796,0.0,55906.32445484237,4588515.227232721,0.0,2351515.7647574632,3416363.8161266856,0.0,2.489654842116436E7
CE20_B3,CE20,B3,0,E,2021,8004879.043359404,2188038.7485884125,1026669.6834942087,0.0,318306.8639915018,4471863.747285282,0.0,2351515.7647574632,3416363.8161266856,234895.43490301396,2.489654842116436E7
CE20_B3,CE20,B3,0,E,2022,8004879.043359404,2324141.0713113225,928276.7240578745,0.0,265768.9507128248,4486692.2972773835,0.0,2351515.7647574632,3416363.8161266856,190045.24092835071,2.489654842116436E7
CE20_B3,CE20,B3,0,E,2024,8004879.043359404,2438487.4040945317,872177.8154056325,0.0,176276.5085123997,4517937.315346841,0.0,2351515.7647574632,3416363.8161266856,148109.9870393641,2.4896548421164364E7
CE20_B3,CE20,B3,0,E,2025,8004879.043359405,2498002.2858069926,783234.3945387297,0.0,134942.10337745817,4588700.259636225,0.0,2351515.7647574632,3416363.8161266856,139089.59983116598,2.489654842116436E7
CE20_B3,CE20,B3,0,E,2026,8004879.043359405,2442361.852787691,795529.4133677463,0.0,164723.93604844037,4602263.841155527,0.0,2351515.7647574632,3416363.8161266856,146359.75303548176,2.4896548421164364E7
CE20_B3,CE20,B3,0,E,2023,8004879.043359406,2287791.180972709,996963.166932379,0.0,137873.32309277105,4582251.372361546,0.0,2351515.7647574632,3416363.8161266856,195903.23091852525,2.489654842116436E7
CE21_B3,CE21,B3,0,E,2025,8204475.6966225095,2538565.9084650376,719869.2624719955,0.0,124256.69774810193,4821783.827937377,0.0,2480679.9439425897,3380007.682883887,160485.32531244613,2.5868153646322988E7
CE21_B3,CE21,B3,0,E,2020,8204475.69662251,2480679.9439425897,864489.9863667206,0.0,34837.75257457659,4824468.013738625,0.0,2480679.9439425897,3380007.682883888,0.0,2.5868153646322988E7
CE21_B3,CE21,B3,0,E,2026,8204475.69662251,2613558.932848642,610299.8216024959,0.0,156171.3758534151,4824445.566317958,0.0,2480679.94394259,3380007.682883888,112902.98777079862,2.5868153646322988E7
CE21_B3,CE21,B3,0,E,2021,8204475.696622511,2231131.8563438565,876452.6524721034,0.0,329097.183113158,4767794.004693394,0.0,2480679.9439425897,3380007.682883888,304552.20722036925,2.5868153646322988E7
CE21_B3,CE21,B3,0,E,2022,8204475.696622511,2382624.047553657,861731.3444633932,0.0,191847.89612172445,4768272.408483736,0.0,2480679.9439425897,3380007.682883888,191070.1317607805,2.5868153646322988E7
CE21_B3,CE21,B3,0,E,2023,8204475.696622511,2347231.6762443394,926723.8819348504,0.0,115964.93058043836,4814555.207862884,0.0,2480679.94394259,3380007.6828838876,219651.59300273823,2.5868153646322988E7
CE21_B3,CE21,B3,0,E,2024,8204475.696622511,2454236.9432913987,834086.6565792907,0.0,135644.9243980557,4780507.172353766,0.0,2480679.9439425897,3380007.682883887,161612.6915633557,2.5868153646322988E7
CE22_B3,CE22,B3,0,E,2021,8002818.657402996,2222584.3970539765,820902.516819105,0.0,318811.64391901356,4640520.0996109005,0.0,2448504.540537666,3300840.3592634313,240840.25570346607,2.5674950441960327E7
CE22_B3,CE22,B3,0,E,2025,8002818.657402996,2522980.5298078055,689793.61098929,0.0,105290.0818437464,4684754.434762154,0.0,2448504.5405376656,3300840.3592634313,146363.0168860641,2.5674950441960327E7
CE22_B3,CE22,B3,0,E,2020,8002818.657402997,2448504.540537666,800055.2915164722,0.0,52280.52720929314,4701978.298139565,0.0,2448504.540537666,3300840.3592634313,0.0,2.5674950441960327E7
CE22_B3,CE22,B3,0,E,2022,8002818.657402998,2307634.0161397,903580.6234080296,0.0,128631.17377857881,4662972.8440766875,0.0,2448504.540537666,3300840.3592634313,200208.0509202546,2.5674950441960327E7
CE22_B3,CE22,B3,0,E,2023,8002818.657402998,2283230.235223628,946821.7695820528,0.0,69155.75672981411,4703610.8958675,0.0,2448504.540537666,3300840.3592634313,232276.0390915216,2.5674950441960327E7
CE22_B3,CE22,B3,0,E,2024,8002818.657402998,2465691.3361991737,776427.0291093714,0.0,140044.70083112532,4620655.591263325,0.0,2448504.540537666,3300840.359263432,160086.42642110187,2.5674950441960327E7
CE22_B3,CE22,B3,0,E,2026,8002818.657402998,2605481.3480392457,584175.4885573442,0.0,132934.02702870086,4680227.793777704,0.0,2448504.540537666,3300840.3592634313,103732.03637405096,2.5674950441960327E7
CE23_B3,CE23,B3,0,E,2020,7797859.020450695,2280887.322908528,737207.492183042,0.0,19759.65081981584,4760004.55453931,0.0,2280887.322908528,3037854.4659113865,0.0,2.0798619330678485E7
CE23_B3,CE23,B3,0,E,2021,7797859.020450695,2142634.842582104,678718.6578163595,0.0,277592.1876025929,4698913.332449639,0.0,2280887.3229085286,3037854.4659113865,144768.4500148399,2.0798619330678485E7
CE23_B3,CE23,B3,0,E,2022,7797859.020450695,2193258.3211155306,775040.2189080034,0.0,127223.49553408155,4702336.98489308,0.0,2280887.322908528,3037854.4659113865,115717.08303593655,2.0798619330678485E7
CE23_B3,CE23,B3,0,E,2023,7797859.020450695,2184581.2234428553,801182.7056192434,0.0,58361.85538985309,4753733.235998744,0.0,2280887.322908528,3037854.4659113865,119277.4183093202,2.0798619330678485E7
CE23_B3,CE23,B3,0,E,2024,7797859.020450695,2325355.384207273,676520.6715713501,0.0,95757.31126472623,4700225.653407347,0.0,2280887.3229085286,3037854.4659113865,74386.7229201373,2.0798619330678485E7
CE23_B3,CE23,B3,0,E,2025,7797859.020450695,2580936.35012599,367556.5797994875,0.0,107728.58389165542,4741637.506633564,0.0,2280887.322908528,3037854.4659113865,70399.3212026858,2.079861933067849E7
CE23_B3,CE23,B3,0,E,2026,7797859.020450695,2348179.8360310276,552055.1865360335,0.0,167833.17922040154,4729790.818663234,0.0,2280887.322908528,3037854.4659113865,82055.7848828484,2.0798619330678485E7
CE24_B3,CE24,B3,0,E,2020,8003840.75756426,2609541.3863390153,736166.7756603466,0.0,94549.35946745033,4563583.2360974485,0.0,2609541.3863390153,3440257.521466812,0.0,2.4446423066743046E7
CE24_B3,CE24,B3,0,E,2021,8003840.75756426,2471134.0848124186,425061.2975521611,0.0,639766.915038195,4467878.460161485,0.0,2609541.3863390153,3440257.521466812,145120.67653422634,2.4446423066743046E7
CE24_B3,CE24,B3,0,E,2022,8003840.75756426,2488722.859771908,655572.2692896824,0.0,386067.27677669155,4473478.351725978,0.0,2609541.3863390153,3440257.521466812,133569.0303590064,2.4446423066743046E7
CE24_B3,CE24,B3,0,E,2023,8003840.75756426,2482045.2799853454,734229.7764312744,0.0,224436.67578585757,4563129.025361782,0.0,2609541.3863390153,3440257.521466812,137464.42089245367,2.4446423066743046E7
CE24_B3,CE24,B3,0,E,2024,8003840.75756426,2523044.9435442453,707552.7578477748,0.0,242100.43326900707,4531142.622903232,0.0,2609541.3863390153,3440257.521466812,118986.27059996361,2.4446423066743046E7
CE24_B3,CE24,B3,0,E,2025,8003840.75756426,2766849.800841477,448367.3313137278,0.0,232749.3016742183,4555874.323734838,0.0,2609541.3863390153,3440257.521466812,114900.52858162674,2.4446423066743042E7
CE24_B3,CE24,B3,0,E,2026,8003840.757564261,2588420.795770084,564281.8372732425,0.0,314951.4525536631,4536186.671967271,0.0,2609541.3863390153,3440257.521466812,97528.10535374063,2.4446423066743046E7
CE25_B3,CE25,B3,0,E,2026,7999307.358459921,2631316.9108998613,657403.3724738925,0.0,166244.251797994,4544342.823288173,0.0,2599223.02712157,3416373.345428438,34214.74375756956,2.679415527437026E7
CE25_B3,CE25,B3,0,E,2020,7999307.358459922,2599223.02712157,785679.0020923091,0.0,31471.316214557723,4582934.0130314855,0.0,2599223.02712157,3416373.345428438,0.0,2.679415527437026E7
CE25_B3,CE25,B3,0,E,2021,7999307.358459922,2561917.4367196774,453472.3783714445,0.0,483586.46241353353,4500331.080955265,0.0,2599223.02712157,3416373.345428438,40428.46065697764,2.679415527437026E7
CE25_B3,CE25,B3,0,E,2022,7999307.358459922,2537759.724487873,727143.3175790226,0.0,220069.8898543414,4514334.426538685,0.0,2599223.02712157,3416373.345428438,63734.00420230043,2.679415527437026E7
CE25_B3,CE25,B3,0,E,2023,7999307.358459922,2565272.339666748,775144.3051641426,0.0,76967.98520088942,4581922.728428141,0.0,2599223.02712157,3416373.345428438,45350.450059748626,2.679415527437026E7
CE25_B3,CE25,B3,0,E,2024,7999307.358459922,2594286.223080653,775978.2188931932,0.0,88057.98143469117,4540984.935051383,0.0,2599223.02712157,3416373.345428438,44625.490499040185,2.679415527437026E7
CE25_B3,CE25,B3,0,E,2025,7999307.358459922,2733981.410384234,619130.5604049383,0.0,78647.38697237501,4567548.000698375,0.0,2599223.02712157,3416373.345428438,44868.36181206797,2.679415527437026E7
CE26_B3,CE26,B3,0,E,2020,8208048.865131872,2238756.3365533566,924425.125191782,0.0,41263.91658385034,5003603.486802883,0.0,2238756.3365533566,3204445.3783289893,0.0,2.1432902261050537E7
CE26_B3,CE26,B3,0,E,2023,8208048.865131872,2123409.2060079235,966067.02988368,0.0,112139.36155275832,5006433.26768751,0.0,2238756.3365533566,3204445.3783289893,184422.7667627073,2.1432902261050534E7
CE26_B3,CE26,B3,0,E,2021,8208048.865131873,2053813.417947298,850151.3714678894,0.0,468793.72933699656,4835290.346379687,0.0,2238756.3365533566,3204445.3783289893,237055.8615319046,2.1432902261050534E7
CE26_B3,CE26,B3,0,E,2022,8208048.865131873,2148845.889206082,941207.6378762339,0.0,284913.85755672073,4833081.480492835,0.0,2238756.3365533566,3204445.3783289893,183088.01250993315,2.1432902261050537E7
CE26_B3,CE26,B3,0,E,2024,8208048.865131873,2219742.5939193126,891780.2993342379,0.0,149082.0200323965,4947443.951845924,0.0,2238756.3365533566,3204445.3783289893,154290.05483072315,2.1432902261050534E7
CE26_B3,CE26,B3,0,E,2025,8208048.865131873,2397417.095823161,675835.3438376035,0.0,133107.35825691972,5001689.067214188,0.0,2238756.3365533566,3204445.3783289893,133106.5003323424,2.1432902261050534E7
CE26_B3,CE26,B3,0,E,2026,8208048.865131873,2282379.8152547795,666994.8766721239,0.0,248224.55222332524,5010449.620981643,0.0,2238756.3365533566,3204445.3783289893,163202.27037431306,2.1432902261050534E7
CE27_B3,CE27,B3,0,E,2020,7796843.580400175,2415860.8112979964,618564.7215849933,0.0,38154.69364267985,4724263.3538745055,0.0,2415860.8112979964,3072580.2265256695,0.0,2.2427513689231634E7
CE27_B3,CE27,B3,0,E,2021,7796843.580400175,2081129.278940507,683358.2237515617,0.0,518347.55928754626,4514008.518420559,0.0,2415860.811297997,3072580.2265256695,365434.8560751821,2.2427513689231634E7
CE27_B3,CE27,B3,0,E,2023,7796843.580400175,2118179.2714292337,780770.5746985641,0.0,177201.50267716948,4720692.231595208,0.0,2415860.811297997,3072580.2265256695,360439.036669114,2.2427513689231638E7
CE27_B3,CE27,B3,0,E,2024,7796843.580400175,2265972.3377193976,670597.9771105599,0.0,205538.18002606562,4654735.085544152,0.0,2415860.811297997,3072580.2265256695,275624.3774244421,2.242751368923163E7
CE27_B3,CE27,B3,0,E,2025,7796843.580400175,2465851.536664686,444060.5190901513,0.0,204634.2799459719,4682297.244699366,0.0,2415860.8112979964,3072580.226525669,242097.6380355835,2.2427513689231634E7
CE27_B3,CE27,B3,0,E,2022,7796843.580400176,2058998.1133564967,843428.4836065857,0.0,461970.83804267435,4432446.145394417,0.0,2415860.8112979964,3072580.2265256695,402565.9656710157,2.2427513689231634E7
CE27_B3,CE27,B3,0,E,2026,7796843.580400176,2519888.4555003745,323797.5495809219,0.0,229685.3243333106,4723472.250985568,0.0,2415860.811297997,3072580.2265256695,219244.48194271908,2.242751368923163E7
CE28_B3,CE28,B3,0,E,2020,8206373.794138231,3542460.3370187795,712284.9852504358,0.0,28100.063947101666,3923528.407921915,0.0,3542460.3370187795,4282845.386216316,0.0,3.2947699102776323E7
CE28_B3,CE28,B3,0,E,2024,8206373.794138231,3341039.43235321,796928.3329307707,0.0,198710.83349585437,3869695.1953583965,0.0,3542460.3370187795,4282845.386216316,325476.9071101469,3.2947699102776323E7
CE28_B3,CE28,B3,0,E,2021,8206373.794138232,3045966.0403197645,836148.5293481564,0.0,493405.6934064379,3830853.5310638743,0.0,3542460.3370187795,4282845.386216316,508736.47832438146,3.2947699102776323E7
CE28_B3,CE28,B3,0,E,2022,8206373.794138232,3150513.2896099016,933388.5279700485,0.0,399448.72419463523,3723023.2523636464,0.0,3542460.3370187795,4282845.386216316,451153.6667007745,3.294769910277632E7
CE28_B3,CE28,B3,0,E,2023,8206373.794138232,3280073.5743018053,840319.4644956702,0.0,182420.3444413428,3903560.410899413,0.0,3542460.3370187795,4282845.386216316,368733.5395288803,3.2947699102776323E7
CE28_B3,CE28,B3,0,E,2025,8206373.794138232,3431037.7570579676,667898.7623672187,0.0,207821.59966927322,3899615.675043773,0.0,3542460.3370187795,4282845.386216316,313030.00193714816,3.2947699102776323E7
CE28_B3,CE28,B3,0,E,2026,8206373.794138232,3487481.2815173874,563908.0702568503,0.0,230952.87121225995,3924031.5711517334,0.0,3542460.3370187795,4282845.386216316,271751.8832440246,3.294769910277632E7
CE29_B3,CE29,B3,0,E,2020,7796027.326458591,2357317.370362345,708965.8203228521,0.0,14988.48225815717,4714755.653515236,0.0,2357317.370362345,3081271.672943355,0.0,2.076094477006321E7
CE29_B3,CE29,B3,0,E,2021,7796027.326458591,1660351.2939002845,868664.1015672273,0.0,632081.4303844076,4634930.500606671,0.0,2357317.370362345,3081271.672943355,714442.3750905057,2.076094477006321E7
CE29_B3,CE29,B3,0,E,2022,7796027.326458591,1706839.6826689779,1151012.6417808384,0.0,330274.67324888933,4607900.328759885,0.0,2357317.370362345,3081271.672943355,672960.6180262247,2.076094477006321E7
CE29_B3,CE29,B3,0,E,2023,7796027.326458591,1927594.1904117954,960138.8996283138,0.0,210909.9825121711,4697384.25390631,0.0,2357317.370362345,3081271.672943355,503656.3082573685,2.0760944770063214E7
CE29_B3,CE29,B3,0,E,2024,7796027.326458591,2052487.100000389,853072.3565075145,0.0,229881.42028691908,4660586.4496637685,0.0,2357317.370362345,3081271.6729433555,414803.7152179793,2.076094477006321E7
CE29_B3,CE29,B3,0,E,2025,7796027.326458591,1932230.494638869,912203.1911613315,0.0,259395.42627943447,4692198.214378955,0.0,2357317.370362345,3081271.6729433555,519076.31152236037,2.076094477006321E7
CE29_B3,CE29,B3,0,E,2026,7796027.326458591,2236581.5731965904,627350.3904590382,0.0,223091.54278621296,4709003.820016749,0.0,2357317.3703623456,3081271.6729433555,315004.1143053541,2.0760944770063214E7
CE30_B3,CE30,B3,0,E,2021,8205012.233730719,1150939.188965891,1208227.4976114908,0.0,717827.4602472341,5128018.086906103,0.0,1656058.3013840022,2988989.72383767,534146.2260833741,1.9610214635281943E7
CE30_B3,CE30,B3,0,E,2026,8205012.233730719,1888479.9878184,862767.4956975898,0.0,241487.59207805558,5212277.158136674,0.0,1656058.3013840022,2988989.72383767,246136.96898854576,1.961021463528194E7
CE30_B3,CE30,B3,0,E,2020,8205012.23373072,1656058.3013840022,1294617.6315134384,0.0,38313.79094022863,5216022.509893051,0.0,1656058.3013840022,2988989.72383767,0.0,1.961021463528194E7
CE30_B3,CE30,B3,0,E,2022,8205012.23373072,1168637.9314635633,1597804.4604817706,0.0,666704.7084609087,4771865.133324477,0.0,1656058.3013840022,2988989.72383767,516874.6630067714,1.9610214635281943E7
CE30_B3,CE30,B3,0,E,2023,8205012.23373072,1394413.504590023,1402236.930748345,0.0,201359.46477753881,5207002.333614813,0.0,1656058.3013840022,2988989.72383767,386761.50535024016,1.961021463528194E7
CE30_B3,CE30,B3,0,E,2024,8205012.23373072,1718296.6790734087,1071685.714312385,0.0,256825.34398304057,5158204.496361885,0.0,1656058.3013840022,2988989.72383767,275582.34245216526,1.9610214635281935E7
CE30_B3,CE30,B3,0,E,2025,8205012.23373072,1428209.4130492865,1275456.6503866755,0.0,310342.1466427074,5191004.023652051,0.0,1656058.3013840022,2988989.72383767,461923.2316862219,1.9610214635281943E7
CE31_B3,CE31,B3,0,E,2020,7801063.993548913,2041264.0935963646,812593.2593539071,0.0,180904.01620600082,4766302.624392642,0.0,2041264.0935963646,3034761.369156273,0.0,2.2196184111650947E7
CE31_B3,CE31,B3,0,E,2021,7801063.993548913,1364237.3607664222,714790.5256542431,0.0,1059697.4688441858,4662338.638284063,0.0,2041264.0935963646,3034761.3691562726,702602.6417468202,2.2196184111650947E7
CE31_B3,CE31,B3,0,E,2024,7801063.993548913,1698106.3470422481,736922.9749434228,0.0,684171.2861572863,4681863.385405956,0.0,2041264.0935963646,3034761.369156273,524633.8376378077,2.2196184111650947E7
CE31_B3,CE31,B3,0,E,2025,7801063.993548913,1486567.1512587606,964596.9918903126,0.0,628747.9229697733,4721151.927430066,0.0,2041264.0935963646,3034761.369156273,673405.2681524239,2.2196184111650947E7
CE31_B3,CE31,B3,0,E,2026,7801063.993548913,1862520.4417660283,559762.5142444386,0.0,633918.7638250313,4744862.2737134155,0.0,2041264.093596365,3034761.3691562726,477389.5039797615,2.2196184111650947E7
CE31_B3,CE31,B3,0,E,2022,7801063.993548914,1285968.2143602858,1111797.1390626798,0.0,858253.4657638549,4545045.174362092,0.0,2041264.0935963646,3034761.369156273,777116.4638413076,2.219618411165095E7
CE31_B3,CE31,B3,0,E,2023,7801063.993548914,1429365.4842558617,992294.4095374313,0.0,641152.488761094,4738251.610994526,0.0,2041264.0935963646,3034761.369156273,663247.8886812397,2.2196184111650947E7
CE32_B3,CE32,B3,0,E,2020,7999890.010548191,1979682.4349235685,1421033.1401632573,0.0,26693.52181513169,4572480.913646234,0.0,1979682.4349235685,3427409.096901957,0.0,2.570262104775609E7
CE32_B3,CE32,B3,0,E,2021,7999890.010548191,1486195.377666489,1423171.458872268,0.0,614305.9969555724,4476217.177053862,0.0,1979682.4349235685,3427409.096901957,530488.6081858317,2.5702621047756094E7
CE32_B3,CE32,B3,0,E,2022,7999890.010548191,1384094.4655135213,1752364.5303897033,0.0,389257.2616775811,4474173.752967385,0.0,1979682.4349235685,3427409.096901957,647336.0182199515,2.570262104775609E7
CE32_B3,CE32,B3,0,E,2023,7999890.010548191,1524214.1590245268,1675571.5465584847,0.0,233558.16424102781,4566546.140724152,0.0,1979682.4349235685,3427409.096901957,536068.7764075486,2.570262104775609E7
CE32_B3,CE32,B3,0,E,2024,7999890.010548191,1949270.9372106518,1262387.8057207596,0.0,267500.12248077395,4520731.145136006,0.0,1979682.4349235685,3427409.0969019574,352664.0857411403,2.570262104775609E7
CE32_B3,CE32,B3,0,E,2025,7999890.010548192,1622436.1325879865,1563344.036185889,0.0,256346.0720715691,4557763.7697027465,0.0,1979682.4349235685,3427409.096901957,516894.61473532283,2.570262104775609E7
CE32_B3,CE32,B3,0,E,2026,7999890.010548192,2109889.128986763,1086275.6970388077,0.0,255322.04311218255,4548403.141410438,0.0,1979682.4349235685,3427409.096901957,305072.64022982726,2.5702621047756094E7
CE33_B3,CE33,B3,0,E,2020,8000659.496642409,2680681.021444642,1283864.5450789512,0.0,41674.43283487955,3994439.497283935,0.0,2680681.021444642,4006219.9993584724,0.0,3.414736449218577E7
CE33_B3,CE33,B3,0,E,2021,8000659.496642409,1785973.5158489451,1575231.6248761944,0.0,730072.329259087,3909382.026658181,0.0,2680681.021444642,4006219.9993584724,955231.6340876861,3.414736449218577E7
CE33_B3,CE33,B3,0,E,2022,8000659.496642409,1675349.6212304507,1858516.503694123,0.0,738900.3699746523,3727893.001743181,0.0,2680681.0214446425,4006219.9993584715,1070328.9400048947,3.4147364492185764E7
CE33_B3,CE33,B3,0,E,2023,8000659.496642409,1616812.077268264,1985060.811071089,0.0,422585.55835328944,3976201.049949765,0.0,2680681.021444642,4006219.9993584715,1125014.86357009,3.414736449218577E7
CE33_B3,CE33,B3,0,E,2024,8000659.496642409,2377240.0594204175,1269831.187104977,0.0,438956.5393870933,3914631.71072992,0.0,2680681.021444642,4006219.9993584724,626587.0526612228,3.414736449218577E7
CE33_B3,CE33,B3,0,E,2025,8000659.496642409,1919856.4489998317,1708143.450967916,0.0,395960.6581516041,3976698.9385230565,0.0,2680681.021444642,4006219.9993584724,955559.9987409704,3.414736449218577E7
CE33_B3,CE33,B3,0,E,2026,8000659.496642409,2486218.843440217,1162884.4221528594,0.0,381283.3259858075,3970272.9050635244,0.0,2680681.021444642,4006219.9993584724,623244.8064744837,3.4147364492185764E7
CE34_B3,CE34,B3,0,E,2022,8204720.839827684,952003.1140380261,2136965.869230862,0.0,418546.40312721406,4697205.453431581,0.0,1901870.369684017,3452637.4566516057,999601.6225245158,2.909702756505875E7
CE34_B3,CE34,B3,0,E,2023,8204720.839827684,962577.1237543742,2162043.99180606,0.0,338626.62241914036,4741473.101848108,0.0,1901870.369684017,3452637.4566516057,989657.1198165294,2.909702756505875E7
CE34_B3,CE34,B3,0,E,2024,8204720.839827684,1535863.9677045932,1639289.5390112186,0.0,311883.0531296075,4717684.279982263,0.0,1901870.369684017,3452637.4566516057,626814.0051777561,2.909702756505875E7
CE34_B3,CE34,B3,0,E,2026,8204720.839827684,1657909.4437683406,1496950.9252819885,0.0,310750.1598666322,4739110.31091072,0.0,1901870.3696840175,3452637.456651606,589735.6528206919,2.909702756505875E7
CE34_B3,CE34,B3,0,E,2020,8204720.839827686,1901870.369684017,1512082.434458864,0.0,38684.65250872444,4752083.383176077,0.0,1901870.369684017,3452637.4566516057,0.0,2.909702756505875E7
CE34_B3,CE34,B3,0,E,2021,8204720.839827686,1069103.0965419095,1568997.5759220796,0.0,894012.7458249258,4672607.421538767,0.0,1901870.369684017,3452637.4566516057,874369.038308656,2.909702756505875E7
CE34_B3,CE34,B3,0,E,2025,8204720.839827686,1187996.137789827,1932064.6690058392,0.0,342580.20877933875,4742079.824252678,0.0,1901870.369684017,3452637.4566516057,864446.878961361,2.909702756505875E7
CE35_B3,CE35,B3,0,E,2021,7801449.065153891,1329481.2361831968,1550887.9627383365,0.0,430333.80627127254,4490746.059961087,0.0,1969473.8582629636,3207215.2500198367,682328.9093409819,2.8964263947890695E7
CE35_B3,CE35,B3,0,E,2022,7801449.065153891,1195216.832635438,1773192.4002082078,0.0,263135.78906037577,4569904.043249871,0.0,1969473.8582629636,3207215.2500198376,806325.5628686941,2.8964263947890695E7
CE35_B3,CE35,B3,0,E,2023,7801449.065153891,1211652.2366768632,1743694.9167478972,0.0,268036.0403794831,4578065.871349649,0.0,1969473.8582629636,3207215.250019837,798465.3111521103,2.8964263947890695E7
CE35_B3,CE35,B3,0,E,2024,7801449.065153891,1661302.59111729,1355291.2512830845,0.0,237569.21445677514,4547286.008296742,0.0,1969473.8582629636,3207215.2500198367,549284.4856190102,2.89642639478907E7
CE35_B3,CE35,B3,0,E,2025,7801449.065153891,1411708.0297100593,1608769.211516646,0.0,199677.79745797554,4581294.026469212,0.0,1969473.858262964,3207215.2500198367,715189.9248335295,2.89642639478907E7
CE35_B3,CE35,B3,0,E,2026,7801449.065153891,1548155.4449299234,1488732.4945840577,0.0,173663.48602989045,4590897.639610021,0.0,1969473.8582629636,3207215.2500198367,604218.1748097138,2.89642639478907E7
CE35_B3,CE35,B3,0,E,2020,7801449.065153893,1969473.8582629636,1211235.8356911154,0.0,26505.556065757602,4594233.815134056,0.0,1969473.8582629636,3207215.2500198376,0.0,2.89642639478907E7
CE36_B3,CE36,B3,0,E,2020,7998917.627868114,2484819.1852821494,885097.524891124,0.0,13543.486601885628,4615457.431092954,0.0,2484819.1852821494,3383460.19677516,0.0,2.9727693042567413E7
CE36_B3,CE36,B3,0,E,2021,7998917.627868114,2074698.2081748215,1085521.0389474905,0.0,330017.48818942794,4508680.892556374,0.0,2484819.18528215,3383460.1967751593,497050.05960540776,2.9727693042567417E7
CE36_B3,CE36,B3,0,E,2022,7998917.627868114,1794719.5777848188,1363465.9190685197,0.0,241256.8386983834,4599475.292316392,0.0,2484819.18528215,3383460.19677516,733693.0978745405,2.9727693042567417E7
CE36_B3,CE36,B3,0,E,2023,7998917.627868114,1879633.537624703,1343076.7746336095,0.0,177167.59658427522,4599039.719025526,0.0,2484819.1852821494,3383460.19677516,664730.7177692488,2.9727693042567413E7
CE36_B3,CE36,B3,0,E,2025,7998917.627868114,2224521.210157656,1016946.0046515671,0.0,156398.21594196392,4601052.197116927,0.0,2484819.1852821494,3383460.19677516,468944.58273833035,2.9727693042567413E7
CE36_B3,CE36,B3,0,E,2026,7998917.627868114,2315617.453301015,922341.1303731581,0.0,147255.46851235186,4613703.575681588,0.0,2484819.18528215,3383460.19677516,414087.72404381254,2.9727693042567413E7
CE36_B3,CE36,B3,0,E,2024,7998917.627868115,2345640.739628212,869725.1448136572,0.0,209625.77070468082,4573925.972721564,0.0,2484819.1852821494,3383460.19677516,359705.53432602226,2.9727693042567413E7
CE37_B3,CE37,B3,0,E,2020,8204590.853386554,3197803.0118111405,735027.9985671699,0.0,9701.656407045852,4262058.186601197,0.0,3197803.0118111405,3942532.6667853566,0.0,3.546703555047936E7
CE37_B3,CE37,B3,0,E,2021,8204590.853386554,3056581.7927514766,787363.4889166738,0.0,196289.66362876142,4164355.9080896415,0.0,3197803.01181114,3942532.6667853566,238912.43972129072,3.546703555047936E7
CE37_B3,CE37,B3,0,E,2022,8204590.853386554,2741377.2824981394,1089961.076590295,0.0,127415.39702420702,4245837.097273912,0.0,3197803.0118111405,3942532.666785356,480336.0045377844,3.546703555047936E7
CE37_B3,CE37,B3,0,E,2023,8204590.853386554,2702120.2712648283,1146668.2334243176,0.0,109531.59831162996,4246270.750385778,0.0,3197803.0118111405,3942532.6667853566,521666.0014072493,3.546703555047936E7
CE37_B3,CE37,B3,0,E,2025,8204590.853386554,3147037.838758133,724323.6041225658,0.0,74838.84709424786,4258390.563411608,0.0,3197803.01181114,3942532.6667853566,303417.28104257025,3.546703555047936E7
CE37_B3,CE37,B3,0,E,2026,8204590.853386554,3167124.883257249,705926.920278422,0.0,65562.36238334505,4265976.687467538,0.0,3197803.0118111405,3942532.666785356,343771.1365467745,3.546703555047936E7
CE37_B3,CE37,B3,0,E,2024,8204590.853386555,3025586.3747631595,848420.9325518741,0.0,86340.77953299729,4244242.766538523,0.0,3197803.0118111405,3942532.666785356,301872.9132118375,3.546703555047936E7
CE38_B3,CE38,B3,0,E,2021,7801322.033051852,2283435.6108701816,812910.9381225586,0.0,301660.25335519825,4403315.230703915,0.0,2662135.6390059227,3368002.5004655435,412777.74703536695,2.9438363894739546E7
CE38_B3,CE38,B3,0,E,2023,7801322.033051852,2029977.3003567564,1142952.6151903637,0.0,188147.70324512557,4440244.414259608,0.0,2662135.6390059227,3368002.5004655435,641580.2407761517,2.9438363894739546E7
CE38_B3,CE38,B3,0,E,2026,7801322.033051852,2404547.268681246,847093.1595362944,0.0,106958.14754375385,4442723.45729056,0.0,2662135.6390059227,3368002.500465543,448530.2159910913,2.9438363894739546E7
CE38_B3,CE38,B3,0,E,2022,7801322.033051853,2000752.630993892,1173787.2726539758,0.0,197594.0567511465,4429188.072652839,0.0,2662135.6390059227,3368002.5004655435,667362.5550779755,2.943836389473955E7
CE38_B3,CE38,B3,0,E,2024,7801322.033051853,2310365.639954451,936118.4034828335,0.0,124903.85338143744,4429934.136233131,0.0,2662135.6390059227,3368002.500465543,422266.9745939068,2.9438363894739546E7
CE38_B3,CE38,B3,0,E,2020,7801322.033051854,2662135.6390059227,690149.0072895723,0.0,15717.854170047536,4433319.532586311,0.0,2662135.6390059227,3368002.500465543,0.0,2.9438363894739546E7
CE38_B3,CE38,B3,0,E,2025,7801322.033051854,2373932.289159229,867361.3965648278,0.0,121772.42356716978,4438255.923760627,0.0,2662135.6390059227,3368002.500465543,415662.02270567656,2.9438363894739542E7
CE39_B3,CE39,B3,0,E,2021,8203267.958747772,2033199.6731068029,1364715.2654450063,0.0,270236.3523726519,4535116.667823313,0.0,2521162.291585316,3630182.1617536657,568880.9656004963,3.0468480020900443E7
CE39_B3,CE39,B3,0,E,2022,8203267.958747772,1516427.028946102,1930105.6340898704,0.0,185821.51781406777,4570913.777897733,0.0,2521162.2915853164,3630182.1617536657,1014512.5125073602,3.0468480020900443E7
CE39_B3,CE39,B3,0,E,2020,8203267.9587477725,2521162.2915853164,1078741.6456580367,0.0,30278.224510312546,4573085.796994108,0.0,2521162.2915853164,3630182.1617536657,0.0,3.046848002090044E7
CE39_B3,CE39,B3,0,E,2023,8203267.9587477725,1625997.396675828,1818164.8279765113,0.0,178055.87002339083,4581049.864072043,0.0,2521162.2915853164,3630182.1617536657,905742.7393023025,3.0468480020900447E7
CE39_B3,CE39,B3,0,E,2024,8203267.9587477725,2198586.3473784504,1323280.2000517005,0.0,127440.20676275514,4553961.204554868,0.0,2521162.2915853164,3630182.1617536657,466543.1572414024,3.0468480020900443E7
CE39_B3,CE39,B3,0,E,2025,8203267.9587477725,2213967.8968120203,1292396.6044693892,0.0,116711.17111630907,4580192.286350055,0.0,2521162.2915853164,3630182.1617536657,459621.15202798287,3.0468480020900443E7
CE39_B3,CE39,B3,0,E,2026,8203267.9587477725,1968805.235619399,1567360.2968530995,0.0,82015.93697539685,4585086.4892998785,0.0,2521162.2915853164,3630182.161753665,656234.8541501213,3.0468480020900443E7
CE40_B3,CE40,B3,0,E,2020,7796705.347793218,2597657.630519912,1205001.4781020822,0.0,10488.80375031116,3983557.4354209146,0.0,2597657.630519912,3813147.9123723055,0.0,3.2408962551007554E7
CE40_B3,CE40,B3,0,E,2022,7796705.347793219,1816811.6907712745,1682807.2026936847,0.0,324233.0700539383,3972853.3842743216,0.0,2597657.630519912,3813147.9123723055,804726.0548635445,3.240896255100755E7
CE40_B3,CE40,B3,0,E,2023,7796705.347793219,1845081.2063550763,1833216.4853824987,0.0,130416.36776245716,3987991.288293187,0.0,2597657.630519912,3813147.912372305,795592.2244444605,3.2408962551007554E7
CE40_B3,CE40,B3,0,E,2024,7796705.347793219,2448925.3388507618,1252474.2279893465,0.0,112242.76114977669,3983063.019803335,0.0,2597657.630519912,3813147.912372305,388332.01075367647,3.2408962551007554E7
CE40_B3,CE40,B3,0,E,2025,7796705.347793219,2530337.6898743575,1184459.8188345518,0.0,94932.09397777483,3986975.745106536,0.0,2597657.630519912,3813147.9123723055,396014.89290879195,3.2408962551007554E7
CE40_B3,CE40,B3,0,E,2026,7796705.347793219,2101828.300873521,1619647.5285709158,0.0,85869.58785711549,3989359.9304916672,0.0,2597657.630519912,3813147.9123723055,668214.9898665185,3.2408962551007554E7
CE40_B3,CE40,B3,0,E,2021,7796705.34779322,2138672.732979269,1387098.2236638088,0.0,294131.8848665424,3976802.506283599,0.0,2597657.630519912,3813147.912372305,569337.6850508149,3.2408962551007554E7
CE41_B3,CE41,B3,0,E,2022,8208492.936690715,2503117.381213378,1748274.8644271551,0.0,356796.90818592143,3600303.78286426,0.0,3370163.945573395,4608189.153826456,899259.1379130045,4.1565986716770954E7
CE41_B3,CE41,B3,0,E,2026,8208492.936690715,2948166.6649600747,1477409.7883124854,0.0,182612.70055389404,3600303.78286426,0.0,3370163.945573395,4608189.153826456,638229.9964740828,4.1565986716770954E7
CE41_B3,CE41,B3,0,E,2020,8208492.936690716,3370163.945573395,1237136.6387950524,0.0,888.5694580078125,3600303.7828642605,0.0,3370163.945573395,4608189.1538264565,0.0,4.1565986716770954E7
CE41_B3,CE41,B3,0,E,2021,8208492.936690716,2675372.7326122806,1327271.0610421575,0.0,605545.3601720174,3600303.78286426,0.0,3370163.9455733956,4608189.153826456,743224.9197042129,4.1565986716770954E7
CE41_B3,CE41,B3,0,E,2023,8208492.936690716,2574085.4268005667,1784138.145596852,0.0,249965.58142903642,3600303.78286426,0.0,3370163.9455733956,4608189.1538264565,858570.8384836533,4.1565986716770954E7
CE41_B3,CE41,B3,0,E,2024,8208492.936690716,3227686.984886947,1145974.1093109131,0.0,234528.05962859507,3600303.78286426,0.0,3370163.9455733956,4608189.153826456,477900.06116862583,4.156598671677096E7
CE41_B3,CE41,B3,0,E,2025,8208492.936690716,3218704.828253114,1180244.7428578094,0.0,209239.58271553187,3600303.78286426,0.0,3370163.945573395,4608189.153826456,540322.3110987645,4.1565986716770954E7
CE42_B3,CE42,B3,0,E,2023,7795062.059930658,2856402.1722546155,993592.0672254375,0.0,149764.75897058228,3795303.0614800244,0.0,3339697.2261983533,3999758.9984506345,506105.51631568465,4.1579278026692584E7
CE42_B3,CE42,B3,0,E,2021,7795062.059930659,2969950.7426758716,756808.4274468814,0.0,272999.82832788205,3795303.0614800244,0.0,3339697.2261983533,3999758.9984506345,409889.3677953084,4.1579278026692584E7
CE42_B3,CE42,B3,0,E,2022,7795062.059930659,2819060.439808206,961305.0562352499,0.0,219393.5024071787,3795303.0614800244,0.0,3339697.2261983533,3999758.998450634,533693.9200360167,4.1579278026692584E7
CE42_B3,CE42,B3,0,E,2025,7795062.059930659,3008594.058169047,865525.7434956869,0.0,125639.19678590064,3795303.0614800244,0.0,3339697.2261983533,3999758.9984506345,431028.7393890979,4.1579278026692584E7
CE42_B3,CE42,B3,0,E,2020,7795062.05993066,3339697.2261983533,653841.7766468122,0.0,6219.99560546875,3795303.0614800244,0.0,3339697.2261983533,3999758.9984506345,0.0,4.1579278026692584E7
CE42_B3,CE42,B3,0,E,2024,7795062.05993066,3204800.5806907206,664392.0478994033,0.0,130566.36986051073,3795303.0614800244,0.0,3339697.2261983533,3999758.9984506345,290689.0136617623,4.1579278026692584E7
CE42_B3,CE42,B3,0,E,2026,7795062.05993066,3024778.201092111,795867.7354864981,0.0,179113.06187202607,3795303.0614800244,0.0,3339697.2261983533,3999758.9984506345,386031.3237275366,4.1579278026692584E7
CE43_B3,CE43,B3,0,E,2022,7999670.5237325635,2936289.104116193,841888.452319605,0.0,221759.763120554,3999733.2041762103,0.0,3277984.101346753,3999937.3195563518,351451.07210666436,4.538237946264983E7
CE43_B3,CE43,B3,0,E,2020,7999670.523732564,3277984.101346753,720157.8582019283,0.0,1795.3600076712814,3999733.2041762103,0.0,3277984.101346753,3999937.319556352,0.0,4.538237946264983E7
CE43_B3,CE43,B3,0,E,2021,7999670.523732565,3034212.935553039,709535.8920285093,0.0,256188.4919748045,3999733.2041762103,0.0,3277984.1013467535,3999937.3195563513,258400.4239329918,4.538237946264984E7
CE43_B3,CE43,B3,0,E,2023,7999670.523732565,2960377.103738942,881587.2226371616,0.0,157972.9931802488,3999733.2041762103,0.0,3277984.1013467535,3999937.3195563518,342193.6311164707,4.538237946264983E7
CE43_B3,CE43,B3,0,E,2024,7999670.523732565,3147424.7406842704,751233.8009353639,0.0,101278.7779367185,3999733.204176211,0.0,3277984.101346753,3999937.3195563513,220526.55991896085,4.538237946264983E7
CE43_B3,CE43,B3,0,E,2025,7999670.523732565,3009575.6853401037,904128.625462491,0.0,86233.00875375784,3999733.2041762103,0.0,3277984.101346753,3999937.3195563518,342579.17970554123,4.538237946264983E7
CE43_B3,CE43,B3,0,E,2026,7999670.523732565,3081716.988020025,732215.7582892026,0.0,186004.57324712418,3999733.204176211,0.0,3277984.101346753,3999937.3195563518,292857.2908475689,4.538237946264983E7
CE44_B3,CE44,B3,0,E,2020,4.996559414292082E7,2.4161205068485636E7,3001440.9477952546,0.0,278221.064985178,2.252472706165475E7,0.0,2.4161205068485636E7,2.744086708126607E7,0.0,3.145403276711604E8
CE44_B3,CE44,B3,0,E,2023,4.996559414292082E7,2.3258073287023146E7,3670606.8879368496,0.0,572879.5102914548,2.2464034457669366E7,0.0,2.4161205068485636E7,2.744086708126607E7,1194763.1996322335,3.1454032767116046E8
CE44_B3,CE44,B3,0,E,2024,4.996559414292082E7,2.306168400737748E7,3913370.686786128,0.0,616563.4404556274,2.237397600830159E7,0.0,2.4161205068485636E7,2.744086708126607E7,1386276.0752072202,3.1454032767116046E8
CE44_B3,CE44,B3,0,E,2025,4.996559414292082E7,2.3616823362711973E7,3337499.67895825,0.0,595951.5393218095,2.241531956192878E7,0.0,2.4161205068485636E7,2.744086708126607E7,1024464.878066448,3.1454032767116046E8
CE44_B3,CE44,B3,0,E,2021,4.996559414292083E7,2.3661520606616065E7,3266839.146801787,0.0,579209.971392523,2.2458024418110445E7,0.0,2.4161205068485636E7,2.7440867081266068E7,808985.3932425703,3.1454032767116046E8
CE44_B3,CE44,B3,0,E,2022,4.996559414292083E7,2.3038206656499017E7,3900341.139290575,0.0,612764.3267105999,2.2414282020420626E7,0.0,2.4161205068485633E7,2.744086708126607E7,1310852.5613362333,3.145403276711604E8
CE44_B3,CE44,B3,0,E,2026,4.996559414292083E7,2.3605020622254916E7,3381936.511783167,0.0,801986.6943787816,2.217665031450396E7,0.0,2.4161205068485636E7,2.744086708126607E7,1053705.0355322445,3.145403276711604E8
CW01_B3,CW01,B3,0,W,2020,8100622.759938317,2621321.3273958694,337567.23115410894,0.0,1030256.6824349498,4111477.5189533904,0.0,2621321.3273958694,3989145.2409849293,0.0,2.1200445193618562E7
CW01_B3,CW01,B3,0,W,2021,8100622.759938317,2523977.679559536,256728.30549172792,0.0,1231771.5103618547,4088145.2645252,0.0,2621321.3273958694,3989145.2409849283,141107.81104858997,2.1200445193618562E7
CW01_B3,CW01,B3,0,W,2022,8100622.759938317,2495782.784375718,237231.43070741542,0.0,1255960.6558394788,4111647.8890157067,0.0,2621321.32739587,3989145.2409849293,178840.061965703,2.1200445193618562E7
CW01_B3,CW01,B3,0,W,2024,8100622.759938317,2521244.3256972968,253229.64023898254,0.0,1190712.5498037303,4135436.244198309,0.0,2621321.327395869,3989145.2409849283,193728.1879241644,2.1200445193618562E7
CW01_B3,CW01,B3,0,W,2025,8100622.759938317,2427452.3495343677,351812.6700198604,0.0,1170049.9423667463,4151307.798017345,0.0,2621321.327395869,3989145.2409849283,255575.95628174423,2.1200445193618562E7
CW01_B3,CW01,B3,0,W,2026,8100622.759938317,2509267.308861617,194034.7355673996,0.0,1225898.9711803964,4171421.7443289063,0.0,2621321.327395869,3989145.240984929,218588.70343768547,2.1200445193618562E7
CW01_B3,CW01,B3,0,W,2023,8100622.759938318,2484907.3917800006,221088.27616376695,0.0,1217238.820587607,4177388.2714069444,0.0,2621321.32739587,3989145.2409849283,197501.6367596196,2.1200445193618562E7
CW02_B3,CW02,B3,0,W,2020,8009543.74643809,3413133.319556023,515167.64408084645,0.0,1024725.2753572055,3056517.5074440152,0.0,3413133.319556023,4953026.238994074,0.0,3.014972228021228E7
CW02_B3,CW02,B3,0,W,2021,8009543.74643809,3028399.353178167,265877.92861878633,0.0,1666786.5413328577,3048479.9233082794,0.0,3413133.319556023,4953026.238994075,445542.7658201329,3.014972228021228E7
CW02_B3,CW02,B3,0,W,2025,8009543.74643809,2644699.052329449,783144.5992011575,0.0,1500245.1126730228,3081454.9822344612,0.0,3413133.319556023,4953026.238994074,845634.7601275576,3.014972228021228E7
CW02_B3,CW02,B3,0,W,2022,8009543.746438091,2913037.7533086445,359114.24108689255,0.0,1683394.8195509964,3053996.9324915567,0.0,3413133.319556023,4953026.238994075,556293.0413601745,3.0149722280212283E7
CW02_B3,CW02,B3,0,W,2023,8009543.746438091,2916347.934448541,362028.62027917005,0.0,1637003.6183203603,3094163.573390018,0.0,3413133.319556023,4953026.238994075,584443.3621778301,3.0149722280212283E7
CW02_B3,CW02,B3,0,W,2024,8009543.746438091,2850577.2903697593,508264.64597069233,0.0,1582794.4527891271,3067907.357308511,0.0,3413133.319556023,4953026.238994075,662165.6819725484,3.014972228021228E7
CW02_B3,CW02,B3,0,W,2026,8009543.746438091,2967942.4592704023,280402.8094910866,0.0,1662408.0415847776,3098790.4360918235,0.0,3413133.319556023,4953026.238994075,631069.9471194397,3.014972228021228E7
CW03_B3,CW03,B3,0,W,2023,7799711.910207891,3066405.7033867035,373994.4192606309,0.0,1317169.5288773782,3042142.258683179,0.0,3580227.2269967473,4815921.904334723,572231.545881922,2.972642061832835E7
CW03_B3,CW03,B3,0,W,2024,7799711.910207891,3023457.9152966077,491780.6526385438,0.0,1290038.4482280659,2994434.894044675,0.0,3580227.2269967473,4815921.904334723,622693.7857402129,2.9726420618328344E7
CW03_B3,CW03,B3,0,W,2025,7799711.910207891,2894507.2451471975,670657.0458660051,0.0,1229460.4927623677,3005087.126432322,0.0,3580227.2269967473,4815921.904334723,749925.43132776,2.972642061832835E7
CW03_B3,CW03,B3,0,W,2026,7799711.910207891,3123484.1253672885,267313.0547285491,0.0,1360190.730079621,3048724.000032433,0.0,3580227.2269967473,4815921.904334723,590530.6338267308,2.972642061832835E7
CW03_B3,CW03,B3,0,W,2020,7799711.910207892,3580227.2269967473,445648.05557972024,0.0,790046.6217582554,2983790.0058731684,0.0,3580227.2269967473,4815921.904334722,0.0,2.9726420618328348E7
CW03_B3,CW03,B3,0,W,2021,7799711.910207892,3224434.0666311528,282125.40448072844,0.0,1299962.7331530107,2993189.705943,0.0,3580227.2269967473,4815921.904334723,409602.600574299,2.972642061832835E7
CW03_B3,CW03,B3,0,W,2022,7799711.910207892,3085007.843409759,376086.6054256663,0.0,1348100.1057005639,2990517.355671902,0.0,3580227.2269967473,4815921.904334723,543944.6865297505,2.972642061832835E7
CW04_B3,CW04,B3,0,W,2021,8006264.769914305,3785049.4612186505,451478.55085200886,0.0,684671.8923591465,3085064.8654844994,0.0,3958666.6011860566,4912341.910720885,276538.6503955617,2.369225042924607E7
CW04_B3,CW04,B3,0,W,2022,8006264.769914305,3767702.9278979134,449624.89898941934,0.0,692368.4457762477,3096568.4972507255,0.0,3958666.6011860557,4912341.910720885,314223.9029640946,2.3692250429246068E7
CW04_B3,CW04,B3,0,W,2025,8006264.769914305,3681588.15878607,600666.6573414521,0.0,621638.7297920375,3102371.223994745,0.0,3958666.6011860557,4912341.910720885,434765.9681386312,2.369225042924607E7
CW04_B3,CW04,B3,0,W,2026,8006264.769914305,3750138.7299509374,411139.36827569106,0.0,692860.7594453999,3152125.912242276,0.0,3958666.6011860566,4912341.910720885,378221.59239798156,2.369225042924607E7
CW04_B3,CW04,B3,0,W,2020,8006264.769914306,3958666.6011860557,527312.9490476721,0.0,426362.36048715626,3093922.8591934205,0.0,3958666.6011860557,4912341.910720885,0.0,2.369225042924607E7
CW04_B3,CW04,B3,0,W,2023,8006264.769914306,3746401.0845283354,450711.9246557198,0.0,679058.5424582687,3130093.2182719805,0.0,3958666.6011860557,4912341.910720885,333718.1436125213,2.369225042924607E7
CW04_B3,CW04,B3,0,W,2024,8006264.769914306,3854955.8858558205,398049.6137625003,0.0,648959.8718920839,3104299.3984039007,0.0,3958666.6011860566,4912341.910720885,310032.3700929829,2.369225042924607E7
CW05_B3,CW05,B3,0,W,2020,8211325.422388502,3422667.3755187397,1088826.6309029371,0.0,304641.698599303,3395189.717367524,0.0,3422667.3755187397,4816135.70502098,0.0,1.723006209515785E7
CW05_B3,CW05,B3,0,W,2022,8211325.422388502,3303277.5008211625,958848.049967418,0.0,576102.7651456048,3373097.106454318,0.0,3422667.3755187397,4816135.70502098,341920.42998827767,1.7230062095157847E7
CW05_B3,CW05,B3,0,W,2023,8211325.422388502,3247560.4937046426,1020527.061679496,0.0,522442.09799113555,3420795.7690132293,0.0,3422667.3755187397,4816135.70502098,368463.94213816326,1.7230062095157847E7
CW05_B3,CW05,B3,0,W,2024,8211325.422388502,3785840.0139570353,540352.041797653,0.0,491568.7201002233,3393564.646533592,0.0,3422667.3755187397,4816135.70502098,264012.53033557965,1.7230062095157847E7
CW05_B3,CW05,B3,0,W,2025,8211325.422388502,3334276.8647239534,1031613.9691531612,0.0,451972.9849229102,3393461.603588478,0.0,3422667.3755187397,4816135.70502098,421026.9213271197,1.7230062095157847E7
CW05_B3,CW05,B3,0,W,2026,8211325.422388502,3547294.658696942,642904.4508742089,0.0,589601.0808942607,3431525.2319230926,0.0,3422667.3755187397,4816135.70502098,355508.5503203448,1.7230062095157847E7
CW05_B3,CW05,B3,0,W,2021,8211325.422388503,3366376.91970894,979483.4342702229,0.0,484755.83880450675,3380709.2296048338,0.0,3422667.3755187397,4816135.70502098,305143.3884269565,1.7230062095157847E7
CW06_B3,CW06,B3,0,W,2020,8005970.513676601,2891701.6370206345,1491772.2665541407,0.0,322802.37012870645,3299694.2399731204,0.0,2891701.6370206345,4706276.273703482,0.0,1.6914276378212094E7
CW06_B3,CW06,B3,0,W,2021,8005970.513676601,2929981.3569576484,1285022.6127130846,0.0,518030.99258979346,3272935.551416075,0.0,2891701.6370206345,4706276.273703482,251485.67317699353,1.6914276378212098E7
CW06_B3,CW06,B3,0,W,2024,8005970.513676601,3423119.8557315897,740187.583472727,0.0,497910.7939008228,3344752.2805714626,0.0,2891701.6370206345,4706276.273703482,278431.0418390611,1.6914276378212098E7
CW06_B3,CW06,B3,0,W,2026,8005970.513676601,2949152.4905417943,1074333.8704699648,0.0,600153.4020167631,3382330.7506480794,0.0,2891701.6370206345,4706276.273703482,361231.3536584892,1.6914276378212094E7
CW06_B3,CW06,B3,0,W,2022,8005970.513676602,2812466.8668828933,1322779.2895661,0.0,587045.2054552266,3283679.1517723836,0.0,2891701.6370206345,4706276.273703482,345525.2634243834,1.6914276378212098E7
CW06_B3,CW06,B3,0,W,2023,8005970.513676602,3054087.7435387406,1078254.1210432164,0.0,507066.29437079333,3366562.3547238517,0.0,2891701.6370206345,4706276.273703482,372598.0849846035,1.6914276378212098E7
CW06_B3,CW06,B3,0,W,2025,8005970.513676603,2780201.134158594,1443780.462204518,0.0,455133.49120914226,3326855.4261043477,0.0,2891701.6370206345,4706276.273703482,514648.83931986487,1.6914276378212098E7
CW07_B3,CW07,B3,0,W,2021,8002810.252455408,3072106.0908284504,860034.705733505,0.0,704840.1659573723,3365829.2899360815,0.0,3350411.773473971,4612247.6539172605,400025.0646042469,1.953152585906977E7
CW07_B3,CW07,B3,0,W,2024,8002810.252455408,3379376.9105212037,490147.0861473233,0.0,686406.6854632208,3446879.5703236605,0.0,3350411.773473971,4612247.6539172605,340035.17828907684,1.953152585906977E7
CW07_B3,CW07,B3,0,W,2025,8002810.252455408,3144063.5959477746,779678.5365467146,0.0,651158.1789782954,3427909.940982625,0.0,3350411.7734739706,4612247.6539172605,555273.6580571793,1.953152585906977E7
CW07_B3,CW07,B3,0,W,2026,8002810.252455408,3145163.444681803,608267.5216555129,0.0,762850.186112258,3486529.1000058353,0.0,3350411.7734739706,4612247.6539172605,462123.17026355217,1.953152585906977E7
CW07_B3,CW07,B3,0,W,2020,8002810.252455409,3350411.773473971,820108.8278956694,0.0,441727.0525476195,3390562.5985381487,0.0,3350411.773473971,4612247.6539172605,0.0,1.953152585906977E7
CW07_B3,CW07,B3,0,W,2023,8002810.252455409,3119520.3364863675,713435.3171609915,0.0,723301.6021343457,3446552.9966737046,0.0,3350411.773473971,4612247.6539172605,455634.5878512215,1.953152585906977E7
CW07_B3,CW07,B3,0,W,2022,8002810.25245541,3113566.292465599,777945.8877027025,0.0,730305.6991046083,3380992.3731825,0.0,3350411.773473971,4612247.6539172605,403589.98406108783,1.953152585906977E7
CW08_B3,CW08,B3,0,W,2020,7806369.1648844695,3053821.83955503,849699.159650915,0.0,241633.23429469691,3661214.9313838286,0.0,3053821.83955503,4145154.2335006413,0.0,1.7335544161088742E7
CW08_B3,CW08,B3,0,W,2021,7806369.1648844695,2955977.2752775606,769519.4818874284,0.0,464923.0689504286,3615949.3387690536,0.0,3053821.83955503,4145154.2335006413,298605.05032402487,1.7335544161088742E7
CW08_B3,CW08,B3,0,W,2022,7806369.1648844695,2938490.6277177692,778609.3518881106,0.0,472803.1096042408,3616466.0756743494,0.0,3053821.8395550307,4145154.2335006413,291631.732778811,1.7335544161088742E7
CW08_B3,CW08,B3,0,W,2023,7806369.1648844695,2897077.78219416,819504.1974692252,0.0,393629.34799598245,3696157.8372251033,0.0,3053821.83955503,4145154.2335006413,327107.611221134,1.7335544161088742E7
CW08_B3,CW08,B3,0,W,2025,7806369.1648844695,2927512.545225375,890358.5403363993,0.0,313797.0101663626,3674701.069156333,0.0,3053821.83955503,4145154.2335006413,357586.75577434467,1.7335544161088742E7
CW08_B3,CW08,B3,0,W,2024,7806369.16488447,3049158.2519372674,702764.9483761955,0.0,376738.5246276556,3677707.439943351,0.0,3053821.83955503,4145154.2335006413,242284.3232352762,1.7335544161088742E7
CW08_B3,CW08,B3,0,W,2026,7806369.16488447,3253468.6996005485,419850.31539381435,0.0,393975.7385235356,3739074.4113665717,0.0,3053821.83955503,4145154.2335006413,198123.67503446693,1.7335544161088742E7
CW09_B3,CW09,B3,0,W,2024,8206144.48912491,3150198.254682204,1010129.3674460019,0.0,430342.34260149195,3615474.524395214,0.0,3126796.914020793,4609009.967759733,318508.3438817641,1.9993227293835837E7
CW09_B3,CW09,B3,0,W,2020,8206144.489124911,3126796.914020793,1150715.7268261183,0.0,331497.32691282383,3597134.5213651774,0.0,3126796.914020793,4609009.967759733,0.0,1.9993227293835837E7
CW09_B3,CW09,B3,0,W,2021,8206144.489124911,2888821.9053502404,1087421.6398384245,0.0,650812.9301914588,3579088.0137447887,0.0,3126796.914020793,4609009.967759734,397679.28942332545,1.9993227293835834E7
CW09_B3,CW09,B3,0,W,2022,8206144.489124911,2801467.6950439457,1249711.6215402943,0.0,613170.0049324785,3541795.1676081945,0.0,3126796.914020793,4609009.967759733,433274.2473332125,1.9993227293835837E7
CW09_B3,CW09,B3,0,W,2023,8206144.489124911,2974668.1479682475,1133984.7388993504,0.0,463915.4758919211,3633576.126365393,0.0,3126796.914020793,4609009.967759733,372560.09675774677,1.9993227293835837E7
CW09_B3,CW09,B3,0,W,2025,8206144.489124911,3027158.183057419,1181824.8764847103,0.0,379902.8935924156,3617258.5359903676,0.0,3126796.914020793,4609009.967759733,414063.8206812541,1.9993227293835837E7
CW09_B3,CW09,B3,0,W,2026,8206144.489124911,3091314.7572513362,928227.5242099839,0.0,512135.0034506107,3674467.2042129817,0.0,3126796.914020793,4609009.967759734,385905.048978469,1.9993227293835837E7
CW10_B3,CW10,B3,0,W,2020,8008188.48837331,3871912.410852799,703413.2904716342,0.0,142843.5146635467,3290019.2723853313,0.0,3871912.410852799,4718169.215987979,0.0,2.3946418403262414E7
CW10_B3,CW10,B3,0,W,2024,8008188.48837331,3730184.7630154183,580043.6989827773,0.0,407221.34678144276,3290738.6795936725,0.0,3871912.410852799,4718169.215987979,367454.8934877283,2.394641840326242E7
CW10_B3,CW10,B3,0,W,2026,8008188.48837331,3813932.767917618,405216.2802900426,0.0,448956.23001843615,3340083.2101472146,0.0,3871912.410852799,4718169.215987979,314083.4252126058,2.394641840326242E7
CW10_B3,CW10,B3,0,W,2021,8008188.488373311,3569944.6090903482,625020.5290224561,0.0,547886.9812709136,3265336.368989593,0.0,3871912.410852799,4718169.215987979,394304.7879445095,2.394641840326242E7
CW10_B3,CW10,B3,0,W,2025,8008188.488373311,3646032.5505739995,702724.0428734871,0.0,377914.7567264632,3281517.1381993606,0.0,3871912.410852799,4718169.215987979,428569.3813324872,2.3946418403262418E7
CW10_B3,CW10,B3,0,W,2022,8008188.488373312,3641944.3318444043,587125.2744214523,0.0,525037.0316051707,3254081.850502283,0.0,3871912.410852799,4718169.215987979,358419.2020341462,2.3946418403262418E7
CW10_B3,CW10,B3,0,W,2023,8008188.488373312,3674402.1447722493,574113.3151367188,0.0,470678.74278669164,3288994.2856776514,0.0,3871912.410852799,4718169.215987979,377765.0665164723,2.3946418403262418E7
CW11_B3,CW11,B3,0,W,2023,7797027.199958023,4984674.678812004,639472.3706334432,0.0,733184.1863324333,1439695.9641801422,0.0,5422000.690937026,6351820.924683395,543121.3509568457,4.225814019311284E7
CW11_B3,CW11,B3,0,W,2026,7797027.199958023,4990264.278912324,390086.3349383187,0.0,944079.415270338,1472597.1708370433,0.0,5422000.690937026,6351820.924683395,656718.7036299462,4.225814019311284E7
CW11_B3,CW11,B3,0,W,2020,7797027.199958024,5422000.690937026,647888.0758892583,0.0,281932.15785710956,1445206.2752746283,0.0,5422000.690937026,6351820.924683394,0.0,4.225814019311284E7
CW11_B3,CW11,B3,0,W,2021,7797027.199958024,5155231.699754213,455427.61998000805,0.0,761208.9043140187,1425158.975909783,0.0,5422000.690937027,6351820.924683394,368948.74064169487,4.225814019311284E7
CW11_B3,CW11,B3,0,W,2022,7797027.199958024,5044326.137104647,605875.7163236731,0.0,697775.9393241733,1449049.4072055293,0.0,5422000.690937027,6351820.924683394,456349.69562198414,4.225814019311284E7
CW11_B3,CW11,B3,0,W,2024,7797027.199958024,5003126.949527517,552903.3353055469,0.0,793463.3122705198,1447533.602854441,0.0,5422000.690937026,6351820.924683396,608602.7226104736,4.225814019311284E7
CW11_B3,CW11,B3,0,W,2025,7797027.199958024,4834686.657464959,688995.8197336536,0.0,829304.2391277238,1444040.4836316877,0.0,5422000.690937026,6351820.924683394,823897.9009941249,4.225814019311284E7
CW12_B3,CW12,B3,0,W,2020,8210691.37644707,2709809.822188703,1192490.8593969007,0.0,922107.1925149654,3386283.502346503,0.0,2709809.822188703,4824407.874100569,0.0,2.8174594617442053E7
CW12_B3,CW12,B3,0,W,2024,8210691.37644707,2461297.6290474385,887047.2937000648,0.0,1449219.1709691964,3413127.2827303717,0.0,2709809.8221887033,4824407.87410057,583783.8385918112,2.817459461744205E7
CW12_B3,CW12,B3,0,W,2021,8210691.376447072,2339724.95282138,577375.0174628163,0.0,1926298.0389548806,3367293.367207995,0.0,2709809.822188703,4824407.874100569,442787.58273785166,2.817459461744205E7
CW12_B3,CW12,B3,0,W,2022,8210691.376447072,2221939.4819463994,1165813.112010582,0.0,1452154.2824022179,3370784.5000878726,0.0,2709809.822188703,4824407.87410057,530725.6722109028,2.8174594617442053E7
CW12_B3,CW12,B3,0,W,2023,8210691.376447072,2356111.483857847,1012960.6986463356,0.0,1452648.6244347664,3388970.569508123,0.0,2709809.822188703,4824407.874100569,564536.5539154353,2.817459461744205E7
CW12_B3,CW12,B3,0,W,2025,8210691.376447072,2414435.3011151184,1006515.435976365,0.0,1404473.0391830446,3385267.6001725444,0.0,2709809.8221887033,4824407.87410057,616720.8835462383,2.817459461744205E7
CW12_B3,CW12,B3,0,W,2026,8210691.376447072,2676112.1392839914,594864.1333306105,0.0,1523828.824057156,3415886.2797753126,0.0,2709809.822188703,4824407.87410057,556853.4309016209,2.817459461744205E7
CW13_B3,CW13,B3,0,W,2020,8003089.193317461,2305273.6099622836,950405.8983593811,0.0,868881.5916918587,3878528.0933039347,0.0,2305273.6099622836,4124561.1000135243,0.0,2.2437131662571717E7
CW13_B3,CW13,B3,0,W,2021,8003089.193317461,2030424.2479766847,446569.95944614796,0.0,1703495.4143721338,3822599.571522492,0.0,2305273.6099622836,4124561.1000135243,352046.1388107599,2.2437131662571717E7
CW13_B3,CW13,B3,0,W,2022,8003089.193317461,1870502.621427678,898207.7360788682,0.0,1440090.8077342312,3794288.02807668,0.0,2305273.6099622836,4124561.1000135243,474879.9471105239,2.2437131662571717E7
CW13_B3,CW13,B3,0,W,2023,8003089.193317461,2103906.6657819855,658803.161952329,0.0,1286022.2999038398,3954357.0656793024,0.0,2305273.6099622836,4124561.1000135243,453621.94367403514,2.2437131662571717E7
CW13_B3,CW13,B3,0,W,2024,8003089.193317461,1974218.5037684422,831508.8701429479,0.0,1293670.6560541189,3903691.1633519484,0.0,2305273.6099622836,4124561.1000135243,468076.1054869708,2.243713166257172E7
CW13_B3,CW13,B3,0,W,2025,8003089.193317461,2237633.2229149914,653941.5782226264,0.0,1210375.8354381784,3901138.5567416614,0.0,2305273.6099622836,4124561.1000135243,445614.62962359254,2.2437131662571717E7
CW13_B3,CW13,B3,0,W,2026,8003089.193317461,2161120.5275733504,523726.5859696332,0.0,1347668.9186193428,3970573.1611551316,0.0,2305273.6099622836,4124561.1000135243,452687.57405060413,2.2437131662571717E7
CW14_B3,CW14,B3,0,W,2021,7805341.956489053,2488751.8502622717,524992.2434107163,0.0,627886.8254181807,4163711.0373978857,0.0,2474700.039508954,3558963.701258372,121903.67930677826,1.691188416291202E7
CW14_B3,CW14,B3,0,W,2020,7805341.956489054,2474700.039508954,834377.7864286536,0.0,249885.8753207637,4246378.255230683,0.0,2474700.039508954,3558963.701258372,0.0,1.691188416291202E7
CW14_B3,CW14,B3,0,W,2023,7805341.956489054,2570074.7607202856,584643.3835576377,0.0,355060.444803036,4295563.367408094,0.0,2474700.039508954,3558963.701258372,159272.31496163164,1.691188416291202E7
CW14_B3,CW14,B3,0,W,2024,7805341.956489054,2597198.078149085,546827.2124282836,0.0,384770.09009363514,4276546.575818051,0.0,2474700.039508954,3558963.7012583716,178443.1474022061,1.691188416291202E7
CW14_B3,CW14,B3,0,W,2025,7805341.956489054,2702391.437882277,467239.9799652101,0.0,369166.82886750466,4266543.709774062,0.0,2474700.039508954,3558963.701258372,189381.434046218,1.6911884162912015E7
CW14_B3,CW14,B3,0,W,2026,7805341.956489054,2546997.4360501454,493375.66718959436,0.0,458122.89378270163,4306845.959466612,0.0,2474700.039508954,3558963.701258372,218366.82979523906,1.691188416291202E7
CW14_B3,CW14,B3,0,W,2022,7805341.9564890545,2428443.424461514,748811.8303356994,0.0,521158.70224232395,4106927.9994495166,0.0,2474700.039508954,3558963.7012583725,163352.28164699778,1.691188416291202E7
CW15_B3,CW15,B3,0,W,2020,8003141.668377804,2605267.6413905723,777636.4761707082,0.0,214999.62880138322,4405237.922015142,0.0,2605267.6413905723,3597903.746362664,0.0,1.3410644617146121E7
CW15_B3,CW15,B3,0,W,2021,8003141.668377804,2530011.567731222,562518.7277391921,0.0,622667.3360468847,4287944.036860508,0.0,2605267.6413905723,3597903.746362663,221070.5076923744,1.3410644617146121E7
CW15_B3,CW15,B3,0,W,2022,8003141.668377804,2390337.3558264636,866821.8294354009,0.0,572267.8544110167,4173714.6287049237,0.0,2605267.6413905723,3597903.746362664,281945.5349213843,1.3410644617146121E7
CW15_B3,CW15,B3,0,W,2025,8003141.668377804,2564924.243254687,690561.8268078374,0.0,324353.73294354597,4423301.865371734,0.0,2605267.6413905723,3597903.746362664,248153.2503899967,1.3410644617146121E7
CW15_B3,CW15,B3,0,W,2026,8003141.668377804,2542494.823463021,618454.1050111359,0.0,359391.4782007255,4482801.261702923,0.0,2605267.6413905723,3597903.746362664,253557.62367481907,1.3410644617146121E7
CW15_B3,CW15,B3,0,W,2023,8003141.6683778055,2444220.267877855,775244.9253668992,0.0,328325.6337204877,4455350.841412564,0.0,2605267.6413905723,3597903.746362664,294743.20309843175,1.3410644617146121E7
CW15_B3,CW15,B3,0,W,2024,8003141.6683778055,2762439.307980227,458125.14560525934,0.0,336261.7633055743,4446315.451486745,0.0,2605267.6413905723,3597903.746362664,159376.3268120261,1.3410644617146118E7
CW16_B3,CW16,B3,0,W,2025,8008065.622427129,1617739.9282730105,526982.4648562863,0.0,431556.4866565779,5431786.742641256,0.0,1877357.677001385,2587077.0424666754,403183.9269513298,9848881.119199563
CW16_B3,CW16,B3,0,W,2026,8008065.622427129,1764608.530125188,292846.53935295553,0.0,447456.0419137095,5503154.5110352775,0.0,1877357.6770013846,2587077.0424666754,283538.5434280994,9848881.119199563
CW16_B3,CW16,B3,0,W,2020,8008065.62242713,1877357.677001385,455264.7068995158,0.0,254454.65856577558,5420988.579960454,0.0,1877357.677001385,2587077.0424666754,0.0,9848881.119199563
CW16_B3,CW16,B3,0,W,2021,8008065.62242713,1670112.843925626,344741.85648684035,0.0,734014.2963011798,5259196.625713483,0.0,1877357.677001385,2587077.0424666754,290611.76874682854,9848881.119199565
CW16_B3,CW16,B3,0,W,2022,8008065.62242713,1648172.781832227,469615.76688666246,0.0,942585.580801601,4947691.492906638,0.0,1877357.6770013846,2587077.042466675,321901.48566215375,9848881.119199563
CW16_B3,CW16,B3,0,W,2024,8008065.62242713,1752958.9134105905,327040.3958782121,0.0,442038.8164726706,5486027.496665657,0.0,1877357.6770013848,2587077.0424666754,276041.77085667034,9848881.119199563
CW16_B3,CW16,B3,0,W,2023,8008065.622427131,1655256.5131113394,393964.8584114225,0.0,465673.843972898,5493170.406931471,0.0,1877357.677001385,2587077.0424666754,319112.67709030444,9848881.119199565
CW17_B3,CW17,B3,0,W,2025,8004211.06963109,2926316.2346212952,682574.659764189,0.0,771498.2256085862,3623821.94963702,0.0,3230324.924671278,4353557.114662291,521708.2517659805,1.9228401786472693E7
CW17_B3,CW17,B3,0,W,2020,8004211.069631091,3230324.924671278,643900.9610665115,0.0,479331.22892450064,3650653.9549688003,0.0,3230324.924671278,4353557.114662291,0.0,1.9228401786472693E7
CW17_B3,CW17,B3,0,W,2021,8004211.069631091,2858712.31002661,602888.173704499,0.0,981622.2131583418,3560988.372741639,0.0,3230324.924671278,4353557.114662291,462085.90697509167,1.9228401786472697E7
CW17_B3,CW17,B3,0,W,2023,8004211.069631091,2943596.3072228525,497316.12448470184,0.0,863498.7406353818,3699799.8972881543,0.0,3230324.924671278,4353557.1146622915,437714.04432498704,1.9228401786472697E7
CW17_B3,CW17,B3,0,W,2026,8004211.069631091,3145814.048952979,298360.84254288016,0.0,849028.2298686006,3711007.9482666305,0.0,3230324.924671278,4353557.114662291,361470.5942351697,1.9228401786472697E7
CW17_B3,CW17,B3,0,W,2022,8004211.069631092,2868187.3972973693,602130.5062875187,0.0,1196367.4392329198,3337525.726813282,0.0,3230324.924671278,4353557.11466229,482818.95888626995,1.9228401786472693E7
CW17_B3,CW17,B3,0,W,2024,8004211.069631092,3048692.263253336,455135.5520790848,0.0,853124.941287112,3647258.3130115583,0.0,3230324.924671278,4353557.114662291,389980.0259250417,1.9228401786472693E7
CW18_B3,CW18,B3,0,W,2022,8008322.959314862,2334398.7084093876,533598.9652598661,0.0,926121.2307437075,4214204.054901902,0.0,2666970.939194982,3681841.682521087,457796.7977863387,2.157601318655719E7
CW18_B3,CW18,B3,0,W,2020,8008322.959314863,2666970.939194982,586607.8254389744,0.0,428262.9178871305,4326481.276793775,0.0,2666970.939194982,3681841.682521087,0.0,2.157601318655719E7
CW18_B3,CW18,B3,0,W,2021,8008322.959314863,2366784.737939991,512079.966392936,0.0,864911.3967900592,4264546.858191876,0.0,2666970.939194982,3681841.682521087,388283.6099946863,2.157601318655719E7
CW18_B3,CW18,B3,0,W,2023,8008322.959314863,2344297.0732477224,418084.16660081455,0.0,862756.7326266421,4383184.986839684,0.0,2666970.939194982,3681841.682521087,454799.15707358567,2.1576013186557185E7
CW18_B3,CW18,B3,0,W,2024,8008322.959314863,2348396.252378875,466420.93359398935,0.0,868638.4278693706,4324867.345472628,0.0,2666970.939194982,3681841.682521086,489648.20174653304,2.1576013186557185E7
CW18_B3,CW18,B3,0,W,2025,8008322.959314863,2218397.471432555,732119.5007705688,0.0,760570.3589571484,4297235.62815459,0.0,2666970.939194982,3681841.682521086,632523.5703846351,2.1576013186557185E7
CW18_B3,CW18,B3,0,W,2026,8008322.959314863,2431544.2459133375,302379.3884214514,0.0,866916.9039750942,4407482.42100498,0.0,2666970.9391949824,3681841.682521087,454330.4233622233,2.1576013186557185E7
CW19_B3,CW19,B3,0,W,2021,8002983.1920214165,1442597.109217326,120859.19048581591,0.0,2168189.39836333,4271337.493954947,0.0,1697766.9069356285,3686833.96511422,304306.6142795638,2.2381341874357697E7
CW19_B3,CW19,B3,0,W,2020,8002983.192021417,1697766.9069356285,352865.4796075859,0.0,1636201.5785710055,4316149.226907199,0.0,1697766.9069356285,3686833.96511422,0.0,2.2381341874357697E7
CW19_B3,CW19,B3,0,W,2022,8002983.192021417,1321981.165629847,195800.41643987916,0.0,2226363.9726595413,4258837.637292152,0.0,1697766.906935628,3686833.96511422,409851.3974669512,2.2381341874357697E7
CW19_B3,CW19,B3,0,W,2023,8002983.192021417,1334688.6775574628,143423.92491595697,0.0,2177694.617733525,4347175.971814474,0.0,1697766.9069356285,3686833.96511422,423403.36036583397,2.2381341874357697E7
CW19_B3,CW19,B3,0,W,2024,8002983.192021417,1337611.0037610524,203745.56017132924,0.0,2144926.5221266802,4316700.1059623575,0.0,1697766.906935628,3686833.96511422,428361.4475135354,2.2381341874357693E7
CW19_B3,CW19,B3,0,W,2025,8002983.192021417,1302052.1984370812,328465.76012360817,0.0,2049540.8568644805,4322924.37659625,0.0,1697766.906935628,3686833.96511422,458333.6333485024,2.2381341874357697E7
CW19_B3,CW19,B3,0,W,2026,8002983.192021417,1340042.5713904288,142908.90797451246,0.0,2159647.2900953707,4360384.422561107,0.0,1697766.906935628,3686833.96511422,450960.86595327343,2.2381341874357697E7
CW20_B3,CW20,B3,0,W,2020,8008435.727891629,1495479.1625903563,298991.422818083,0.0,2188774.0651608934,4025191.0773222977,0.0,1495479.1625903563,3983244.6505693323,0.0,2.3983445358864427E7
CW20_B3,CW20,B3,0,W,2021,8008435.72789163,1258482.5304135494,118202.45583849138,0.0,2626413.636096371,4005337.105543219,0.0,1495479.1625903563,3983244.6505693323,260307.87845497878,2.398344535886443E7
CW20_B3,CW20,B3,0,W,2022,8008435.72789163,1173738.7947574393,157614.14264547313,0.0,2669187.3292115154,4007895.4612772027,0.0,1495479.162590356,3983244.650569332,334341.28440031165,2.3983445358864427E7
CW20_B3,CW20,B3,0,W,2023,8008435.72789163,1182128.4192251768,157416.77218813432,0.0,2637965.226141358,4030925.3103369623,0.0,1495479.1625903563,3983244.6505693323,337218.1089771944,2.3983445358864427E7
CW20_B3,CW20,B3,0,W,2024,8008435.72789163,1180428.4411427518,243649.62645179898,0.0,2565874.5246348064,4018483.1356622735,0.0,1495479.162590356,3983244.650569332,343192.9454962637,2.3983445358864427E7
CW20_B3,CW20,B3,0,W,2025,8008435.72789163,1148698.7549587176,406639.2169921277,0.0,2427585.724112896,4025512.0318278894,0.0,1495479.1625903563,3983244.6505693323,372539.8916333366,2.398344535886443E7
CW20_B3,CW20,B3,0,W,2026,8008435.72789163,1222937.547017505,163087.09115304388,0.0,2589091.190348098,4033319.8993729837,0.0,1495479.162590356,3983244.650569332,350867.5031068989,2.3983445358864427E7
CW21_B3,CW21,B3,0,W,2023,8004245.173510531,1073341.1555694882,260967.8209590239,0.0,1994290.8470816817,4675645.349900339,0.0,1478379.3311526726,3324569.8666543397,423500.1619433833,1.9838195303071532E7
CW21_B3,CW21,B3,0,W,2020,8004245.173510533,1478379.3311526729,366376.204160982,0.0,1479814.3313406855,4679675.306856192,0.0,1478379.3311526729,3324569.8666543397,0.0,1.9838195303071532E7
CW21_B3,CW21,B3,0,W,2021,8004245.173510533,1144211.6653819964,179797.67111460367,0.0,2018128.3416452745,4662107.495368658,0.0,1478379.3311526729,3324569.8666543397,349886.8028049245,1.9838195303071532E7
CW21_B3,CW21,B3,0,W,2022,8004245.173510533,1067542.7968043608,248397.16998039695,0.0,2026389.7431466195,4661915.463579155,0.0,1478379.3311526729,3324569.8666543397,417547.8411335964,1.9838195303071532E7
CW21_B3,CW21,B3,0,W,2024,8004245.173510533,1074072.1029035083,299990.42573242186,0.0,1961484.8965671614,4668697.748307441,0.0,1478379.3311526726,3324569.8666543397,428371.2045209997,1.9838195303071532E7
CW21_B3,CW21,B3,0,W,2025,8004245.173510533,1025185.4096951953,423650.6556739059,0.0,1876503.864427574,4678905.243713858,0.0,1478379.3311526729,3324569.8666543397,466410.35746807023,1.9838195303071532E7
CW21_B3,CW21,B3,0,W,2026,8004245.173510533,1087468.207036426,238043.65901582004,0.0,1996962.2991764443,4681771.008281842,0.0,1478379.3311526724,3324569.8666543397,440022.66178445256,1.9838195303071536E7
CW22_B3,CW22,B3,0,W,2020,8006211.862468704,1879071.9448109947,501114.763054283,0.0,1617926.6455777339,4008098.509025693,0.0,1879071.9448109947,3998113.3534430102,0.0,2.3449176662417453E7
CW22_B3,CW22,B3,0,W,2021,8006211.862468704,1520564.213781888,210234.66634692022,0.0,2270603.407365208,4004809.574974688,0.0,1879071.9448109947,3998113.3534430102,406579.7693994559,2.344917666241745E7
CW22_B3,CW22,B3,0,W,2022,8006211.862468704,1395042.2778397503,274124.8928073659,0.0,2332924.2637876626,4004120.428033926,0.0,1879071.9448109947,3998113.3534430102,513251.8267307655,2.344917666241745E7
CW22_B3,CW22,B3,0,W,2023,8006211.862468704,1343483.9674035464,294537.19148810883,0.0,2358589.6225714586,4009601.0810055896,0.0,1879071.9448109947,3998113.3534430102,566920.4062115838,2.344917666241745E7
CW22_B3,CW22,B3,0,W,2024,8006211.862468704,1355405.347846985,343993.45649659407,0.0,2296339.315319914,4010473.7428052113,0.0,1879071.9448109947,3998113.3534430102,574479.6869581036,2.344917666241745E7
CW22_B3,CW22,B3,0,W,2026,8006211.862468704,1416524.5473184926,271690.39821202896,0.0,2305533.166577118,4012463.7503610644,0.0,1879071.944810995,3998113.3534430102,592862.844325017,2.3449176662417453E7
CW22_B3,CW22,B3,0,W,2025,8006211.862468705,1306661.7562209489,521229.2973586737,0.0,2164884.5096747302,4013436.2992143515,0.0,1879071.9448109947,3998113.3534430102,611721.4183168599,2.344917666241745E7
CW23_B3,CW23,B3,0,W,2020,8006496.301956624,2213982.282534461,531639.774613085,0.0,1208660.3474921132,4052213.8973169667,0.0,2213982.282534461,3954282.4046396594,0.0,2.5563177232843075E7
CW23_B3,CW23,B3,0,W,2025,8006496.301956624,1501435.2956694663,511125.48621787276,0.0,1937335.4743888706,4056600.0456804163,0.0,2213982.282534461,3954282.404639659,757175.1630212523,2.5563177232843075E7
CW23_B3,CW23,B3,0,W,2026,8006496.301956624,1602878.240801942,222005.01866688454,0.0,2115732.7490580543,4065880.293429745,0.0,2213982.282534461,3954282.4046396594,722674.6475968605,2.5563177232843082E7
CW23_B3,CW23,B3,0,W,2021,8006496.301956625,1814217.9683433683,227844.18013727525,0.0,1925492.9115500655,4038941.2419259166,0.0,2213982.2825344605,3954282.404639659,461950.3576427983,2.5563177232843075E7
CW23_B3,CW23,B3,0,W,2022,8006496.301956625,1671656.172526251,345361.61190987384,0.0,1958091.5642934467,4031386.9532270543,0.0,2213982.2825344605,3954282.404639659,594927.3956781125,2.5563177232843075E7
CW23_B3,CW23,B3,0,W,2023,8006496.301956625,1587198.0123587514,316604.4338545257,0.0,2042482.3747016161,4060211.481041733,0.0,2213982.2825344605,3954282.404639659,670181.007170464,2.5563177232843075E7
CW23_B3,CW23,B3,0,W,2024,8006496.301956625,1609328.5775605445,317855.1941690183,0.0,2020563.741938632,4058748.788288431,0.0,2213982.282534461,3954282.404639659,683425.3109296612,2.5563177232843075E7
CW24_B3,CW24,B3,0,W,2022,8211992.176512203,1571865.3606473736,473715.0008834241,0.0,2030002.7885339176,4136409.0264474903,0.0,2226642.172159861,4065074.4325894513,694140.4438368853,3.0164072970588326E7
CW24_B3,CW24,B3,0,W,2024,8211992.176512203,1555452.8186418123,416281.1079121309,0.0,2081585.9019635068,4158672.3479947555,0.0,2226642.172159861,4065074.4325894513,745722.8903632668,3.0164072970588326E7
CW24_B3,CW24,B3,0,W,2023,8211992.176512204,1538283.5639785768,342559.58212202485,0.0,2179025.5170193543,4152123.5133922505,0.0,2226642.172159861,4065074.4325894513,740203.5809294158,3.0164072970588326E7
CW24_B3,CW24,B3,0,W,2020,8211992.176512205,2226642.1721598604,690118.3034983018,0.0,1148313.95693129,4146917.7439227533,0.0,2226642.1721598604,4065074.4325894513,0.0,3.0164072970588326E7
CW24_B3,CW24,B3,0,W,2021,8211992.176512205,1720736.658201629,305822.9389305265,0.0,2044603.3334346998,4140829.2459453503,0.0,2226642.172159861,4065074.4325894513,567492.7458975699,3.0164072970588326E7
CW24_B3,CW24,B3,0,W,2025,8211992.176512205,1475971.5244126562,651476.124479735,0.0,1927081.6731363633,4157462.8544834503,0.0,2226642.172159861,4065074.4325894513,821436.6547666664,3.0164072970588326E7
CW24_B3,CW24,B3,0,W,2026,8211992.176512205,1629117.751043701,257643.98186678413,0.0,2160523.028378176,4164707.415223544,0.0,2226642.172159861,4065074.4325894513,742291.7414257873,3.0164072970588323E7
CW25_B3,CW25,B3,0,W,2021,8003007.992026686,1297446.7691255156,141082.34679726994,0.0,2562996.742798839,4001482.13330506,0.0,1891156.6321855432,4001525.858721625,608120.5042463116,2.9467119694466628E7
CW25_B3,CW25,B3,0,W,2024,8003007.992026686,1171270.3805109363,267672.1777888279,0.0,2562583.3004218605,4001482.1333050607,0.0,1891156.6321855434,4001525.858721625,749250.6426046932,2.9467119694466624E7
CW25_B3,CW25,B3,0,W,2025,8003007.992026686,1153959.1831592934,371659.44877187687,0.0,2475907.226790454,4001482.13330506,0.0,1891156.6321855432,4001525.858721625,765036.4683257159,2.946711969446662E7
CW25_B3,CW25,B3,0,W,2020,8003007.992026687,1891156.6321855432,330541.78754709277,0.0,1779827.4389889888,4001482.13330506,0.0,1891156.6321855432,4001525.858721625,0.0,2.946711969446662E7
CW25_B3,CW25,B3,0,W,2022,8003007.992026687,1189559.1998643465,270615.73158886476,0.0,2541350.927268414,4001482.13330506,0.0,1891156.6321855432,4001525.858721625,712261.6325195313,2.9467119694466628E7
CW25_B3,CW25,B3,0,W,2023,8003007.992026687,1159283.9385118973,212916.76711342006,0.0,2629325.153096307,4001482.13330506,0.0,1891156.6321855434,4001525.858721625,748543.4532416551,2.9467119694466624E7
CW25_B3,CW25,B3,0,W,2026,8003007.992026687,1144682.3041032082,243686.07002141615,0.0,2613121.091399668,4001518.5265023927,0.0,1891156.6321855434,4001525.858721625,785166.4341260125,2.9467119694466624E7
CW26_B3,CW26,B3,0,W,2025,7806194.933901109,1335194.7784066892,485430.65793346334,0.0,2067905.1721633314,3917664.325397625,0.0,2053991.0571777045,3888776.069115344,775084.4016091739,3.0391293503331386E7
CW26_B3,CW26,B3,0,W,2020,7806194.93390111,2053991.0571777045,418317.7285879397,0.0,1416467.2833496993,3917418.864785766,0.0,2053991.0571777045,3888776.069115344,0.0,3.0391293503331386E7
CW26_B3,CW26,B3,0,W,2021,7806194.93390111,1505612.2271517585,139181.0968317967,0.0,2251166.145683588,3910235.464233966,0.0,2053991.0571777045,3888776.0691153435,608360.7659321802,3.0391293503331386E7
CW26_B3,CW26,B3,0,W,2022,7806194.93390111,1409291.769240166,314940.3508027619,0.0,2178434.929123762,3903527.8847344182,0.0,2053991.0571777045,3888776.0691153435,688475.0257107604,3.039129350333138E7
CW26_B3,CW26,B3,0,W,2023,7806194.93390111,1360020.591672411,305458.4067099477,0.0,2219557.4757844806,3921158.4597342694,0.0,2053991.0571777045,3888776.0691153435,740934.3795409559,3.039129350333138E7
CW26_B3,CW26,B3,0,W,2024,7806194.93390111,1350204.6625955317,384269.5277008955,0.0,2156189.679729177,3915531.0638755043,0.0,2053991.0571777045,3888776.0691153435,763163.9677850461,3.0391293503331386E7
CW26_B3,CW26,B3,0,W,2026,7806194.93390111,1335703.054800804,339739.31376959104,0.0,2207073.2947698254,3923679.270560888,0.0,2053991.0571777045,3888776.0691153435,814209.8398877013,3.039129350333138E7
CW27_B3,CW27,B3,0,W,2020,8208010.114983142,2238063.2829546463,241465.6457485125,0.0,1077351.9053031171,4651129.280976866,0.0,2238063.2829546463,3556880.834006275,0.0,2.963260079986925E7
CW27_B3,CW27,B3,0,W,2021,8208010.114983142,1669569.6375715663,70586.02645230759,0.0,1835960.1253793156,4631894.325579952,0.0,2238063.2829546463,3556880.8340062755,584180.4416884778,2.9632600799869247E7
CW27_B3,CW27,B3,0,W,2022,8208010.114983142,1603713.3400823856,239972.24595944272,0.0,1734926.2376483092,4629398.291293005,0.0,2238063.282954646,3556880.8340062755,640470.8976680981,2.963260079986925E7
CW27_B3,CW27,B3,0,W,2023,8208010.114983142,1611344.563023406,203580.90695519545,0.0,1741140.3914919982,4651944.253512543,0.0,2238063.282954646,3556880.8340062755,646228.1070331949,2.963260079986925E7
CW27_B3,CW27,B3,0,W,2024,8208010.114983142,1604873.3088127584,239509.46517259188,0.0,1717928.0028157255,4645699.3381820675,0.0,2238063.282954646,3556880.8340062755,659289.2580219043,2.963260079986925E7
CW27_B3,CW27,B3,0,W,2025,8208010.114983142,1631558.6380329207,321965.5033278821,0.0,1601535.871698387,4652950.101923953,0.0,2238063.2829546463,3556880.8340062755,657262.5640158859,2.963260079986925E7
CW27_B3,CW27,B3,0,W,2026,8208010.114983142,1640688.28416012,153831.83307294658,0.0,1756190.1398079966,4657299.85794208,0.0,2238063.282954646,3556880.8340062755,656461.0645936255,2.963260079986925E7
CW28_B3,CW28,B3,0,W,2021,7805478.799331423,1511757.7808448344,61261.09890088848,0.0,2154691.467508832,4077768.452076872,0.0,1895437.299643992,3700615.6706994446,397102.2387680352,3.3217851172217213E7
CW28_B3,CW28,B3,0,W,2022,7805478.799331423,1453424.4060930142,208901.16506981946,0.0,2079897.5012427839,4063255.72692581,0.0,1895437.299643992,3700615.670699445,447340.1728307686,3.3217851172217213E7
CW28_B3,CW28,B3,0,W,2023,7805478.799331423,1433997.808748253,207447.95553406357,0.0,2062650.8678593352,4101382.1671897746,0.0,1895437.299643992,3700615.670699445,468445.0606876148,3.3217851172217213E7
CW28_B3,CW28,B3,0,W,2025,7805478.799331423,1462646.054956444,315526.0218501969,0.0,1924786.6918496524,4102520.0306751337,0.0,1895437.299643992,3700615.670699445,469176.97900971054,3.3217851172217213E7
CW28_B3,CW28,B3,0,W,2020,7805478.799331424,1895437.2996439917,278301.4119635488,0.0,1526876.9590919048,4104863.1286319816,0.0,1895437.2996439917,3700615.670699445,0.0,3.3217851172217213E7
CW28_B3,CW28,B3,0,W,2024,7805478.799331424,1450532.7276078172,245640.87760282028,0.0,2012584.828609511,4096720.3655112777,0.0,1895437.2996439917,3700615.6706994446,464891.9079643698,3.3217851172217213E7
CW28_B3,CW28,B3,0,W,2026,7805478.799331424,1479960.1994299798,175180.49357853312,0.0,2040786.4618514713,4109551.644471443,0.0,1895437.2996439917,3700615.6706994446,471538.0380636477,3.3217851172217213E7
CW29_B3,CW29,B3,0,W,2020,8206904.610920115,2240051.8318508673,359500.10536753334,0.0,1302315.3624355244,4305037.311266192,0.0,2240051.8318508673,3901867.299653925,0.0,3.5733049807015635E7
CW29_B3,CW29,B3,0,W,2021,8206904.610920115,2050042.5063086716,136052.87738222608,0.0,1752422.0976848828,4268387.129544336,0.0,2240051.8318508673,3901867.299653925,213556.74487205956,3.5733049807015635E7
CW29_B3,CW29,B3,0,W,2022,8206904.610920115,1977166.2466721477,188695.9406702079,0.0,1775031.6880553898,4266010.735522371,0.0,2240051.831850867,3901867.299653925,273118.7777459836,3.5733049807015635E7
CW29_B3,CW29,B3,0,W,2023,8206904.610920115,1960980.081229954,187605.96385713463,0.0,1749728.2806532616,4308590.285179766,0.0,2240051.831850867,3901867.299653925,289996.0626416076,3.5733049807015635E7
CW29_B3,CW29,B3,0,W,2024,8206904.610920115,1968372.5971302108,237547.30990394138,0.0,1704932.6160440182,4296052.087841946,0.0,2240051.831850867,3901867.299653925,294889.6246754066,3.5733049807015635E7
CW29_B3,CW29,B3,0,W,2025,8206904.610920115,1982995.5870787078,298340.65230566286,0.0,1606959.1403045354,4318609.231231211,0.0,2240051.8318508673,3901867.2996539245,295737.87718718284,3.573304980701563E7
CW29_B3,CW29,B3,0,W,2026,8206904.610920115,2003446.4387270461,204508.43150111177,0.0,1674686.029107277,4324263.711584682,0.0,2240051.8318508673,3901867.2996539245,303312.1400072285,3.5733049807015635E7
CW30_B3,CW30,B3,0,W,2020,7801556.467803027,2419126.29784136,320523.11834342807,0.0,1013084.3342542461,4048822.7173639936,0.0,2419126.29784136,3752733.750439034,0.0,3.5755417799664244E7
CW30_B3,CW30,B3,0,W,2021,7801556.467803027,2160406.117336378,143338.87002204446,0.0,1484712.4631637877,4013099.017280818,0.0,2419126.29784136,3752733.750439034,291256.38941204594,3.5755417799664244E7
CW30_B3,CW30,B3,0,W,2022,7801556.467803027,2073750.0846137851,273314.14706214453,0.0,1447061.64660842,4007430.5895186784,0.0,2419126.29784136,3752733.750439034,360399.03992312565,3.5755417799664244E7
CW30_B3,CW30,B3,0,W,2023,7801556.467803027,2065353.7889446784,253849.36968641094,0.0,1423877.8976368925,4058475.4115350465,0.0,2419126.29784136,3752733.750439034,380215.6164025999,3.5755417799664244E7
CW30_B3,CW30,B3,0,W,2024,7801556.467803027,2081413.6142523973,250466.04422763002,0.0,1435174.3890490665,4034502.420273934,0.0,2419126.29784136,3752733.750439034,383594.7604568781,3.5755417799664244E7
CW30_B3,CW30,B3,0,W,2026,7801556.467803027,1963024.1689931834,334194.42365252925,0.0,1470206.367348256,4034131.507809059,0.0,2419126.29784136,3752733.750439034,487258.4259987027,3.5755417799664244E7
CW30_B3,CW30,B3,0,W,2025,7801556.4678030275,1997515.022506056,376960.2038697785,0.0,1388969.3292704863,4038111.912156707,0.0,2419126.29784136,3752733.750439033,449722.05842647183,3.5755417799664244E7
CW31_B3,CW31,B3,0,W,2020,8006145.086138886,2502964.5449487423,484813.8064301434,0.0,1016176.4000253417,4002190.33473466,0.0,2502964.5449487423,4003954.7514042268,0.0,3.1399835321834248E7
CW31_B3,CW31,B3,0,W,2022,8006145.086138886,2138597.2419365374,276183.44195499795,0.0,1589174.067512692,4002190.33473466,0.0,2502964.5449487423,4003954.7514042268,488504.667032758,3.139983532183425E7
CW31_B3,CW31,B3,0,W,2023,8006145.086138886,2088839.0517298977,316390.1074121513,0.0,1598725.5922621782,4002190.33473466,0.0,2502964.5449487423,4003954.751404227,510035.2197006825,3.139983532183425E7
CW31_B3,CW31,B3,0,W,2024,8006145.086138886,2212422.5429407456,196871.34170173196,0.0,1594660.8667617498,4002190.3347346596,0.0,2502964.5449487423,4003954.7514042268,504190.2515007767,3.139983532183425E7
CW31_B3,CW31,B3,0,W,2025,8006145.086138886,2110201.7032999676,309884.18196557736,0.0,1583868.866138683,4002190.3347346596,0.0,2502964.5449487427,4003954.7514042268,538098.7621213128,3.1399835321834244E7
CW31_B3,CW31,B3,0,W,2021,8006145.086138887,2247706.6367241354,165481.03985158884,0.0,1590767.0748285034,4002190.33473466,0.0,2502964.5449487423,4003954.7514042268,390369.09255978453,3.139983532183425E7
CW31_B3,CW31,B3,0,W,2026,8006145.086138887,2128325.036635874,233386.71049379837,0.0,1642243.0042745555,4002190.33473466,0.0,2502964.5449487423,4003954.7514042268,539986.1544655893,3.139983532183425E7
CW32_B3,CW32,B3,0,W,2020,8212022.338923407,2331282.3374701706,499894.85789609427,0.0,1025468.2534591374,4355376.890098003,0.0,2331282.3374701706,3856645.4488254027,0.0,3.054262007744347E7
CW32_B3,CW32,B3,0,W,2023,8212022.338923407,2137873.2139276545,340029.3343500175,0.0,1379125.4145437803,4354994.376101954,0.0,2331282.33747017,3856645.4488254027,291675.0053940418,3.054262007744347E7
CW32_B3,CW32,B3,0,W,2026,8212022.338923407,2167041.292325338,263237.4670510685,0.0,1427896.748813016,4353846.830733983,0.0,2331282.3374701706,3856645.4488254027,333012.79027563357,3.054262007744347E7
CW32_B3,CW32,B3,0,W,2022,8212022.338923408,2070144.5201802272,394858.66615759156,0.0,1442108.177600158,4304910.974985429,0.0,2331282.33747017,3856645.4488254027,312904.2017370486,3.054262007744347E7
CW32_B3,CW32,B3,0,W,2024,8212022.338923408,2224130.6409546197,272175.3798091814,0.0,1390314.9037197935,4325401.41443981,0.0,2331282.33747017,3856645.4488254027,285948.9220963123,3.054262007744347E7
CW32_B3,CW32,B3,0,W,2021,8212022.338923409,2268097.6698157517,161758.531856851,0.0,1457999.3664371266,4324166.7708136765,0.0,2331282.3374701706,3856645.4488254027,184710.00411972345,3.054262007744347E7
CW32_B3,CW32,B3,0,W,2025,8212022.338923409,2199977.647898446,274065.2307104373,0.0,1385872.915290294,4352106.545024228,0.0,2331282.33747017,3856645.4488254027,308206.6092619354,3.0542620077443466E7
CW33_B3,CW33,B3,0,W,2020,8005283.768798648,2617616.0194481644,173704.00574520335,0.0,816840.1584228217,4397123.585182459,0.0,2617616.0194481644,3608160.1836161898,0.0,3.0055035207923733E7
CW33_B3,CW33,B3,0,W,2021,8005283.768798648,2508326.9264227473,119614.69255404006,0.0,994811.341450052,4382530.808371809,0.0,2617616.0194481644,3608160.1836161898,129657.54215922634,3.0055035207923733E7
CW33_B3,CW33,B3,0,W,2026,8005283.768798648,2387061.667581117,128406.12251461254,0.0,1084509.7586896408,4405306.220013278,0.0,2617616.0194481644,3608160.1836161898,269267.22927168297,3.0055035207923733E7
CW33_B3,CW33,B3,0,W,2022,8005283.768798649,2417047.2198235905,134964.79099228804,0.0,1082629.480655416,4370642.277327354,0.0,2617616.0194481644,3608160.1836161898,217051.44895139209,3.0055035207923733E7
CW33_B3,CW33,B3,0,W,2023,8005283.768798649,2416421.4388190475,135400.9112571866,0.0,1044699.8108002009,4408761.607922213,0.0,2617616.0194481644,3608160.1836161898,220975.68423853855,3.0055035207923733E7
CW33_B3,CW33,B3,0,W,2024,8005283.768798649,2404440.0955873975,145415.76986230587,0.0,1065014.916352126,4390412.986996819,0.0,2617616.0194481644,3608160.1836161893,236350.84053380624,3.0055035207923733E7
CW33_B3,CW33,B3,0,W,2025,8005283.768798649,2395722.6216483917,150153.0989079494,0.0,1066260.9803704952,4393147.067871812,0.0,2617616.0194481644,3608160.1836161898,250524.3725404627,3.0055035207923733E7
CW34_B3,CW34,B3,0,W,2020,8004135.9770418955,2611251.726523366,145320.2587726668,0.0,573015.8461758483,4674548.145570015,0.0,2611251.726523366,3329587.8314718804,0.0,2.6953588026092738E7
CW34_B3,CW34,B3,0,W,2021,8004135.9770418955,2595498.7369154384,61313.696179199214,0.0,682886.0643621109,4664437.4795851465,0.0,2611251.726523366,3329587.831471881,66197.16661679138,2.6953588026092738E7
CW34_B3,CW34,B3,0,W,2022,8004135.9770418955,2554904.504193714,83580.92776351629,0.0,713683.0874279246,4651967.457656741,0.0,2611251.726523366,3329587.831471881,108332.95808976116,2.6953588026092738E7
CW34_B3,CW34,B3,0,W,2023,8004135.9770418955,2555700.821585173,72605.28684892842,0.0,691502.0754791857,4684327.793128609,0.0,2611251.7265233654,3329587.831471881,116035.72372071509,2.6953588026092738E7
CW34_B3,CW34,B3,0,W,2024,8004135.9770418955,2542773.4245951334,72097.3983876247,0.0,716912.9632843317,4672352.190774806,0.0,2611251.726523366,3329587.831471881,136421.59473918838,2.6953588026092738E7
CW34_B3,CW34,B3,0,W,2025,8004135.9770418955,2511918.4856596407,90886.80023016837,0.0,735955.9001584521,4665374.790993635,0.0,2611251.726523366,3329587.831471881,153669.3622942457,2.6953588026092738E7
CW34_B3,CW34,B3,0,W,2026,8004135.9770418955,2485849.6702820123,94069.58419455733,0.0,735527.549082468,4688689.173482858,0.0,2611251.726523366,3329587.831471881,187894.7241625318,2.695358802609274E7
CW35_B3,CW35,B3,0,W,2020,8005095.598342718,2902757.6991730337,451771.5001786475,0.0,485942.319422015,4164624.0795690194,0.0,2902757.6991730337,3840471.5187736964,0.0,3.0609477919589736E7
CW35_B3,CW35,B3,0,W,2021,8005095.598342718,3084531.2788839606,157500.26854260016,0.0,636251.9510605755,4126812.0998555794,0.0,2902757.6991730337,3840471.5187736964,72800.44328589345,3.0609477919589736E7
CW35_B3,CW35,B3,0,W,2022,8005095.598342718,2932219.244655983,331201.4913023107,0.0,597719.6934827019,4143955.16890172,0.0,2902757.6991730337,3840471.5187736964,140061.04750452976,3.0609477919589736E7
CW35_B3,CW35,B3,0,W,2023,8005095.598342718,2981139.768095189,264259.54729437735,0.0,581039.5939480052,4178656.689005145,0.0,2902757.6991730337,3840471.5187736964,130831.16048392502,3.0609477919589736E7
CW35_B3,CW35,B3,0,W,2024,8005095.598342718,3076241.6295248293,164790.85890520882,0.0,597745.977588489,4166317.132324188,0.0,2902757.6991730337,3840471.5187736964,126862.10531119553,3.0609477919589736E7
CW35_B3,CW35,B3,0,W,2026,8005095.598342718,2981403.6687537096,242909.06963085098,0.0,599366.874010632,4181415.9859475223,0.0,2902757.6991730337,3840471.5187736964,168252.56988689944,3.0609477919589736E7
CW35_B3,CW35,B3,0,W,2025,8005095.598342719,2994225.8338176054,245852.97075973212,0.0,600731.4837428671,4164285.3100225106,0.0,2902757.6991730337,3840471.5187736964,160388.30696632536,3.0609477919589736E7
CW36_B3,CW36,B3,0,W,2020,8007306.715458977,3267783.982121157,356144.89164120547,0.0,251682.19567793305,4131695.646018683,0.0,3267783.982121157,3875611.0694402964,0.0,3.394364731896904E7
CW36_B3,CW36,B3,0,W,2023,8007306.715458977,3143906.8212208776,354081.8340229408,0.0,373714.0286572325,4135604.031557928,0.0,3267783.982121158,3875611.0694402964,196583.5017996096,3.394364731896903E7
CW36_B3,CW36,B3,0,W,2025,8007306.715458977,3143158.2756979256,334946.0569104961,0.0,396066.5003938862,4133135.8824566705,0.0,3267783.982121158,3875611.069440296,223549.44229499967,3.394364731896903E7
CW36_B3,CW36,B3,0,W,2026,8007306.715458977,3148827.9038764806,256289.4693530513,0.0,462065.212177471,4140124.130051975,0.0,3267783.982121158,3875611.0694402964,238266.59917046045,3.394364731896903E7
CW36_B3,CW36,B3,0,W,2021,8007306.715458978,3215963.6375062834,231589.98674926755,0.0,465327.4597773235,4094425.6314261043,0.0,3267783.982121158,3875611.069440296,132392.04288704068,3.394364731896903E7
CW36_B3,CW36,B3,0,W,2022,8007306.715458978,3200187.3756246534,315609.9529921887,0.0,376889.06527668075,4114620.3215654558,0.0,3267783.982121158,3875611.0694402964,170286.78321228028,3.394364731896903E7
CW36_B3,CW36,B3,0,W,2024,8007306.715458978,3231682.787693548,238159.46149294983,0.0,409425.5483290429,4128038.9179434385,0.0,3267783.982121157,3875611.069440296,176529.59827043122,3.394364731896903E7
CW37_B3,CW37,B3,0,W,2020,7805600.941641086,3273488.985033671,205987.09333074233,0.0,145045.52707181443,4181079.336204858,0.0,3273488.985033671,3624521.605436228,0.0,3.1267229935783543E7
CW37_B3,CW37,B3,0,W,2021,7805600.941641086,3215875.0938731777,121181.19542741962,0.0,315366.32801645313,4153178.324324036,0.0,3273488.9850336714,3624521.605436228,140208.02345404532,3.1267229935783543E7
CW37_B3,CW37,B3,0,W,2022,7805600.941641086,3118653.186723178,276239.85538108676,0.0,256208.58721843045,4154499.3123183907,0.0,3273488.9850336714,3624521.605436228,195177.50639241538,3.1267229935783543E7
CW37_B3,CW37,B3,0,W,2023,7805600.941641086,3190253.60877874,218059.84869552313,0.0,215654.8996547624,4181632.58451206,0.0,3273488.9850336714,3624521.605436228,172420.43059677424,3.1267229935783543E7
CW37_B3,CW37,B3,0,W,2024,7805600.941641086,3209646.6221969305,171316.6519174015,0.0,263616.6547247494,4161021.012802005,0.0,3273488.9850336714,3624521.605436228,162555.8548523548,3.1267229935783543E7
CW37_B3,CW37,B3,0,W,2025,7805600.941641086,3166902.3383751963,241134.9051881977,0.0,217410.83253128952,4180152.8655464025,0.0,3273488.9850336714,3624521.605436228,195644.65882415773,3.1267229935783543E7
CW37_B3,CW37,B3,0,W,2026,7805600.941641086,3191906.1442745435,162784.45985672896,0.0,271645.99939871393,4179264.3381111,0.0,3273488.9850336714,3624521.605436228,184954.883887736,3.126722993578354E7
CW38_B3,CW38,B3,0,W,2020,8206188.054069698,3161471.2270134124,152638.06812780045,0.0,244777.90397075575,4647300.8549577305,0.0,3161471.2270134124,3558887.1991119687,0.0,2.4857525919175483E7
CW38_B3,CW38,B3,0,W,2025,8206188.054069698,3185177.5592962233,81488.28593651266,0.0,277694.68258559285,4661827.52625137,0.0,3161471.2270134124,3558887.1991119687,59195.01562335445,2.4857525919175483E7
CW38_B3,CW38,B3,0,W,2021,8206188.0540697,3211589.47086415,65356.4147983925,0.0,338957.79046606924,4590284.377941087,0.0,3161471.2270134124,3558887.1991119687,31373.02041730694,2.4857525919175483E7
CW38_B3,CW38,B3,0,W,2022,8206188.0540697,3183990.157518724,86565.6139279833,0.0,343185.36134245637,4592446.921280536,0.0,3161471.2270134124,3558887.1991119687,46715.62251916025,2.4857525919175483E7
CW38_B3,CW38,B3,0,W,2023,8206188.0540697,3129941.5880857585,135130.55297672047,0.0,284174.5131593592,4656941.399847861,0.0,3161471.2270134124,3558887.1991119687,108004.93712684781,2.4857525919175483E7
CW38_B3,CW38,B3,0,W,2024,8206188.0540697,3203189.6125278254,65317.24583548751,0.0,301866.31777592085,4635814.877930465,0.0,3161471.2270134124,3558887.1991119687,47882.1125189987,2.4857525919175483E7
CW38_B3,CW38,B3,0,W,2026,8206188.054069701,3193277.157550348,57060.08294417437,0.0,290699.7772341859,4665151.03634099,0.0,3161471.2270134124,3558887.1991119687,68707.29081046909,2.4857525919175483E7
CW39_B3,CW39,B3,0,W,2025,8005551.125687151,3028727.2332662544,46841.17361094157,0.0,304991.03234608966,4624991.686463867,0.0,2983457.289731165,3393400.2231043507,123038.23373368208,1.969491698091622E7
CW39_B3,CW39,B3,0,W,2021,8005551.125687152,3044519.516391411,65477.09434099384,0.0,334287.42667595355,4561267.0882787965,0.0,2983457.289731165,3393400.2231043507,82632.80763358322,1.969491698091622E7
CW39_B3,CW39,B3,0,W,2022,8005551.125687152,2887328.3020654125,205167.2889248717,0.0,348549.3909092024,4564506.143787668,0.0,2983457.289731165,3393400.2231043507,194106.6160657995,1.969491698091622E7
CW39_B3,CW39,B3,0,W,2023,8005551.125687152,3022325.481888087,49515.09012029311,0.0,317540.2156488755,4616170.338029899,0.0,2983457.289731165,3393400.2231043507,124210.71591829786,1.969491698091622E7
CW39_B3,CW39,B3,0,W,2024,8005551.125687152,3042092.490929608,28784.426856067133,0.0,327125.3883098527,4607548.8195916265,0.0,2983457.289731165,3393400.2231043507,116169.8099780812,1.9694916980916224E7
CW39_B3,CW39,B3,0,W,2020,8005551.125687153,2983457.289731165,205929.05943866805,0.0,204013.87393451767,4612150.902582803,0.0,2983457.289731165,3393400.2231043507,0.0,1.969491698091622E7
CW39_B3,CW39,B3,0,W,2026,8005551.125687153,2993445.015524622,69564.5039908914,0.0,313880.147860269,4628661.458311372,0.0,2983457.2897311645,3393400.2231043507,153573.91202467377,1.969491698091622E7
CW40_B3,CW40,B3,0,W,2020,8007544.033021158,3364863.683352632,294565.2356287938,0.0,42066.124799032776,4306048.9892406985,0.0,3364863.683352632,3701495.0437804586,0.0,2.129555341994572E7
CW40_B3,CW40,B3,0,W,2021,8007544.033021158,3449161.406802638,84356.6981829475,0.0,188136.60951307707,4285889.318522494,0.0,3364863.683352632,3701495.0437804586,48221.78461558024,2.129555341994572E7
CW40_B3,CW40,B3,0,W,2022,8007544.033021158,3394641.490768792,216631.7377826766,0.0,108104.98441524131,4288165.820054447,0.0,3364863.6833526315,3701495.0437804586,97068.0287686217,2.129555341994572E7
CW40_B3,CW40,B3,0,W,2023,8007544.033021158,3502695.481103456,102614.01255974866,0.0,96316.40628234265,4305918.133075609,0.0,3364863.683352632,3701495.0437804586,39345.46784856459,2.129555341994572E7
CW40_B3,CW40,B3,0,W,2026,8007544.033021158,3478680.166326366,134425.47358018465,0.0,81441.86383723839,4312996.5292773675,0.0,3364863.6833526315,3701495.0437804586,55178.85905459534,2.129555341994572E7
CW40_B3,CW40,B3,0,W,2024,8007544.0330211595,3512368.013586396,97754.99695129397,0.0,86398.99085624545,4311022.031627221,0.0,3364863.683352632,3701495.0437804586,36331.971796880985,2.129555341994572E7
CW40_B3,CW40,B3,0,W,2025,8007544.0330211595,3494302.229388099,122134.916324421,0.0,77406.12198570101,4313700.765322935,0.0,3364863.6833526315,3701495.043780458,37164.35338670319,2.129555341994572E7
CW41_B3,CW41,B3,0,W,2021,8008567.735951889,3567289.7284262264,207025.44015748266,0.0,194873.21934180165,4039379.3480263795,0.0,3599571.6786275525,3961956.630080847,132803.82797133503,1.994564100115575E7
CW41_B3,CW41,B3,0,W,2024,8008567.735951889,3539525.806883149,347745.25957414217,0.0,68095.71672426112,4053200.952770338,0.0,3599571.6786275525,3961956.6300808466,204077.8616608863,1.994564100115575E7
CW41_B3,CW41,B3,0,W,2025,8008567.735951889,3733020.3966209856,156718.7813093896,0.0,67700.84615693934,4051127.711864576,0.0,3599571.678627552,3961956.6300808466,86909.68549631156,1.994564100115575E7
CW41_B3,CW41,B3,0,W,2026,8008567.735951889,3498823.593811663,381740.88969307696,0.0,74981.94542864632,4053021.307018504,0.0,3599571.678627552,3961956.6300808466,200566.55974148022,1.994564100115575E7
CW41_B3,CW41,B3,0,W,2020,8008567.73595189,3599571.6786275525,341981.39207293943,0.0,20403.559380355535,4046611.1058710436,0.0,3599571.6786275525,3961956.630080847,0.0,1.994564100115575E7
CW41_B3,CW41,B3,0,W,2022,8008567.73595189,3495942.014588778,369150.2482211544,0.0,100344.54721945968,4043130.9259224976,0.0,3599571.6786275525,3961956.6300808466,211353.62128628002,1.9945641001155745E7
CW41_B3,CW41,B3,0,W,2023,8008567.73595189,3603925.1552265533,271841.6542036169,0.0,79928.2847682878,4052872.641753432,0.0,3599571.6786275525,3961956.630080847,101424.00515636368,1.994564100115575E7
CW42_B3,CW42,B3,0,W,2020,7800423.202172251,3521563.733020648,148852.71116784785,0.0,25985.620989571365,4104021.136994186,0.0,3521563.733020648,3696402.0651780665,0.0,2.4517414157655396E7
CW42_B3,CW42,B3,0,W,2021,7800423.202172252,3504734.782817616,56384.42686417523,0.0,140120.3921326282,4099183.600357834,0.0,3521563.733020648,3696402.0651780665,84119.19966167375,2.4517414157655396E7
CW42_B3,CW42,B3,0,W,2022,7800423.202172252,3458628.7795874495,123024.8102016374,0.0,107837.70231769037,4110931.9100654754,0.0,3521563.733020648,3696402.0651780665,113833.18741389255,2.451741415765539E7
CW42_B3,CW42,B3,0,W,2023,7800423.202172252,3495328.355593722,94848.99758635875,0.0,92426.0109684963,4117819.838023676,0.0,3521563.733020648,3696402.0651780665,92646.1361396939,2.451741415765539E7
CW42_B3,CW42,B3,0,W,2024,7800423.202172252,3546712.872485561,45735.08854364134,0.0,94301.86400346944,4113673.3771395814,0.0,3521563.733020648,3696402.0651780665,78531.4703449025,2.4517414157655396E7
CW42_B3,CW42,B3,0,W,2025,7800423.202172252,3521565.450961753,73942.8632168639,0.0,87687.39515428731,4117227.49283935,0.0,3521563.733020648,3696402.0651780665,100229.48578595927,2.4517414157655396E7
CW42_B3,CW42,B3,0,W,2026,7800423.202172252,3480593.451328831,88116.60316323674,0.0,111277.66422211891,4120435.4834580664,0.0,3521563.733020648,3696402.0651780665,107961.78553368064,2.4517414157655396E7
CW43_B3,CW43,B3,0,W,2026,8009290.774639263,3713707.7338145534,204741.91514701094,0.0,86829.47872990627,4004011.646947794,0.0,3774796.4969950356,4005279.127691471,143047.1710141051,2.3284801643574823E7
CW43_B3,CW43,B3,0,W,2020,8009290.774639265,3774796.4969950356,220889.59971546847,0.0,9593.030980966605,4004011.6469477937,0.0,3774796.4969950356,4005279.127691471,0.0,2.3284801643574823E7
CW43_B3,CW43,B3,0,W,2021,8009290.774639265,3727512.9785229554,145870.34370308672,0.0,131895.80546542897,4004011.6469477937,0.0,3774796.4969950356,4005279.127691471,106355.52834658156,2.3284801643574823E7
CW43_B3,CW43,B3,0,W,2022,8009290.774639265,3754752.5529953297,140342.97347310383,0.0,110183.60122303682,4004011.6469477937,0.0,3774796.4969950356,4005279.127691471,132241.57304591758,2.3284801643574823E7
CW43_B3,CW43,B3,0,W,2023,8009290.774639265,3733798.063208306,188159.5616566976,0.0,83321.50282646628,4004011.6469477937,0.0,3774796.4969950356,4005279.127691471,111081.3151645436,2.3284801643574823E7
CW43_B3,CW43,B3,0,W,2024,8009290.774639265,3730377.088087522,198681.69030728808,0.0,76220.34929665958,4004011.6469477937,0.0,3774796.496995035,4005279.127691471,116598.26573088403,2.3284801643574823E7
CW43_B3,CW43,B3,0,W,2025,8009290.774639265,3809234.8897086345,123421.97281622794,0.0,72622.26516660803,4004011.6469477937,0.0,3774796.496995035,4005279.127691471,104535.89629001991,2.3284801643574823E7
CW44_B3,CW44,B3,0,W,2020,8005180.2462588735,3753141.106786063,224394.03737427952,0.0,36532.21811577292,3991112.883982759,0.0,3753141.106786063,4014067.3622761145,0.0,2.0804557145034578E7
CW44_B3,CW44,B3,0,W,2021,8005180.2462588735,3833144.5261117676,65385.74259188783,0.0,119813.64770648432,3986836.3298487337,0.0,3753141.1067860625,4014067.362276115,87970.38913834517,2.0804557145034578E7
CW44_B3,CW44,B3,0,W,2022,8005180.2462588735,3712010.0324228625,208952.71237637388,0.0,102256.27872386259,3981961.2227357747,0.0,3753141.1067860625,4014067.3622761155,127561.26471859802,2.0804557145034578E7
CW44_B3,CW44,B3,0,W,2023,8005180.2462588735,3716905.2465139646,207427.78468125284,0.0,84434.91690772561,3996412.29815593,0.0,3753141.1067860625,4014067.3622761145,115471.24666771984,2.080455714503458E7
CW44_B3,CW44,B3,0,W,2024,8005180.2462588735,3704612.1453711414,226997.32152497533,0.0,84161.78150841208,3989408.997854344,0.0,3753141.1067860625,4014067.3622761145,130693.77516434614,2.0804557145034578E7
CW44_B3,CW44,B3,0,W,2025,8005180.2462588735,3693695.4503245642,245148.64767614627,0.0,74483.02328874177,3991853.124969422,0.0,3753141.1067860625,4014067.3622761145,146395.6453483133,2.0804557145034578E7
CW44_B3,CW44,B3,0,W,2026,8005180.2462588735,3703434.7105064844,220174.66420560348,0.0,86318.49377725639,3995252.3777695294,0.0,3753141.106786063,4014067.362276115,174577.60096303903,2.080455714503458E7
CW45_B3,CW45,B3,0,W,2020,8003811.489324173,2956890.8694539396,56839.5357939477,0.0,193843.0172031477,4796238.066873138,0.0,2956890.8694539396,3207573.4224510337,0.0,2.0330930061050624E7
CW45_B3,CW45,B3,0,W,2021,8003811.489324173,2754774.001047321,30680.23951667337,0.0,479463.942130115,4738893.306630063,0.0,2956890.8694539396,3207573.422451034,222386.4697692572,2.0330930061050624E7
CW45_B3,CW45,B3,0,W,2022,8003811.489324173,2732511.2809061394,133114.45981008493,0.0,387216.5144347546,4750969.234173194,0.0,2956890.8694539396,3207573.4224510337,242209.13707610487,2.0330930061050624E7
CW45_B3,CW45,B3,0,W,2023,8003811.489324173,2758499.287953066,114822.42022112678,0.0,282872.91602445114,4847616.865125529,0.0,2956890.8694539396,3207573.4224510337,224303.1661091225,2.0330930061050624E7
CW45_B3,CW45,B3,0,W,2024,8003811.489324173,2772039.486054963,123260.91973479027,0.0,325816.24644601863,4782694.8370884,0.0,2956890.869453939,3207573.422451034,226232.85240310972,2.0330930061050624E7
CW45_B3,CW45,B3,0,W,2025,8003811.489324173,2771623.81419573,128412.01406504316,0.0,274372.12858958525,4829403.532473814,0.0,2956890.8694539396,3207573.422451034,222305.35550076354,2.0330930061050624E7
CW45_B3,CW45,B3,0,W,2026,8003811.489324173,2776642.977310151,102904.19745758655,0.0,292839.0945246977,4831425.220031737,0.0,2956890.8694539396,3207573.422451034,218629.10366608863,2.0330930061050624E7
CW46_B3,CW46,B3,0,W,2021,8008850.408361395,3415509.9049912696,47466.04104856604,0.0,238591.95434420713,4307282.507977354,0.0,3506745.2418112652,3617944.5779808196,105077.08200683596,2.2609437768580597E7
CW46_B3,CW46,B3,0,W,2020,8008850.408361397,3506745.2418112657,31844.51855504653,0.0,79354.81761450674,4390905.830380578,0.0,3506745.2418112657,3617944.577980819,0.0,2.2609437768580597E7
CW46_B3,CW46,B3,0,W,2022,8008850.408361397,3367478.3717867085,97625.56634335984,0.0,239569.47041784547,4304176.999813483,0.0,3506745.2418112657,3617944.577980819,152824.45625789868,2.2609437768580597E7
CW46_B3,CW46,B3,0,W,2023,8008850.408361397,3412043.9768706383,45830.67300588571,0.0,154344.0230399936,4396631.735444879,0.0,3506745.2418112657,3617944.5779808196,116513.36021605847,2.2609437768580597E7
CW46_B3,CW46,B3,0,W,2024,8008850.408361397,3403766.4949702537,60022.2346031937,0.0,187840.47190153832,4357221.206886411,0.0,3506745.241811266,3617944.5779808196,124075.0128962199,2.2609437768580597E7
CW46_B3,CW46,B3,0,W,2025,8008850.408361397,3414553.7365398635,51173.81716697544,0.0,153728.97424442068,4389393.880410138,0.0,3506745.2418112657,3617944.577980819,113682.67149598364,2.2609437768580597E7
CW46_B3,CW46,B3,0,W,2026,8008850.408361397,3374063.8440731275,72482.2807218664,0.0,147680.25885024728,4414624.024716156,0.0,3506745.2418112657,3617944.5779808196,148623.3647124646,2.2609437768580597E7
CW47_B3,CW47,B3,0,W,2021,8205614.737713684,3544037.0575114232,102549.55413495234,0.0,338445.49193809356,4220582.634129213,0.0,3673896.166493644,3916416.967101423,155118.33953223133,2.454490208041649E7
CW47_B3,CW47,B3,0,W,2022,8205614.737713684,3435874.1919477573,186435.39175878785,0.0,323578.4237535963,4259726.730253542,0.0,3673896.166493644,3916416.967101423,254292.25572455913,2.454490208041649E7
CW47_B3,CW47,B3,0,W,2023,8205614.737713684,3506170.0613425765,106300.69285080853,0.0,304274.9873757456,4288868.996144553,0.0,3673896.166493644,3916416.967101423,197643.0243053661,2.4544902080416486E7
CW47_B3,CW47,B3,0,W,2025,8205614.737713684,3500091.3391145896,108261.55077095781,0.0,287276.0162555171,4309985.831572619,0.0,3673896.166493644,3916416.967101423,210575.72829449226,2.4544902080416486E7
CW47_B3,CW47,B3,0,W,2026,8205614.737713684,3459533.8982447614,114546.48665861244,0.0,320412.65116460464,4311121.701645705,0.0,3673896.166493644,3916416.967101423,242543.99706474756,2.4544902080416486E7
CW47_B3,CW47,B3,0,W,2020,8205614.737713685,3673896.1664936445,60065.366036478685,0.0,182455.43457129985,4289197.77061226,0.0,3673896.1664936445,3916416.967101422,0.0,2.454490208041649E7
CW47_B3,CW47,B3,0,W,2024,8205614.737713685,3469856.3187168194,142771.31950668636,0.0,320011.7440057194,4272975.355484457,0.0,3673896.166493644,3916416.967101422,231121.9760552201,2.454490208041649E7
CW48_B3,CW48,B3,0,W,2023,8008891.341572329,3100640.6353186816,194643.09263162056,0.0,492685.81196899415,4220921.801653036,0.0,3306969.6463707415,3823229.975834237,253816.64187882366,2.24917454054242E7
CW48_B3,CW48,B3,0,W,2020,8008891.34157233,3306969.6463707415,136436.8220003016,0.0,379823.5074631934,4185661.3657380943,0.0,3306969.6463707415,3823229.975834237,0.0,2.2491745405424204E7
CW48_B3,CW48,B3,0,W,2021,8008891.34157233,3152690.178555986,151491.8072081323,0.0,598714.212205984,4105995.1436022297,0.0,3306969.6463707415,3823229.975834237,201927.61401059022,2.24917454054242E7
CW48_B3,CW48,B3,0,W,2022,8008891.34157233,3082659.5555667058,213068.5582895017,0.0,568658.6383374084,4144504.589378716,0.0,3306969.6463707415,3823229.975834237,264559.0068449731,2.24917454054242E7
CW48_B3,CW48,B3,0,W,2024,8008891.34157233,3129830.3820047416,160944.62474583645,0.0,560525.3808402567,4157590.953981497,0.0,3306969.6463707415,3823229.975834237,247121.89866985247,2.2491745405424204E7
CW48_B3,CW48,B3,0,W,2025,8008891.34157233,3143779.4804663262,143350.18703867594,0.0,520382.81860375503,4201378.855463574,0.0,3306969.6463707415,3823229.975834237,233905.28939750523,2.2491745405424204E7
CW48_B3,CW48,B3,0,W,2026,8008891.34157233,3112227.7648991607,122530.97704117718,0.0,561893.7939074348,4212238.805724558,0.0,3306969.6463707415,3823229.975834237,276122.0952685487,2.2491745405424204E7
CW49_B3,CW49,B3,0,W,2020,8002808.248217894,3370489.2663126625,94873.76343117509,0.0,311331.30879788863,4226113.909676166,0.0,3370489.2663126625,3776694.3385417266,0.0,2.1079779501846526E7
CW49_B3,CW49,B3,0,W,2021,8002808.248217895,3217524.0351265105,131327.226576203,0.0,527765.5738539153,4126191.4126612637,0.0,3370489.2663126625,3776694.3385417266,168637.69668034572,2.1079779501846526E7
CW49_B3,CW49,B3,0,W,2022,8002808.248217895,3183373.907423191,152802.43068778844,0.0,498831.31233541446,4167800.5977714984,0.0,3370489.2663126625,3776694.3385417266,211296.55243299896,2.1079779501846526E7
CW49_B3,CW49,B3,0,W,2023,8002808.248217895,3235826.9734290624,87130.65384925394,0.0,418517.27470356063,4261333.346236016,0.0,3370489.2663126625,3776694.3385417266,181006.03453892726,2.1079779501846526E7
CW49_B3,CW49,B3,0,W,2024,8002808.248217895,3221094.2710795985,90963.9004777796,0.0,513180.90635609336,4177569.1703044213,0.0,3370489.266312663,3776694.3385417266,195258.99464216043,2.1079779501846526E7
CW49_B3,CW49,B3,0,W,2025,8002808.248217895,3164894.6526939836,146462.76366307877,0.0,454142.5110974779,4237308.320763352,0.0,3370489.2663126625,3776694.3385417266,239013.0293967752,2.1079779501846526E7
CW49_B3,CW49,B3,0,W,2026,8002808.248217895,3131392.8203923837,132976.00464333926,0.0,478343.6778714647,4260095.745310704,0.0,3370489.2663126625,3776694.338541726,280122.3475941078,2.1079779501846526E7
CW50_B3,CW50,B3,0,W,2021,7807010.1299459115,3384726.925860985,148028.66668404973,0.0,142511.45398957498,4131743.0834113024,0.0,3452981.394804861,3704733.9536600453,108473.39868400423,2.1036844953603167E7
CW50_B3,CW50,B3,0,W,2022,7807010.1299459115,3312931.7322216555,203526.83407682533,0.0,215896.72930148253,4074654.8343459484,0.0,3452981.394804861,3704733.9536600453,178365.65952289058,2.1036844953603167E7
CW50_B3,CW50,B3,0,W,2024,7807010.1299459115,3340525.80378041,157480.77485151106,0.0,221180.9703509162,4087822.5809630747,0.0,3452981.394804861,3704733.9536600453,177278.3903954001,2.1036844953603167E7
CW50_B3,CW50,B3,0,W,2020,7807010.129945913,3452981.394804861,106088.63211173263,0.0,145663.92674345127,4102276.176285867,0.0,3452981.394804861,3704733.9536600453,0.0,2.1036844953603167E7
CW50_B3,CW50,B3,0,W,2023,7807010.129945913,3375420.574567997,127406.19140352735,0.0,152897.67593195298,4151285.688042435,0.0,3452981.394804861,3704733.9536600453,148375.1247714772,2.1036844953603167E7
CW50_B3,CW50,B3,0,W,2025,7807010.129945913,3286637.587538925,200838.74973030842,0.0,180086.4594379799,4139447.3332386985,0.0,3452981.394804861,3704733.953660045,220967.76349580058,2.1036844953603167E7
CW50_B3,CW50,B3,0,W,2026,7807010.129945913,3313346.7766212616,145941.78104182228,0.0,192573.25244457772,4155148.3198382505,0.0,3452981.394804861,3704733.9536600453,205757.8427359787,2.1036844953603167E7
CW51_B3,CW51,B3,0,W,2021,8208772.781806645,3427675.110689919,120589.28662974041,0.0,255381.3148386039,4405127.069648384,0.0,3446150.4217103245,3836316.05687926,57808.54698429482,2.0017383353677426E7
CW51_B3,CW51,B3,0,W,2022,8208772.781806645,3405947.417232499,127005.43588211958,0.0,362282.0135925891,4313537.91509944,0.0,3446150.4217103245,3836316.05687926,81037.4820010017,2.0017383353677426E7
CW51_B3,CW51,B3,0,W,2024,8208772.781806645,3440828.3499368704,104339.3534398696,0.0,294470.1690869799,4369134.909342927,0.0,3446150.4217103245,3836316.0568792596,73252.79589023965,2.0017383353677426E7
CW51_B3,CW51,B3,0,W,2026,8208772.781806645,3408996.06426239,88868.68963317871,0.0,256534.50933104864,4454373.518580029,0.0,3446150.4217103245,3836316.05687926,110714.68088977289,2.0017383353677426E7
CW51_B3,CW51,B3,0,W,2020,8208772.781806646,3446150.4217103245,130148.9741319245,0.0,260016.66103701122,4372456.724927386,0.0,3446150.4217103245,3836316.05687926,0.0,2.0017383353677426E7
CW51_B3,CW51,B3,0,W,2025,8208772.781806646,3384712.3148194854,149326.00510786468,0.0,243258.93616590314,4431475.525713394,0.0,3446150.4217103245,3836316.0568792606,98302.71377354042,2.0017383353677426E7
CW51_B3,CW51,B3,0,W,2023,8208772.781806647,3429635.697042188,104063.92286999273,0.0,234324.9663407269,4440748.195553739,0.0,3446150.4217103245,3836316.0568792596,75377.34462031943,2.0017383353677426E7
CW52_B3,CW52,B3,0,W,2020,8003374.893766365,2891791.754051837,376603.8264143102,0.0,453356.16049858555,4281623.152801633,0.0,2891791.754051837,3721751.740964732,0.0,1.5994975587241888E7
CW52_B3,CW52,B3,0,W,2021,8003374.893766365,2705028.4398401,464725.5108870263,0.0,577685.994400174,4255934.948639065,0.0,2891791.754051837,3721751.740964732,242676.4971847534,1.5994975587241888E7
CW52_B3,CW52,B3,0,W,2022,8003374.893766365,2723107.533776736,401612.3973301009,0.0,781071.4123564177,4097583.5503031113,0.0,2891791.754051837,3721751.740964732,257700.3216520122,1.5994975587241888E7
CW52_B3,CW52,B3,0,W,2023,8003374.893766365,2735998.6422868916,365713.1665567735,0.0,585893.6321449131,4315769.452777788,0.0,2891791.754051837,3721751.740964732,249532.85465016082,1.5994975587241888E7
CW52_B3,CW52,B3,0,W,2024,8003374.893766365,2606004.016588608,520594.1450819428,0.0,693248.5737537161,4183528.1583421,0.0,2891791.754051837,3721751.740964732,341290.79893409874,1.5994975587241888E7
CW52_B3,CW52,B3,0,W,2025,8003374.893766365,2598059.902927623,521455.4474310184,0.0,580127.6194396974,4303731.923968027,0.0,2891791.754051837,3721751.740964732,351307.00187084713,1.5994975587241888E7
CW52_B3,CW52,B3,0,W,2026,8003374.893766365,2745104.2133932672,195207.60847957837,0.0,771022.2852255128,4292040.786668006,0.0,2891791.754051837,3721751.740964732,356525.8862665812,1.5994975587241888E7
CW53_B3,CW53,B3,0,W,2020,7806139.566981656,3018613.760119838,172301.11602187812,0.0,296368.3436515659,4318856.347188373,0.0,3018613.760119838,3487283.219793283,0.0,1.57310861587116E7
CW53_B3,CW53,B3,0,W,2021,7806139.566981656,2909409.0576275694,249864.27812553855,0.0,327570.0210418104,4319296.210186738,0.0,3018613.760119838,3487283.2197932824,167250.249570869,1.5731086158711601E7
CW53_B3,CW53,B3,0,W,2022,7806139.566981656,2934170.108708729,204361.52426593256,0.0,477662.55792056816,4189945.376086426,0.0,3018613.760119838,3487283.219793283,168024.88706225227,1.57310861587116E7
CW53_B3,CW53,B3,0,W,2023,7806139.566981656,2938733.0272256588,167385.69092012293,0.0,375695.98866502347,4324324.8601708505,0.0,3018613.760119838,3487283.2197932824,173319.85843993543,1.5731086158711601E7
CW53_B3,CW53,B3,0,W,2024,7806139.566981656,2924812.9527392513,195780.81781038773,0.0,440403.43752695713,4245142.358905059,0.0,3018613.760119838,3487283.219793283,200254.09873223398,1.5731086158711601E7
CW53_B3,CW53,B3,0,W,2025,7806139.566981656,2842417.991948565,253329.77680852552,0.0,283380.2436281093,4427011.554596457,0.0,3018613.760119838,3487283.2197932824,248641.2835369035,1.5731086158711601E7
CW53_B3,CW53,B3,0,W,2026,7806139.566981656,2899519.306237284,146022.26413723815,0.0,390044.1781759224,4370553.818431212,0.0,3018613.760119838,3487283.219793283,240435.29997486793,1.5731086158711601E7
CW54_B3,CW54,B3,0,W,2020,8205443.038317932,3608615.6880214913,85718.31019592285,0.0,272704.46315879084,4238404.576941726,0.0,3608615.6880214913,3967038.4613762046,0.0,1.5993240562521243E7
CW54_B3,CW54,B3,0,W,2021,8205443.038317932,3517977.1542348224,138484.09177655986,0.0,277292.0136213117,4271689.778685236,0.0,3608615.6880214913,3967038.4613762046,117572.0138009464,1.5993240562521243E7
CW54_B3,CW54,B3,0,W,2022,8205443.038317932,3494491.493369308,146975.29038298363,0.0,407592.9246926701,4156383.3298729686,0.0,3608615.6880214913,3967038.4613762046,144391.6900800219,1.5993240562521243E7
CW54_B3,CW54,B3,0,W,2023,8205443.038317932,3503747.4419415044,83024.26173595354,0.0,337497.5149553786,4281173.819685095,0.0,3608615.6880214913,3967038.461376205,147641.5217321957,1.5993240562521243E7
CW54_B3,CW54,B3,0,W,2024,8205443.038317932,3471600.567277078,140609.16957714604,0.0,376902.21101454203,4216331.090449165,0.0,3608615.6880214913,3967038.461376205,180089.4002070109,1.5993240562521243E7
CW54_B3,CW54,B3,0,W,2025,8205443.038317932,3428698.644174104,178638.19147955204,0.0,273247.5847335218,4324858.617930752,0.0,3608615.6880214913,3967038.4613762046,216083.57297411154,1.5993240562521243E7
CW54_B3,CW54,B3,0,W,2026,8205443.038317932,3429616.2395277433,133081.5188029869,0.0,342424.86784949224,4300320.412137708,0.0,3608615.6880214913,3967038.4613762046,228706.43057200118,1.5993240562521243E7
CW55_B3,CW55,B3,0,W,2020,8008615.9071956845,3137349.0933760093,27616.816084917853,0.0,225288.19599621344,4618361.801738545,0.0,3137349.0933760093,3390254.1054571406,0.0,1.6030733897578008E7
CW55_B3,CW55,B3,0,W,2021,8008615.907195685,3064180.649731385,50534.18935920864,0.0,310174.76652634563,4583726.301578747,0.0,3137349.0933760093,3390254.1054571406,79307.14212446027,1.6030733897578008E7
CW55_B3,CW55,B3,0,W,2022,8008615.907195685,3063117.2324988567,53060.15532163732,0.0,404588.97742740414,4487849.541947788,0.0,3137349.0933760093,3390254.1054571406,82479.71265354531,1.6030733897578008E7
CW55_B3,CW55,B3,0,W,2023,8008615.907195685,3028252.978013251,51729.94539477778,0.0,279315.6237739115,4649317.360013746,0.0,3137349.0933760093,3390254.1054571406,116455.42526903341,1.6030733897578008E7
CW55_B3,CW55,B3,0,W,2024,8008615.907195685,3044016.0057415524,50658.25390966078,0.0,350426.2268266865,4563515.420717786,0.0,3137349.0933760093,3390254.1054571406,107372.09623933682,1.6030733897578008E7
CW55_B3,CW55,B3,0,W,2026,8008615.907195685,3021916.872195584,22159.623235276165,0.0,288480.679704524,4676058.732060303,0.0,3137349.0933760093,3390254.1054571406,132020.39429680322,1.6030733897578008E7
CW55_B3,CW55,B3,0,W,2025,8008615.907195686,3032515.360390786,46558.47147692512,0.0,261319.53380746284,4668222.541520512,0.0,3137349.0933760093,3390254.1054571406,118983.58059049123,1.6030733897578008E7
CW56_B3,CW56,B3,0,W,2020,7802379.605706846,2864814.2965838257,15100.402891301172,0.0,208502.51482286642,4713962.391408854,0.0,2864814.2965838257,3088417.2142979936,0.0,1.2870952495275432E7
CW56_B3,CW56,B3,0,W,2021,7802379.605706846,2823518.8417161833,49131.24993028827,0.0,306333.3531121946,4623396.160948182,0.0,2864814.2965838267,3088417.214297994,44923.809734479124,1.287095249527543E7
CW56_B3,CW56,B3,0,W,2022,7802379.605706846,2818430.0264228373,37882.9146180396,0.0,444875.8390181298,4501190.825647841,0.0,2864814.296583826,3088417.2142979936,52902.28899380554,1.2870952495275432E7
CW56_B3,CW56,B3,0,W,2023,7802379.605706846,2807056.979196137,41079.08567540786,0.0,216785.985704968,4737457.555130335,0.0,2864814.296583826,3088417.214297994,64137.87627841724,1.2870952495275432E7
CW56_B3,CW56,B3,0,W,2025,7802379.605706846,2803586.8969338806,67994.64342259425,0.0,197872.39068453916,4732925.674665834,0.0,2864814.296583826,3088417.2142979936,68398.83849164177,1.2870952495275432E7
CW56_B3,CW56,B3,0,W,2024,7802379.605706847,2812063.5402167826,70566.83624378279,0.0,233974.97593201284,4685774.253314269,0.0,2864814.296583826,3088417.2142979936,61375.18549478568,1.2870952495275432E7
CW56_B3,CW56,B3,0,W,2026,7802379.605706847,2786993.388234277,57393.28778596767,0.0,213690.67171415436,4744302.257972449,0.0,2864814.2965838267,3088417.2142979936,86460.06720670813,1.2870952495275432E7
CW57_B3,CW57,B3,0,W,2022,8008675.403136162,2314561.913943691,105609.61332804362,0.0,1195392.776165592,4393111.099698832,0.0,2393915.114871844,3471982.231192585,87454.10930546779,1.5653075572546715E7
CW57_B3,CW57,B3,0,W,2023,8008675.403136162,2309195.299779914,75992.70492541743,0.0,1081838.8892444386,4541648.509186389,0.0,2393915.114871844,3471982.2311925846,100102.8284165027,1.5653075572546715E7
CW57_B3,CW57,B3,0,W,2024,8008675.403136162,2304585.4916946706,115006.40563566919,0.0,1082803.358283787,4506280.147522031,0.0,2393915.114871844,3471982.2311925846,108659.46083179548,1.5653075572546715E7
CW57_B3,CW57,B3,0,W,2025,8008675.403136162,2315391.7546991385,102551.43580423991,0.0,1042027.6232262107,4548704.58940657,0.0,2393915.114871844,3471982.231192585,118225.35664427515,1.5653075572546715E7
CW57_B3,CW57,B3,0,W,2020,8008675.403136163,2393915.114871844,57432.12890301873,0.0,1020634.9874177221,4536693.171943573,0.0,2393915.114871844,3471982.2311925846,0.0,1.5653075572546715E7
CW57_B3,CW57,B3,0,W,2021,8008675.403136163,2353170.406814515,70124.39054664163,0.0,1057881.6689656274,4527498.936809374,0.0,2393915.114871844,3471982.2311925846,52536.240333407535,1.5653075572546715E7
CW57_B3,CW57,B3,0,W,2026,8008675.403136163,2292588.048009506,90978.70910255582,0.0,1076728.4363274367,4548380.209696661,0.0,2393915.114871844,3471982.2311925846,128737.22573664048,1.5653075572546715E7
CW58_B3,CW58,B3,0,W,2023,8002632.634625153,2136111.113843851,92563.66286016724,0.0,1370398.489861971,4403559.368059165,0.0,2239472.59370569,3600485.6955263624,114400.73064255061,1.707378649106966E7
CW58_B3,CW58,B3,0,W,2020,8002632.634625154,2239472.5937056895,125738.50783481973,0.0,1235274.5939858533,4402146.93909879,0.0,2239472.5937056895,3600485.6955263624,0.0,1.707378649106966E7
CW58_B3,CW58,B3,0,W,2021,8002632.634625154,2192989.9025509404,126129.48823224237,0.0,1277128.486106304,4406384.757735667,0.0,2239472.5937056895,3600485.6955263624,57768.53542220172,1.707378649106966E7
CW58_B3,CW58,B3,0,W,2022,8002632.634625154,2156135.7477801456,123878.19288309134,0.0,1447828.4533273438,4274790.240634574,0.0,2239472.5937056895,3600485.6955263624,90476.68521872128,1.707378649106966E7
CW58_B3,CW58,B3,0,W,2025,8002632.634625154,2025672.2512625004,231739.2597027648,0.0,1311284.8038842892,4433936.3197756,0.0,2239472.59370569,3600485.6955263624,232253.18015052946,1.707378649106966E7
CW58_B3,CW58,B3,0,W,2026,8002632.634625154,1963299.991145624,138302.20259312648,0.0,1463669.4240781,4437361.016808303,0.0,2239472.59370569,3600485.6955263624,295159.1966368731,1.707378649106966E7
CW58_B3,CW58,B3,0,W,2024,8002632.634625155,2106503.6379653034,164011.5200061574,0.0,1383876.7697712022,4348240.706882491,0.0,2239472.59370569,3600485.6955263624,144797.99344736736,1.707378649106966E7
CW59_B3,CW59,B3,0,W,2020,8009061.640196049,1948675.419981863,50808.12284441181,0.0,1472470.1448681701,4537107.952501604,0.0,1948675.419981863,3471953.6876944457,0.0,1.7376151852201425E7
CW59_B3,CW59,B3,0,W,2021,8009061.640196049,1916976.6737642176,64834.292836806344,0.0,1470443.874411639,4556806.799183386,0.0,1948675.419981863,3471953.6876944457,37720.772111810424,1.7376151852201425E7
CW59_B3,CW59,B3,0,W,2022,8009061.640196049,1677847.414128741,133325.96321052103,0.0,1904736.9837735046,4293151.279083282,0.0,1948675.419981863,3471953.6876944453,272605.01890701597,1.737615185220142E7
CW59_B3,CW59,B3,0,W,2023,8009061.640196049,1598968.1270862059,139157.5241383571,0.0,1710151.256800244,4560784.732171242,0.0,1948675.419981863,3471953.6876944457,352669.00726638496,1.7376151852201425E7
CW59_B3,CW59,B3,0,W,2024,8009061.640196049,1583364.3388525571,154802.96235133152,0.0,1773734.7525138108,4497159.58647835,0.0,1948675.419981863,3471953.687694445,369429.19047040754,1.7376151852201425E7
CW59_B3,CW59,B3,0,W,2025,8009061.640196049,1566618.6326960844,143374.77233078898,0.0,1703356.4695176966,4595711.765651478,0.0,1948675.419981863,3471953.6876944457,385424.5893205829,1.737615185220142E7
CW59_B3,CW59,B3,0,W,2026,8009061.640196049,1493992.333859133,148372.37307475967,0.0,1810076.4320054594,4556620.501256696,0.0,1948675.419981863,3471953.687694445,459619.15151427017,1.7376151852201425E7
CW60_B3,CW60,B3,0,W,2020,8209003.706876807,2085375.47732149,251270.1158680037,0.0,1105497.986862302,4766860.126825012,0.0,2085375.47732149,3442143.5800517956,0.0,1.668139860230411E7
CW60_B3,CW60,B3,0,W,2021,8209003.706876807,1969191.4659905524,288024.9561393588,0.0,1109790.4389930277,4841996.845753868,0.0,2085375.47732149,3442143.5800517956,154347.22009037988,1.668139860230411E7
CW60_B3,CW60,B3,0,W,2022,8209003.706876807,1156373.0067799287,355310.71741350956,0.0,2045437.5334464875,4651882.449236882,0.0,2085375.47732149,3442143.5800517956,948148.6063313204,1.668139860230411E7
CW60_B3,CW60,B3,0,W,2023,8209003.706876807,953740.33403811,335090.0961505665,0.0,2145652.6131262686,4774520.663561863,0.0,2085375.47732149,3442143.5800517956,1143575.4679305132,1.668139860230411E7
CW60_B3,CW60,B3,0,W,2024,8209003.706876807,928881.924697128,476010.2840668921,0.0,2078826.8499057842,4725284.648207003,0.0,2085375.47732149,3442143.5800517956,1187600.6740698423,1.668139860230411E7
CW60_B3,CW60,B3,0,W,2025,8209003.706876807,905120.3230825985,484271.0337798773,0.0,1962348.4985824882,4857263.851431843,0.0,2085375.47732149,3442143.5800517956,1205412.7814654782,1.668139860230411E7
CW60_B3,CW60,B3,0,W,2026,8209003.706876807,732965.0826868992,367566.25381843717,0.0,2240347.4297528733,4868124.940618597,0.0,2085375.47732149,3442143.5800517956,1372939.385625413,1.668139860230411E7
CW61_B3,CW61,B3,0,W,2024,7800752.37781456,651513.6061199713,129820.57060543883,0.0,2898041.2027260875,4121376.998363061,0.0,863420.5018992705,3645812.7748029823,219808.71625081977,1.3718147839297215E7
CW61_B3,CW61,B3,0,W,2021,7800752.377814561,804995.8880921009,77065.95714904187,0.0,2733715.944967113,4184974.587606303,0.0,863420.5018992706,3645812.774802982,65080.13831514845,1.3718147839297215E7
CW61_B3,CW61,B3,0,W,2025,7800752.377814561,625851.7617996515,121242.13508638868,0.0,2866842.6733471137,4186815.807581404,0.0,863420.5018992703,3645812.7748029823,246852.95336701634,1.3718147839297215E7
CW61_B3,CW61,B3,0,W,2026,7800752.377814561,588490.9158758126,147791.6083158605,0.0,2868367.47200455,4196102.381618335,0.0,863420.5018992703,3645812.774802982,285398.13292014925,1.3718147839297215E7
CW61_B3,CW61,B3,0,W,2020,7800752.377814562,863420.5018992705,49191.188656406775,0.0,2733201.0842473046,4154939.603011577,0.0,863420.5018992705,3645812.774802982,0.0,1.3718147839297215E7
CW61_B3,CW61,B3,0,W,2022,7800752.377814562,701537.3175580193,100685.1468075322,0.0,2941568.2826227825,4056961.6308262246,0.0,863420.5018992705,3645812.774802982,165294.78440453025,1.3718147839297215E7
CW61_B3,CW61,B3,0,W,2023,7800752.377814562,664525.9698499494,88032.14854601692,0.0,2908701.8135739197,4139492.4458446726,0.0,863420.5018992705,3645812.774802982,204180.36139589193,1.3718147839297215E7
CW62_B3,CW62,B3,0,W,2020,8008369.656001702,1057386.2445478253,45075.10377331902,0.0,2685132.210947912,4220776.096732645,0.0,1057386.2445478253,3787593.559269056,0.0,1.5214430116985574E7
CW62_B3,CW62,B3,0,W,2021,8008369.656001702,998703.8405860751,82677.68144887289,0.0,2732809.4403693704,4194178.693597383,0.0,1057386.2445478253,3787593.5592690557,69159.86217717189,1.5214430116985574E7
CW62_B3,CW62,B3,0,W,2022,8008369.656001702,881090.3691675223,111815.6152759627,0.0,2927107.298724276,4088356.3728339407,0.0,1057386.2445478253,3787593.559269056,183403.95190313002,1.5214430116985574E7
CW62_B3,CW62,B3,0,W,2023,8008369.656001702,856128.0396774889,95256.82503350949,0.0,2806274.8756184597,4250709.915672243,0.0,1057386.2445478253,3787593.559269056,214104.98385602166,1.5214430116985574E7
CW62_B3,CW62,B3,0,W,2024,8008369.656001702,872981.970568758,85127.48766635072,0.0,2840803.202108615,4209456.995657978,0.0,1057386.2445478253,3787593.559269056,203518.61524846693,1.5214430116985578E7
CW62_B3,CW62,B3,0,W,2025,8008369.656001702,836076.786663549,85076.80102667716,0.0,2844444.5299829813,4242771.538328493,0.0,1057386.2445478253,3787593.559269056,240192.65165620687,1.5214430116985576E7
CW62_B3,CW62,B3,0,W,2026,8008369.656001702,806455.633832954,112380.93401958988,0.0,2821498.2436397774,4268034.84450938,0.0,1057386.2445478253,3787593.559269056,264986.4660057217,1.5214430116985578E7
CW63_B3,CW63,B3,0,W,2022,8207937.949288998,890123.728801443,219198.44376466042,0.0,2646030.2277392815,4452585.548983616,0.0,1086969.9311090207,3693734.910829551,211852.0803822237,1.447001442238626E7
CW63_B3,CW63,B3,0,W,2020,8207937.949288999,1086969.9311090207,182537.68879316738,0.0,2424227.290927363,4514203.038459449,0.0,1086969.9311090207,3693734.910829551,0.0,1.447001442238626E7
CW63_B3,CW63,B3,0,W,2021,8207937.949288999,1028544.7439290364,183653.41507308063,0.0,2561769.370134151,4433970.420152731,0.0,1086969.9311090207,3693734.910829551,84573.60096223121,1.447001442238626E7
CW63_B3,CW63,B3,0,W,2023,8207937.949288999,857998.1448144054,216552.43765195957,0.0,2620418.9756288114,4512968.391193824,0.0,1086969.9311090207,3693734.910829551,255897.11076286167,1.447001442238626E7
CW63_B3,CW63,B3,0,W,2024,8207937.949288999,898305.7400519578,206889.93137907144,0.0,2612512.631519123,4490229.646338848,0.0,1086969.9311090207,3693734.910829551,246244.24051881678,1.447001442238626E7
CW63_B3,CW63,B3,0,W,2026,8207937.949288999,820209.176412904,213757.10982178338,0.0,2625204.712462242,4548766.95059207,0.0,1086969.9311090207,3693734.910829551,329547.03300102084,1.447001442238626E7
CW63_B3,CW63,B3,0,W,2025,8207937.949289,825283.1368276259,212357.74266647635,0.0,2634567.337593408,4535729.732201491,0.0,1086969.9311090207,3693734.910829551,298612.57059194526,1.447001442238626E7
CW64_B3,CW64,B3,0,W,2023,8004237.230886633,1039993.0262668085,449442.61274443974,0.0,2129321.6672415636,4385479.92463382,0.0,1402271.2932023893,3557492.080720042,396818.6078131881,1.5841394362957012E7
CW64_B3,CW64,B3,0,W,2024,8004237.230886633,1077124.3050891352,489480.622699184,0.0,1976904.9144870837,4460727.388611229,0.0,1402271.2932023893,3557492.0807200414,412684.0730566885,1.5841394362957012E7
CW64_B3,CW64,B3,0,W,2025,8004237.230886633,1062523.6569264133,414260.333890339,0.0,2014704.0243864176,4512749.215683462,0.0,1402271.2932023893,3557492.0807200414,433248.0465235692,1.5841394362957012E7
CW64_B3,CW64,B3,0,W,2020,8004237.230886634,1402271.2932023893,421526.56489691645,0.0,1733694.2226207363,4446745.15016659,0.0,1402271.2932023893,3557492.0807200414,0.0,1.5841394362957012E7
CW64_B3,CW64,B3,0,W,2021,8004237.230886634,1324415.3693117928,454312.5321575987,0.0,1799732.0053161324,4425777.324101107,0.0,1402271.2932023893,3557492.080720042,110341.88754550711,1.5841394362957012E7
CW64_B3,CW64,B3,0,W,2022,8004237.230886634,1096159.5118141624,470566.36337594414,0.0,2150666.7139372285,4286844.641759296,0.0,1402271.2932023893,3557492.080720042,335580.31668087834,1.5841394362957012E7
CW64_B3,CW64,B3,0,W,2026,8004237.230886634,1106192.68882183,404447.3446020388,0.0,1976021.8337010106,4517575.363761753,0.0,1402271.2932023893,3557492.0807200414,443384.8560393689,1.5841394362957012E7
CW65_B3,CW65,B3,0,W,2023,7805746.078747857,2815600.3867697623,180984.06865267284,0.0,702575.5888897163,4106586.0344357053,0.0,3042959.578636289,3656546.1200947175,274078.1965483722,1.682784102242393E7
CW65_B3,CW65,B3,0,W,2026,7805746.078747857,2757983.6635111785,230895.01639431223,0.0,645320.9860592709,4171546.4127830947,0.0,3042959.5786362896,3656546.1200947175,374024.2615633497,1.682784102242393E7
CW65_B3,CW65,B3,0,W,2020,7805746.078747858,3042959.5786362896,175470.65583014395,0.0,438115.8856282849,4149199.958653138,0.0,3042959.5786362896,3656546.1200947184,0.0,1.682784102242393E7
CW65_B3,CW65,B3,0,W,2021,7805746.078747858,3021990.267765718,170933.13248452576,0.0,520894.20796353184,4091928.4705340806,0.0,3042959.578636289,3656546.1200947175,54292.67540085736,1.682784102242393E7
CW65_B3,CW65,B3,0,W,2022,7805746.078747858,2905545.5838921643,210246.62951223334,0.0,598113.8753297392,4091839.9900137205,0.0,3042959.5786362896,3656546.120094718,176543.79327727674,1.682784102242393E7
CW65_B3,CW65,B3,0,W,2024,7805746.078747858,2762926.5309452135,289140.4482211543,0.0,645098.440826356,4108580.6587551334,0.0,3042959.5786362896,3656546.1200947175,345558.97151896165,1.682784102242393E7
CW65_B3,CW65,B3,0,W,2025,7805746.078747858,2763372.9179227646,212989.31093016977,0.0,667713.5264225377,4161670.323472385,0.0,3042959.578636289,3656546.1200947175,347200.2195196713,1.682784102242393E7
CW66_B3,CW66,B3,0,W,2020,4.8376797308950156E7,8212885.10617221,3436690.3260629987,0.0,8708783.859294606,2.801843801742036E7,0.0,8212885.10617221,2.0358359291529816E7,0.0,9.069019703781323E7
CW66_B3,CW66,B3,0,W,2021,4.8376797308950156E7,8463007.992358128,3139469.061541269,0.0,8788911.026381277,2.79854092286695E7,0.0,8212885.10617221,2.0358359291529816E7,257458.1077318977,9.069019703781322E7
CW66_B3,CW66,B3,0,W,2022,4.8376797308950156E7,7603673.990163197,3798121.996497809,0.0,9716513.894547196,2.725848742774198E7,0.0,8212885.10617221,2.0358359291529816E7,770470.7237726548,9.069019703781322E7
CW66_B3,CW66,B3,0,W,2023,4.8376797308950156E7,7844433.4096677285,3511485.0598856006,0.0,8879131.160110742,2.8141747679286107E7,0.0,8212885.10617221,2.0358359291529816E7,803117.4112686156,9.069019703781323E7
CW66_B3,CW66,B3,0,W,2024,4.8376797308950156E7,7875949.722029771,3565613.4803941315,0.0,9084788.936688501,2.7850445169837773E7,0.0,8212885.10617221,2.0358359291529816E7,853659.9172529033,9.069019703781323E7
CW66_B3,CW66,B3,0,W,2026,4.8376797308950156E7,7920264.848543593,3372132.692610797,0.0,8646315.157306444,2.8438084610489335E7,0.0,8212885.10617221,2.0358359291529816E7,1041309.8856419283,9.069019703781322E7
CW66_B3,CW66,B3,0,W,2025,4.837679730895016E7,7415391.9323268505,4006653.8732256424,0.0,8685986.051888797,2.8268765451508883E7,0.0,8212885.10617221,2.0358359291529816E7,1108952.5434290569,9.069019703781322E7
T01_B3,T01,B3,1,S1,2022,4.619183108449863E7,1281474.7619649551,6375374.508174013,0.0,1.9771060314015616E7,1.876392150034404E7,0.0,2027589.7703517242,2.667890380044367E7,794539.375340331,1.4538203229102734E8
T01_B3,T01,B3,1,S1,2025,4.619183108449863E7,1479613.0660462922,5956739.21640637,0.0,1.9055624451871235E7,1.9699854350174725E7,0.0,2027589.7703517242,2.667890380044367E7,841353.6475235884,1.453820322910273E8
T01_B3,T01,B3,1,S1,2026,4.619183108449863E7,1704117.2482389263,5777019.592802458,0.0,1.9078589534441054E7,1.9632104709016178E7,0.0,2027589.7703517242,2.6678903800443668E7,841887.3097265506,1.453820322910273E8
T01_B3,T01,B3,1,S1,2020,4.619183108449864E7,2027589.7703517242,6144419.148577105,0.0,1.8506894881514844E7,1.951292728405495E7,0.0,2027589.7703517242,2.6678903800443668E7,0.0,1.453820322910273E8
T01_B3,T01,B3,1,S1,2021,4.619183108449864E7,1919911.6975250244,6133536.101480642,0.0,1.858871741015125E7,1.95496658753417E7,0.0,2027589.7703517242,2.6678903800443675E7,266323.84638638963,1.453820322910273E8
T01_B3,T01,B3,1,S1,2023,4.619183108449864E7,1430781.1394703586,6017529.512381579,0.0,1.9058938402432818E7,1.9684582030213863E7,0.0,2027589.7703517242,2.667890380044367E7,782189.4858243157,1.453820322910273E8
T01_B3,T01,B3,1,S1,2024,4.619183108449864E7,1590771.1713858214,5905524.673247513,0.0,1.935395422741813E7,1.9341581012447163E7,0.0,2027589.7703517242,2.667890380044367E7,777593.8184391694,1.4538203229102734E8
T02_B3,T02,B3,1,S1,2020,5669190.348658603,161368.84727086086,137346.33839374618,0.0,2328040.683143795,3042434.4798502005,0.0,161368.84727086086,2626755.868808402,0.0,1.7671281754687533E7
T02_B3,T02,B3,1,S1,2021,5669190.348658603,91668.48511555992,133993.78190834195,0.0,2399447.269584776,3044080.812049926,0.0,161368.84727086086,2626755.868808402,75559.04743589513,1.7671281754687533E7
T02_B3,T02,B3,1,S1,2022,5669190.348658603,21683.799268864652,158475.5692757999,0.0,2489287.5342049696,2999743.445908969,0.0,161368.84727086086,2626755.868808402,140178.62631773108,1.767128175468753E7
T02_B3,T02,B3,1,S1,2023,5669190.348658603,22982.829308603323,180847.12018106502,0.0,2480867.842033117,2984492.5571358176,0.0,161368.84727086086,2626755.868808402,142926.94106559004,1.767128175468753E7
T02_B3,T02,B3,1,S1,2024,5669190.348658603,27064.97311446246,240764.94590355371,0.0,2514571.5692545273,2886788.8603860596,0.0,161368.84727086086,2626755.868808402,144676.78678876092,1.7671281754687533E7
T02_B3,T02,B3,1,S1,2025,5669190.348658603,32103.102719684674,318356.79718493286,0.0,2496523.3968479536,2822207.0519060325,0.0,161368.84727086086,2626755.868808402,145531.96166740867,1.7671281754687533E7
T02_B3,T02,B3,1,S1,2026,5669190.348658603,26740.491769109987,314164.2540823544,0.0,2499798.36590627,2828487.2369008684,0.0,161368.84727086086,2626755.868808402,147999.9230931899,1.767128175468753E7
T03_B3,T03,B3,1,S1,2020,1.0352962507495146E7,92717.21941070558,157600.0246989531,0.0,1185376.4659360102,8917268.797449479,0.0,92717.21941070558,1435693.7100456688,0.0,8172873.291148855
T03_B3,T03,B3,1,S1,2021,1.0352962507495146E7,44460.976515437105,156240.7735638787,0.0,1226059.3088112625,8926201.448604569,0.0,92717.21941070558,1435693.7100456685,48912.42903948018,8172873.291148855
T03_B3,T03,B3,1,S1,2022,1.0352962507495146E7,15899.238149934656,156673.8249987135,0.0,1279045.0235227698,8901344.420823729,0.0,92717.21941070558,1435693.7100456688,77311.58860635197,8172873.291148854
T03_B3,T03,B3,1,S1,2025,1.0352962507495146E7,16441.923443304324,146681.82027812285,0.0,1285644.3100490493,8904194.453724671,0.0,92717.21941070558,1435693.7100456688,80188.78817357084,8172873.291148855
T03_B3,T03,B3,1,S1,2023,1.0352962507495148E7,13248.125150912416,155766.93719290942,0.0,1285004.8513048955,8898942.59384643,0.0,92717.21941070558,1435693.7100456683,79469.09425979316,8172873.291148855
T03_B3,T03,B3,1,S1,2024,1.0352962507495148E7,13630.226575724284,168514.38957714004,0.0,1278647.515346901,8892170.375995383,0.0,92717.21941070558,1435693.7100456685,80469.06116383872,8172873.291148855
T03_B3,T03,B3,1,S1,2026,1.0352962507495148E7,13551.600936410941,254371.37919072178,0.0,1272231.705289504,8812807.822078511,0.0,92717.21941070558,1435693.7100456685,81186.43865574857,8172873.291148854
T04_B3,T04,B3,1,S1,2020,7907392.3577498505,315881.51625013165,311322.0563049915,0.0,4684215.993674872,2595972.7915198533,0.0,315881.51625013165,5311419.566229996,0.0,2.3039296923146747E7
T04_B3,T04,B3,1,S1,2021,7907392.3577498505,184202.9974765852,221534.57710116517,0.0,4916441.776131216,2585213.0070408843,0.0,315881.51625013165,5311419.566229995,150237.14672612207,2.3039296923146747E7
T04_B3,T04,B3,1,S1,2022,7907392.3577498505,69909.47167929856,227559.3439471376,0.0,5127832.26699521,2482091.275128204,0.0,315881.51625013165,5311419.566229995,248538.6896666583,2.3039296923146747E7
T04_B3,T04,B3,1,S1,2023,7907392.3577498505,64229.49334190219,165457.7867391848,0.0,5063798.353792648,2613906.7238761154,0.0,315881.51625013165,5311419.566229996,259154.49054433784,2.3039296923146747E7
T04_B3,T04,B3,1,S1,2024,7907392.3577498505,87255.10802319096,207734.10670629764,0.0,5056170.422054576,2556232.7209657854,0.0,315881.51625013165,5311419.566229995,257618.8230895697,2.3039296923146747E7
T04_B3,T04,B3,1,S1,2025,7907392.3577498505,100025.32494384168,166819.11937605913,0.0,5030897.007910036,2609650.9055199116,0.0,315881.51625013165,5311419.566229995,262525.74748843326,2.3039296923146747E7
T04_B3,T04,B3,1,S1,2026,7907392.3577498505,109233.38751672482,131596.66964664834,0.0,5056178.492196416,2610383.80839006,0.0,315881.51625013165,5311419.566229995,267284.70328213566,2.3039296923146747E7
T05_B3,T05,B3,1,S1,2021,7770253.501162421,26733.337981908462,41524.659332813935,0.0,1686818.0075744924,6015177.496273206,0.0,46171.481517328,1745446.5867078293,22992.00146083458,7790285.99646391
T05_B3,T05,B3,1,S1,2023,7770253.501162421,8743.022264368394,73389.42985579548,0.0,1717676.5594824397,5970444.489559817,0.0,46171.481517328,1745446.586707829,39501.537767058726,7790285.99646391
T05_B3,T05,B3,1,S1,2024,7770253.501162421,11469.568910097609,95660.39030743767,0.0,1736590.0190365657,5926533.522908319,0.0,46171.481517328,1745446.586707829,39668.00459579767,7790285.99646391
T05_B3,T05,B3,1,S1,2020,7770253.501162422,46171.481517328,53371.27145098518,0.0,1645903.833739516,6024806.9144545905,0.0,46171.481517328,1745446.586707829,0.0,7790285.99646391
T05_B3,T05,B3,1,S1,2022,7770253.501162422,7870.83988608566,60192.40891334684,0.0,1753661.5236826872,5948528.7286803,0.0,46171.481517328,1745446.586707829,38991.67749702603,7790285.996463911
T05_B3,T05,B3,1,S1,2025,7770253.501162422,16995.03861909754,103615.39464775535,0.0,1740389.83066855,5909253.237227018,0.0,46171.481517328,1745446.586707829,38810.501634246226,7790285.99646391
T05_B3,T05,B3,1,S1,2026,7770253.501162422,26476.557555135092,129789.65362842036,0.0,1739677.9592994237,5874309.330679441,0.0,46171.481517328,1745446.586707829,38582.09096817316,7790285.996463911
T06_B3,T06,B3,1,S1,2020,8079435.062153685,133177.23649306953,288727.11331365246,0.0,3261669.128148906,4395861.584198058,0.0,133177.23649306953,3683573.4779556273,0.0,1.5854194555389613E7
T06_B3,T06,B3,1,S1,2026,8079435.062153685,69024.47954170377,257681.477891361,0.0,3419393.878427005,4333335.226293616,0.0,133177.23649306953,3683573.4779556277,105572.09964605594,1.5854194555389613E7
T06_B3,T06,B3,1,S1,2021,8079435.062153686,66985.99366173836,273775.27571713313,0.0,3355814.141906918,4382859.650867896,0.0,133177.23649306953,3683573.4779556273,73601.92838601505,1.5854194555389613E7
T06_B3,T06,B3,1,S1,2023,8079435.062153686,43186.00858369715,252814.9474595313,0.0,3389939.021847325,4393495.084263132,0.0,133177.23649306953,3683573.4779556273,100887.50215274586,1.5854194555389613E7
T06_B3,T06,B3,1,S1,2024,8079435.062153686,47338.364687721405,263136.18737502757,0.0,3423759.1951713413,4345201.314919595,0.0,133177.23649306953,3683573.4779556277,104410.285549089,1.5854194555389613E7
T06_B3,T06,B3,1,S1,2025,8079435.062153686,51864.66231183819,278619.40357193287,0.0,3414995.5841468065,4333955.412123107,0.0,133177.23649306953,3683573.4779556273,108963.25414811677,1.5854194555389613E7
T06_B3,T06,B3,1,S1,2022,8079435.062153687,27964.97442330753,308253.3240063836,0.0,3428481.644524698,4314735.119199296,0.0,133177.23649306953,3683573.4779556273,105804.55994421265,1.5854194555389613E7
T07_B3,T07,B3,1,S1,2020,8033682.245737802,399729.3255736706,1282275.2259575042,0.0,1743301.3819633934,4608376.312243233,0.0,399729.3255736706,3425305.933494568,0.0,4497930.422541809
T07_B3,T07,B3,1,S1,2021,8033682.245737802,273803.13002337294,1182889.6108495975,0.0,2041137.6400360705,4535851.864828761,0.0,399729.3255736706,3425305.933494568,165874.24902310836,4497930.422541809
T07_B3,T07,B3,1,S1,2022,8033682.245737802,134501.98435683906,1342313.8879835245,0.0,2155377.0630233763,4401489.310374062,0.0,399729.3255736706,3425305.933494568,283298.5864107618,4497930.422541809
T07_B3,T07,B3,1,S1,2023,8033682.245737802,142824.30955125394,1221666.3377350753,0.0,2288820.2321357583,4380371.366315715,0.0,399729.3255736706,3425305.933494568,335577.5925944908,4497930.422541809
T07_B3,T07,B3,1,S1,2024,8033682.245737802,344174.34803143673,1083766.5683180268,0.0,2524079.4246164956,4081661.904771842,0.0,399729.3255736706,3425305.933494568,350980.35418096796,4497930.422541809
T07_B3,T07,B3,1,S1,2025,8033682.245737802,284112.73929969943,1162800.3098221424,0.0,2445023.4534281716,4141745.7431877884,0.0,399729.3255736706,3425305.9334945683,360901.4847694247,4497930.422541809
T07_B3,T07,B3,1,S1,2026,8033682.245737802,338565.5054012523,841723.1953535192,0.0,2683609.7683332255,4169783.776649805,0.0,399729.3255736706,3425305.933494568,372808.056857958,4497930.42254181
T08_B3,T08,B3,1,S1,2020,8171713.7849400835,142903.81593615963,754401.6460630528,0.0,1078276.9891319126,6196131.333808958,0.0,142903.81593615963,1975582.451131125,0.0,2713540.9003012264
T08_B3,T08,B3,1,S1,2023,8171713.7849400835,53935.78451122209,591939.216050451,0.0,1399230.478117939,6126608.306260471,0.0,142903.8159361596,1975582.451131125,113351.34969500374,2713540.9003012264
T08_B3,T08,B3,1,S1,2021,8171713.784940084,118330.50284369974,624535.5842188518,0.0,1238539.4797329772,6190308.218144555,0.0,142903.8159361596,1975582.451131125,49586.54903289197,2713540.9003012264
T08_B3,T08,B3,1,S1,2022,8171713.784940084,82270.64899262073,740104.3577130188,0.0,1262695.0687004537,6086643.70953399,0.0,142903.8159361596,1975582.4511311247,87813.153909212,2713540.9003012264
T08_B3,T08,B3,1,S1,2024,8171713.784940084,117698.5406733494,598333.7538715439,0.0,1442201.0588369933,6013480.431558197,0.0,142903.8159361596,1975582.4511311247,113896.46466692757,2713540.9003012264
T08_B3,T08,B3,1,S1,2025,8171713.784940084,144107.32493336996,606220.6126198563,0.0,1514186.7738994826,5907199.073487374,0.0,142903.8159361596,1975582.451131125,113117.14024335076,2713540.9003012264
T08_B3,T08,B3,1,S1,2026,8171713.784940084,234491.89429802986,600387.3422295664,0.0,1578740.9506623214,5758093.597750166,0.0,142903.8159361596,1975582.451131125,113610.71681958367,2713540.9003012264
T09_B3,T09,B3,1,S1,2024,7838274.670072578,83507.50873972574,526350.5030992096,0.0,1996694.3591563802,5231722.299077262,0.0,180631.84700254555,2403821.375310591,135635.68196824018,5616784.96105963
T09_B3,T09,B3,1,S1,2020,7838274.670072579,180631.84700254555,419628.6158221376,0.0,1803560.912485908,5434453.2947619865,0.0,180631.84700254555,2403821.3753105914,0.0,5616784.96105963
T09_B3,T09,B3,1,S1,2021,7838274.670072579,96051.99274289001,402785.1286536722,0.0,1929941.3365946156,5409496.2120814,0.0,180631.84700254555,2403821.375310591,90451.46225092272,5616784.961059628
T09_B3,T09,B3,1,S1,2022,7838274.670072579,67366.73265913421,570245.7554669846,0.0,1951740.542788098,5248921.639158361,0.0,180631.84700254555,2403821.375310591,115891.81424668257,5616784.96105963
T09_B3,T09,B3,1,S1,2023,7838274.670072579,58506.89337765563,436018.4884809008,0.0,2022329.5758185291,5321419.712395492,0.0,180631.84700254555,2403821.375310591,134253.60057022993,5616784.961059628
T09_B3,T09,B3,1,S1,2025,7838274.670072579,90483.66878503538,577588.1862003403,0.0,1995547.0444902908,5174655.770596912,0.0,180631.84700254555,2403821.375310591,135931.85998490278,5616784.961059628
T09_B3,T09,B3,1,S1,2026,7838274.670072579,128945.46575796089,531968.0491984348,0.0,2051132.393711105,5126228.761405078,0.0,180631.84700254555,2403821.375310591,123295.91222336714,5616784.961059628
T10_B3,T10,B3,1,S1,2021,8110936.851822557,92601.54964453005,300334.49146994797,0.0,2743338.3436283483,4974662.467079732,0.0,160245.17645185883,3146089.440287541,89184.73254505232,8360610.3091320265
T10_B3,T10,B3,1,S1,2024,8110936.851822557,140979.55732625324,406082.5650572235,0.0,2606394.076169631,4957480.65326945,0.0,160245.17645185883,3146089.440287541,101697.17772387336,8360610.3091320265
T10_B3,T10,B3,1,S1,2020,8110936.851822558,160245.17645185883,557255.0836930219,0.0,2428589.1801426606,4964847.411535016,0.0,160245.17645185883,3146089.440287541,0.0,8360610.309132026
T10_B3,T10,B3,1,S1,2022,8110936.851822558,44109.2415649414,376907.3101565791,0.0,2724283.121644023,4965637.178457013,0.0,160245.17645185883,3146089.4402875416,120874.38959883146,8360610.309132027
T10_B3,T10,B3,1,S1,2023,8110936.851822558,83317.2790834913,332214.1848194796,0.0,2719788.229564831,4975617.1583547555,0.0,160245.17645185883,3146089.440287541,104919.5988507439,8360610.3091320265
T10_B3,T10,B3,1,S1,2025,8110936.851822558,153958.82308532117,471028.1585357666,0.0,2611114.3614583625,4874835.508743107,0.0,160245.17645185883,3146089.440287541,105113.80952860515,8360610.3091320265
T10_B3,T10,B3,1,S1,2026,8110936.851822558,173676.5685616587,685208.7434520647,0.0,2654597.0210699644,4597454.51873887,0.0,160245.17645185883,3146089.440287541,105170.71647650027,8360610.3091320265
T11_B3,T11,B3,1,S1,2020,7565039.933564518,239872.6085323259,502266.5118743298,0.0,2600077.1863885615,4222823.626769301,0.0,239872.6085323259,3342216.3067952176,0.0,9561786.786992809
T11_B3,T11,B3,1,S1,2021,7565039.933564518,210729.63394913022,293363.7357667511,0.0,2828130.632306477,4232815.93154216,0.0,239872.60853232592,3342216.3067952176,117271.94828081319,9561786.786992809
T11_B3,T11,B3,1,S1,2022,7565039.933564518,66948.00733074114,392471.27901683137,0.0,2896406.81173739,4209213.8354795575,0.0,239872.6085323259,3342216.3067952176,178353.97317271514,9561786.786992809
T11_B3,T11,B3,1,S1,2023,7565039.933564518,190151.38213806154,328338.8909301758,0.0,2819290.307295556,4227259.353200724,0.0,239872.6085323259,3342216.3067952176,147863.04412135706,9561786.786992809
T11_B3,T11,B3,1,S1,2025,7565039.933564518,226554.76052015714,332607.64925294765,0.0,2847276.0121112904,4158601.511680125,0.0,239872.6085323259,3342216.3067952176,156159.80974530987,9561786.786992807
T11_B3,T11,B3,1,S1,2026,7565039.933564518,337504.87388185994,198831.77734120688,0.0,2859767.167921687,4168936.1144197653,0.0,239872.6085323259,3342216.3067952176,155117.27440852748,9561786.786992809
T11_B3,T11,B3,1,S1,2024,7565039.933564519,297219.86373602174,225930.2032130223,0.0,2848270.99564197,4193618.8709735046,0.0,239872.6085323259,3342216.3067952176,150987.50597614964,9561786.786992809
T12_B3,T12,B3,1,S1,2020,8522646.962189768,1114107.9843945072,954233.869078842,0.0,3889078.801026199,2565226.307690221,0.0,1114107.9843945072,5957420.654499548,0.0,1.5375931828821339E7
T12_B3,T12,B3,1,S1,2021,8522646.962189768,1034664.7414092718,703279.150793816,0.0,4192460.0252487487,2592243.0447379323,0.0,1114107.9843945075,5957420.6544995485,233719.79846717985,1.5375931828821339E7
T12_B3,T12,B3,1,S1,2022,8522646.962189768,631469.5399497538,980383.9499402815,0.0,4595538.239840728,2315255.232459005,0.0,1114107.9843945075,5957420.654499548,552727.4177037259,1.5375931828821339E7
T12_B3,T12,B3,1,S1,2023,8522646.962189768,713713.6443000345,653878.5817369649,0.0,4652110.317637544,2502944.4185152245,0.0,1114107.9843945072,5957420.6544995485,503072.09870348166,1.5375931828821339E7
T12_B3,T12,B3,1,S1,2024,8522646.962189768,807689.3648655312,758814.7335754993,0.0,4622948.736201717,2333194.127547021,0.0,1114107.9843945072,5957420.6544995485,509685.9468785305,1.5375931828821339E7
T12_B3,T12,B3,1,S1,2025,8522646.962189768,691642.285963769,1135709.0729472141,0.0,4416024.049151283,2279271.5541275027,0.0,1114107.9843945072,5957420.6544995485,566849.2519954906,1.5375931828821339E7
T12_B3,T12,B3,1,S1,2026,8522646.962189768,800479.1730004104,1023921.94513104,0.0,4457568.275139693,2240677.568918625,0.0,1114107.9843945072,5957420.6544995485,556384.6535686718,1.5375931828821339E7
T13_B3,T13,B3,1,S1,2020,7995499.349785837,281719.0123405008,411206.9239901374,0.0,2614881.69820054,4687691.71525466,0.0,281719.0123405008,3307807.634531178,0.0,1.1115746829320693E7
T13_B3,T13,B3,1,S1,2022,7995499.349785837,100956.59233506146,265269.4785539814,0.0,2969404.008912,4659869.269984795,0.0,281719.0123405007,3307807.6345311776,182736.7797771678,1.1115746829320693E7
T13_B3,T13,B3,1,S1,2023,7995499.349785837,95030.3744798548,271090.6582142849,0.0,2933295.847923159,4696082.469168539,0.0,281719.0123405007,3307807.634531178,192225.75054276412,1.1115746829320693E7
T13_B3,T13,B3,1,S1,2024,7995499.349785837,121167.67082435757,374162.96862739115,0.0,2809416.8377842023,4690751.872549888,0.0,281719.0123405008,3307807.634531178,199111.80595703126,1.1115746829320693E7
T13_B3,T13,B3,1,S1,2025,7995499.349785837,161487.8642314836,303783.2081399057,0.0,2838587.97204138,4691640.305373068,0.0,281719.0123405007,3307807.634531178,197428.7826259538,1.1115746829320692E7
T13_B3,T13,B3,1,S1,2026,7995499.349785837,214663.38675121233,212765.22010919906,0.0,2870713.111328693,4697357.631596734,0.0,281719.0123405007,3307807.634531178,202839.80310202207,1.1115746829320693E7
T13_B3,T13,B3,1,S1,2021,7995499.349785838,200965.55413178087,239996.51168733486,0.0,2859660.295972787,4694876.987993937,0.0,281719.0123405008,3307807.634531178,89181.89245683257,1.1115746829320692E7
T14_B3,T14,B3,1,S1,2021,8030413.468574284,120314.10711451512,236598.92626339782,0.0,1905272.7342859304,5768227.700910442,0.0,170372.38824280383,2262867.8665273925,67314.46261399213,8852515.799160676
T14_B3,T14,B3,1,S1,2022,8030413.468574284,36499.504055217665,210691.02529605044,0.0,2039655.3076015695,5743567.631621447,0.0,170372.38824280383,2262867.8665273925,134465.1914767097,8852515.799160676
T14_B3,T14,B3,1,S1,2023,8030413.468574284,46750.68980371812,157317.85600959926,0.0,2058798.5465415805,5767546.376219387,0.0,170372.38824280383,2262867.8665273925,138230.38915863037,8852515.799160676
T14_B3,T14,B3,1,S1,2024,8030413.468574284,57666.81086632224,171398.30775774788,0.0,2034296.3215498682,5767052.028400347,0.0,170372.38824280383,2262867.8665273925,140990.6945440554,8852515.799160676
T14_B3,T14,B3,1,S1,2025,8030413.468574284,73619.3706979789,162242.9234777413,0.0,2026843.3712408026,5767707.803157762,0.0,170372.38824280383,2262867.8665273925,142076.57708952657,8852515.799160676
T14_B3,T14,B3,1,S1,2026,8030413.468574284,82218.56087655459,151774.83140827256,0.0,2028086.3059052413,5768333.770384217,0.0,170372.38824280383,2262867.8665273925,142885.65464830585,8852515.799160674
T14_B3,T14,B3,1,S1,2020,8030413.468574285,170372.38824280383,407965.3798454434,0.0,1684530.0984391458,5767545.602046892,0.0,170372.38824280383,2262867.8665273925,0.0,8852515.799160674
T15_B3,T15,B3,1,S1,2021,7342615.992733346,102774.30060302136,10408.781078682694,0.0,1718435.8887631288,5510997.022288513,0.0,180368.9190235213,1831618.9704448325,77594.6184204999,7965699.077520572
T15_B3,T15,B3,1,S1,2023,7342615.992733346,24124.508982071224,29851.148788871018,0.0,1777521.3711038332,5511118.963858571,0.0,180368.9190235213,1831618.9704448325,157626.50273859364,7965699.077520572
T15_B3,T15,B3,1,S1,2024,7342615.992733346,26471.698379277248,52757.07827247171,0.0,1752390.1937930835,5510997.022288514,0.0,180368.9190235213,1831618.9704448325,159008.55348932606,7965699.077520572
T15_B3,T15,B3,1,S1,2025,7342615.992733346,27532.450823615578,35631.49493064132,0.0,1768455.024690576,5510997.022288513,0.0,180368.9190235213,1831618.9704448325,164567.4143724928,7965699.077520572
T15_B3,T15,B3,1,S1,2026,7342615.992733346,25313.430555156636,43828.99894828048,0.0,1762476.5409413958,5510997.022288514,0.0,180368.9190235213,1831618.9704448325,165949.4981127272,7965699.077520572
T15_B3,T15,B3,1,S1,2020,7342615.992733347,180368.9190235213,9304.266340308095,0.0,1641945.7850810036,5510997.022288514,0.0,180368.9190235213,1831618.9704448325,0.0,7965699.077520572
T15_B3,T15,B3,1,S1,2022,7342615.992733347,32487.397654514687,26677.19055636537,0.0,1772454.3822339524,5510997.022288513,0.0,180368.9190235213,1831618.9704448325,147980.24263670683,7965699.077520572
T16_B3,T16,B3,1,S1,2020,8348588.413987194,383095.0504996207,99821.54723878748,0.0,2780444.6935354494,5085227.122713336,0.0,383095.0504996207,3263361.2912738575,0.0,1.5715894687255353E7
T16_B3,T16,B3,1,S1,2021,8348588.413987194,268057.1582214954,82343.22659642836,0.0,2912960.906455934,5085227.122713336,0.0,383095.0504996207,3263361.2912738575,120072.48444121117,1.5715894687255353E7
T16_B3,T16,B3,1,S1,2022,8348588.413987194,119688.20313666848,102497.7137747671,0.0,3041175.374362422,5085227.122713336,0.0,383095.0504996207,3263361.2912738575,263604.28329129686,1.5715894687255353E7
T16_B3,T16,B3,1,S1,2023,8348588.413987194,114826.93150272743,81355.01908473595,0.0,3065204.9178195726,5087201.545580157,0.0,383095.0504996207,3263361.2912738575,273687.61423818546,1.5715894687255353E7
T16_B3,T16,B3,1,S1,2024,8348588.413987194,109383.73743229285,119912.65902434704,0.0,3032880.2411383237,5086411.77639223,0.0,383095.0504996207,3263361.2912738575,290100.2035433003,1.5715894687255353E7
T16_B3,T16,B3,1,S1,2026,8348588.413987194,118973.4890782674,86147.49330477245,0.0,3054883.7865061737,5088583.645097979,0.0,383095.0504996206,3263361.2912738575,304283.3648893169,1.5715894687255353E7
T16_B3,T16,B3,1,S1,2025,8348588.413987195,122101.64425497616,92015.74025313434,0.0,3043231.594676688,5091239.434802395,0.0,383095.0504996207,3263361.2912738575,298154.2659914503,1.5715894687255353E7
T17_B3,T17,B3,1,S1,2022,8183916.912655817,322566.6777784161,115760.37120920817,0.0,2691651.0765585518,5053938.787109643,0.0,594025.8475150014,3129978.1255461746,283305.528890333,1.6734163018573986E7
T17_B3,T17,B3,1,S1,2023,8183916.912655817,310863.8398079965,166923.6435465196,0.0,2652190.642191659,5053938.787109643,0.0,594025.8475150014,3129978.1255461755,307387.43113690545,1.6734163018573986E7
T17_B3,T17,B3,1,S1,2026,8183916.912655817,402949.28685802384,90486.03632076489,0.0,2636542.8023673864,5053938.787109644,0.0,594025.8475150014,3129978.1255461746,303834.168056533,1.6734163018573986E7
T17_B3,T17,B3,1,S1,2020,8183916.912655818,594025.8475150015,210071.26903303558,0.0,2325881.008998138,5053938.787109643,0.0,594025.8475150015,3129978.1255461746,0.0,1.6734163018573985E7
T17_B3,T17,B3,1,S1,2021,8183916.912655818,542210.8395379459,114910.69555466596,0.0,2472856.590453563,5053938.787109643,0.0,594025.8475150015,3129978.1255461746,114503.9382009768,1.6734163018573986E7
T17_B3,T17,B3,1,S1,2024,8183916.912655818,349179.28424539004,165546.00244421867,0.0,2615252.838856566,5053938.787109644,0.0,594025.8475150014,3129978.1255461746,306532.8059920068,1.6734163018573985E7
T17_B3,T17,B3,1,S1,2025,8183916.912655818,387086.5249445598,122724.79655043659,0.0,2620166.804051179,5053938.787109644,0.0,594025.8475150014,3129978.1255461746,298074.47307054105,1.6734163018573986E7
T18_B3,T18,B3,1,S1,2020,7454986.87992066,1093875.7584590835,331299.7924028883,0.0,2300288.563084651,3729522.765974037,0.0,1093875.7584590835,3725464.1139466227,0.0,2.143657493785039E7
T18_B3,T18,B3,1,S1,2021,7454986.87992066,1021209.5050216671,148859.0275087543,0.0,2555395.581416201,3729522.765974037,0.0,1093875.7584590837,3725464.1139466227,118574.442077906,2.143657493785039E7
T18_B3,T18,B3,1,S1,2022,7454986.87992066,742760.0624965292,97592.15703130983,0.0,2885111.894418784,3729522.765974037,0.0,1093875.7584590835,3725464.113946623,360256.3431821935,2.143657493785039E7
T18_B3,T18,B3,1,S1,2023,7454986.87992066,705333.0085623048,222517.34989456477,0.0,2797613.7554897536,3729522.765974037,0.0,1093875.7584590837,3725464.1139466227,414328.27050135,2.1436574937850386E7
T18_B3,T18,B3,1,S1,2024,7454986.87992066,821419.1025722726,161899.38454218843,0.0,2742145.626832162,3729522.765974037,0.0,1093875.7584590835,3725464.113946623,404319.32834038825,2.143657493785039E7
T18_B3,T18,B3,1,S1,2026,7454986.87992066,832993.3694912778,86981.14713939592,0.0,2805094.718257111,3729917.645032875,0.0,1093875.7584590835,3725464.113946623,437955.5926287482,2.143657493785039E7
T18_B3,T18,B3,1,S1,2025,7454986.8799206605,764194.1635315538,193538.93157007557,0.0,2767731.0188449933,3729522.765974037,0.0,1093875.7584590835,3725464.1139466227,425601.7070024079,2.143657493785039E7
T19_B3,T19,B3,1,S1,2021,8839427.32544409,2067761.6776455152,335900.135029243,0.0,5791372.477705324,644393.0350640089,0.0,2677452.863013204,8195231.729466995,646323.9464888629,5.544697543708595E7
T19_B3,T19,B3,1,S1,2022,8839427.32544409,1448420.6492463355,488254.2373605766,0.0,6258556.842860083,644195.5959770948,0.0,2677452.863013204,8195231.729466995,1243709.7333256737,5.544697543708596E7
T19_B3,T19,B3,1,S1,2024,8839427.32544409,1303815.3667554667,506917.24679017905,0.0,6384499.115921348,644195.595977095,0.0,2677452.863013204,8195231.729466995,1464218.3165156643,5.544697543708595E7
T19_B3,T19,B3,1,S1,2020,8839427.325444091,2677452.8630132047,396036.1412166521,0.0,5121742.725237141,644195.5959770948,0.0,2677452.8630132047,8195231.729466996,0.0,5.544697543708595E7
T19_B3,T19,B3,1,S1,2023,8839427.325444091,1325837.8162714043,517782.3007232667,0.0,6351611.612472326,644195.5959770948,0.0,2677452.863013204,8195231.729466995,1374472.5774558573,5.544697543708596E7
T19_B3,T19,B3,1,S1,2025,8839427.325444091,1164680.646919071,493980.77824060776,0.0,6536471.584908818,644294.3153755934,0.0,2677452.863013204,8195231.729466995,1620538.9395514093,5.544697543708595E7
T19_B3,T19,B3,1,S1,2026,8839427.325444091,1100314.6124299294,257301.52621352253,0.0,6826065.7240480315,655745.4627526075,0.0,2677452.863013204,8195231.729466994,1729593.0292559753,5.544697543708595E7
T20_B3,T20,B3,1,S1,2020,7613293.568556664,1375200.7847014184,147016.76308680518,0.0,2208496.729943878,3882579.2908245614,0.0,1375200.7847014184,3730714.277732101,0.0,3.1815724342758298E7
T20_B3,T20,B3,1,S1,2021,7613293.568556664,1137820.3923652498,116354.17505699607,0.0,2476539.7103098547,3882579.2908245614,0.0,1375200.7847014181,3730714.2777321003,255534.6579815135,3.1815724342758298E7
T20_B3,T20,B3,1,S1,2022,7613293.568556664,739619.4668351116,223801.1917797014,0.0,2767293.6191172875,3882579.2908245614,0.0,1375200.7847014181,3730714.277732101,647190.4747240255,3.1815724342758298E7
T20_B3,T20,B3,1,S1,2023,7613293.568556664,710663.6502136231,184244.26560707839,0.0,2835806.3619113993,3882579.2908245614,0.0,1375200.7847014186,3730714.277732101,702318.2597486009,3.1815724342758298E7
T20_B3,T20,B3,1,S1,2024,7613293.568556664,735665.131665099,117958.42255434522,0.0,2877090.7235126565,3882579.290824561,0.0,1375200.7847014186,3730714.2777321003,707657.946820906,3.1815724342758298E7
T20_B3,T20,B3,1,S1,2025,7613293.568556664,660059.6294343837,111001.48389153574,0.0,2959653.1644061813,3882579.2908245614,0.0,1375200.7847014184,3730714.2777321003,774830.1279329486,3.18157243427583E7
T20_B3,T20,B3,1,S1,2026,7613293.568556664,627471.6436267629,85967.38994182511,0.0,3017275.2441635123,3882579.2908245614,0.0,1375200.7847014181,3730714.2777321003,821958.774286068,3.1815724342758298E7
T21_B3,T21,B3,1,S1,2020,8002962.23350235,890083.4430552163,88388.62666066487,0.0,3021588.5751730525,4002901.5886134133,0.0,890083.4430552163,4000060.6448889337,0.0,2.9626128418255858E7
T21_B3,T21,B3,1,S1,2022,8002962.23350235,488401.5429247389,104214.85584531298,0.0,3407444.2461188817,4002901.5886134133,0.0,890083.4430552163,4000060.6448889337,410867.92464850936,2.9626128418255858E7
T21_B3,T21,B3,1,S1,2024,8002962.23350235,415385.4834363451,95702.17387674369,0.0,3488972.9875758453,4002901.5886134123,0.0,890083.4430552163,4000060.6448889337,489609.6212066052,2.962612841825586E7
T21_B3,T21,B3,1,S1,2021,8002962.233502351,650886.9681914983,112405.66239130357,0.0,3236768.014306132,4002901.588613413,0.0,890083.4430552163,4000060.6448889337,251314.14743006093,2.962612841825586E7
T21_B3,T21,B3,1,S1,2023,8002962.233502351,434369.02197708434,122439.28016405292,0.0,3443252.342747797,4002901.588613413,0.0,890083.4430552163,4000060.6448889337,466819.85228005203,2.9626128418255858E7
T21_B3,T21,B3,1,S1,2025,8002962.233502351,409005.74233583943,67285.13532083548,0.0,3523769.7672322593,4002901.5886134133,0.0,890083.4430552163,4000060.6448889337,502109.95915464516,2.9626128418255858E7
T21_B3,T21,B3,1,S1,2026,8002962.233502351,397730.71100442926,46389.64751120174,0.0,3555940.286373303,4002901.5886134133,0.0,890083.4430552163,4000060.6448889337,524256.57945996453,2.962612841825586E7
T22_B3,T22,B3,1,S1,2021,8004938.988628821,1137770.1480759564,178645.18028902542,0.0,2615628.177392728,4072895.482871111,0.0,1226129.4933631448,3932043.50575771,176455.4161510991,3.094779652326624E7
T22_B3,T22,B3,1,S1,2025,8004938.988628821,1000250.8574601416,79396.73289941526,0.0,2852395.9153981525,4072895.482871111,0.0,1226129.4933631448,3932043.50575771,392509.6170629464,3.094779652326624E7
T22_B3,T22,B3,1,S1,2020,8004938.988628822,1226129.4933631448,269080.18194397574,0.0,2436833.830450589,4072895.482871111,0.0,1226129.4933631448,3932043.5057577095,0.0,3.094779652326624E7
T22_B3,T22,B3,1,S1,2022,8004938.988628822,985967.2557441861,104530.65351867674,0.0,2841545.5964948465,4072895.482871111,0.0,1226129.493363145,3932043.50575771,350625.05753161863,3.094779652326624E7
T22_B3,T22,B3,1,S1,2023,8004938.988628822,911559.7911507998,188895.43067779543,0.0,2831588.2839291147,4072895.482871111,0.0,1226129.4933631448,3932043.50575771,388155.27888512705,3.094779652326624E7
T22_B3,T22,B3,1,S1,2024,8004938.988628822,995899.3419336356,99871.4945760091,0.0,2836272.6692480645,4072895.4828711115,0.0,1226129.4933631448,3932043.50575771,382307.7623764337,3.094779652326624E7
T22_B3,T22,B3,1,S1,2026,8004938.988628822,988790.6032181683,55967.70372194776,0.0,2887285.198817593,4072895.482871111,0.0,1226129.4933631446,3932043.50575771,426118.3697099574,3.094779652326624E7
T23_B3,T23,B3,1,S1,2020,7593232.271422475,1257822.2714119407,251610.7742500754,0.0,2541642.445179749,3542156.7805807074,0.0,1257822.2714119407,4051075.4908417645,0.0,3.2284503986426953E7
T23_B3,T23,B3,1,S1,2021,7593232.271422476,979452.3883732216,176821.72712429272,0.0,2894801.375344251,3542156.7805807074,0.0,1257822.2714119407,4051075.4908417645,335917.0988060148,3.2284503986426953E7
T23_B3,T23,B3,1,S1,2022,7593232.271422476,898208.4096541461,191826.4967885934,0.0,2961040.584399026,3542156.7805807074,0.0,1257822.271411941,4051075.4908417645,427656.75689490826,3.2284503986426953E7
T23_B3,T23,B3,1,S1,2023,7593232.271422476,880753.3738424862,219199.77321448232,0.0,2951122.3437847965,3542156.7805807074,0.0,1257822.2714119407,4051075.4908417645,454643.76922846783,3.2284503986426953E7
T23_B3,T23,B3,1,S1,2024,7593232.271422476,931510.3842270795,124758.81014903948,0.0,2994806.296465646,3542156.7805807074,0.0,1257822.2714119407,4051075.4908417645,451182.68978953647,3.2284503986426953E7
T23_B3,T23,B3,1,S1,2025,7593232.271422476,954349.085153258,113494.1126057045,0.0,2983232.293082802,3542156.7805807074,0.0,1257822.2714119407,4051075.4908417645,462027.94990123675,3.2284503986426957E7
T23_B3,T23,B3,1,S1,2026,7593232.2714224765,940235.2648987714,70196.52603260115,0.0,3040643.6999103925,3542156.7805807074,0.0,1257822.2714119407,4051075.4908417645,473540.15302572807,3.2284503986426953E7
T24_B3,T24,B3,1,S1,2024,7992954.044758993,1752191.2662315217,466967.6417736278,0.0,4211625.667975213,1562169.4687786326,0.0,2296993.2577676508,6430784.5759803625,736024.1975996429,4.667597339475049E7
T24_B3,T24,B3,1,S1,2020,7992954.044758994,2296993.2577676508,517976.4495501649,0.0,3615814.868662546,1562169.4687786326,0.0,2296993.2577676508,6430784.575980362,0.0,4.667597339475049E7
T24_B3,T24,B3,1,S1,2021,7992954.044758994,2013899.7023202633,414481.6916673847,0.0,4002403.1819927134,1562169.4687786326,0.0,2296993.2577676508,6430784.575980362,438914.99680672446,4.667597339475049E7
T24_B3,T24,B3,1,S1,2022,7992954.044758994,1843233.7169411154,499381.1974519617,0.0,4088169.6615872853,1562169.4687786326,0.0,2296993.2577676508,6430784.575980362,616736.5962505565,4.667597339475049E7
T24_B3,T24,B3,1,S1,2023,7992954.044758994,1780798.0294511085,537182.757939896,0.0,4112803.788589359,1562169.4687786323,0.0,2296993.2577676508,6430784.575980362,658604.8018878115,4.667597339475049E7
T24_B3,T24,B3,1,S1,2025,7992954.044758994,1747580.1353444417,432336.455906408,0.0,4250867.984729513,1562169.4687786326,0.0,2296993.2577676508,6430784.575980362,772945.9014761234,4.667597339475049E7
T24_B3,T24,B3,1,S1,2026,7992954.044758994,1671877.2626401114,344566.069095088,0.0,4414341.244245163,1562169.4687786326,0.0,2296993.2577676508,6430784.575980362,831041.4106957829,4.667597339475049E7
T25_B3,T25,B3,1,S1,2024,8090623.616418997,2448405.796640613,183925.66705866795,0.0,2435601.6965811034,3022690.4561386113,0.0,2947143.104896337,5067933.160280385,597727.524668974,3.8588840325058974E7
T25_B3,T25,B3,1,S1,2025,8090623.616418997,2425751.4913687017,193500.37622608859,0.0,2448681.2926855944,3022690.4561386113,0.0,2947143.1048963363,5067933.160280385,635914.4140504127,3.858884032505897E7
T25_B3,T25,B3,1,S1,2020,8090623.616418998,2947143.1048963363,192588.01033896653,0.0,1928202.045045082,3022690.456138611,0.0,2947143.1048963363,5067933.160280385,0.0,3.858884032505897E7
T25_B3,T25,B3,1,S1,2021,8090623.616418998,2781325.9709373624,124504.787616266,0.0,2162102.4017267562,3022690.456138611,0.0,2947143.1048963363,5067933.160280385,239695.0163847082,3.858884032505897E7
T25_B3,T25,B3,1,S1,2022,8090623.616418998,2540757.2317051305,120198.55621197271,0.0,2406977.372363281,3022690.456138611,0.0,2947143.1048963363,5067933.160280385,464250.94383063226,3.858884032505897E7
T25_B3,T25,B3,1,S1,2023,8090623.616418998,2467010.2179599837,221562.86573483335,0.0,2379360.076585567,3022690.456138611,0.0,2947143.1048963363,5067933.160280386,546471.9854837456,3.858884032505897E7
T25_B3,T25,B3,1,S1,2026,8090623.616418998,2417644.3933928846,152222.2060105866,0.0,2498066.560876913,3022690.456138611,0.0,2947143.1048963363,5067933.160280385,700593.3000505932,3.858884032505897E7
T26_B3,T26,B3,1,S1,2020,9008544.269484276,261297.04250871247,2007.3172988891602,0.0,197005.21787396603,8548234.691802708,0.0,261297.04250871247,460309.5776815678,0.0,2771031.842283751
T26_B3,T26,B3,1,S1,2021,9008544.269484276,233856.69301404763,987.2054977416992,0.0,225465.6791697783,8548234.691802708,0.0,261297.04250871247,460309.5776815678,28407.81147586598,2771031.842283751
T26_B3,T26,B3,1,S1,2022,9008544.269484276,212720.06139562273,3455.2234420776367,0.0,244134.29284386736,8548234.691802708,0.0,261297.04250871247,460309.5776815678,49149.56013683244,2771031.842283751
T26_B3,T26,B3,1,S1,2023,9008544.269484276,211520.7333708819,2922.8825709324256,0.0,245865.96173975334,8548234.691802708,0.0,261297.04250871247,460309.5776815678,50941.21077052097,2771031.842283751
T26_B3,T26,B3,1,S1,2025,9008544.269484276,205371.81502715466,1366.5851523006663,0.0,253571.17750211243,8548234.691802708,0.0,261297.04250871247,460309.5776815678,57781.17225084491,2771031.842283751
T26_B3,T26,B3,1,S1,2026,9008544.269484276,202578.23036699477,1826.897541809082,0.0,255904.44977276385,8548234.691802708,0.0,261297.04250871247,460309.5776815678,60295.62969659543,2771031.842283751
T26_B3,T26,B3,1,S1,2024,9008544.269484278,210531.60088177846,2091.307591247559,0.0,247686.66920854166,8548234.691802708,0.0,261297.04250871247,460309.5776815678,52818.82825260536,2771031.842283751
T27_B3,T27,B3,1,S1,2020,7486662.099165254,1184823.7988812914,63853.56655955595,0.0,1515245.08835898,4722739.645365426,0.0,1184823.7988812914,2763922.4537998275,0.0,1.9915720979427293E7
T27_B3,T27,B3,1,S1,2021,7486662.099165254,1051367.5203264125,51716.304548525346,0.0,1660838.6289248895,4722739.645365426,0.0,1184823.7988812914,2763922.4537998275,139155.72027064304,1.9915720979427293E7
T27_B3,T27,B3,1,S1,2022,7486662.099165254,991081.7517767515,59073.92550578398,0.0,1713766.7765172923,4722739.645365426,0.0,1184823.7988812914,2763922.453799828,200020.24665255076,1.9915720979427293E7
T27_B3,T27,B3,1,S1,2023,7486662.099165254,964563.1549553964,58239.46959695256,0.0,1741119.8292474782,4722739.645365426,0.0,1184823.7988812914,2763922.4537998275,226341.41495370303,1.9915720979427293E7
T27_B3,T27,B3,1,S1,2025,7486662.099165254,940051.2805975222,42513.07194450229,0.0,1781358.101257803,4722739.645365425,0.0,1184823.7988812914,2763922.453799828,274569.8478480321,1.9915720979427293E7
T27_B3,T27,B3,1,S1,2026,7486662.099165254,902695.8346172556,60110.173576893525,0.0,1800721.56163351,4723134.529337593,0.0,1184823.7988812914,2763922.453799827,293059.0114916932,1.9915720979427293E7
T27_B3,T27,B3,1,S1,2024,7486662.099165255,935052.7190456016,62336.30021329394,0.0,1766533.4345409318,4722739.645365426,0.0,1184823.7988812914,2763922.453799827,257322.5504231771,1.9915720979427293E7
T28_B3,T28,B3,1,S1,2020,7893320.931776638,2642932.843935529,115060.66744770722,0.0,1808787.6527484069,3326539.767644994,0.0,2642932.843935529,4566781.164131643,0.0,3.61554984111244E7
T28_B3,T28,B3,1,S1,2022,7893320.931776638,1719544.1536441878,162174.51635239547,0.0,2685062.4941350594,3326539.7676449935,0.0,2642932.8439355283,4566781.164131644,942456.4847685869,3.615549841112441E7
T28_B3,T28,B3,1,S1,2023,7893320.931776638,1682081.5226465561,145430.20592438942,0.0,2739269.4355606977,3326539.7676449935,0.0,2642932.8439355283,4566781.164131642,989747.2468288346,3.61554984111244E7
T28_B3,T28,B3,1,S1,2024,7893320.931776638,1619074.202389676,119517.31311005238,0.0,2828189.6486319145,3326539.7676449935,0.0,2642932.843935529,4566781.164131644,1056067.702624063,3.615549841112441E7
T28_B3,T28,B3,1,S1,2025,7893320.931776638,1589160.2629147698,114264.01862143722,0.0,2863356.8825954357,3326539.7676449935,0.0,2642932.8439355283,4566781.164131643,1085193.7673630656,3.615549841112441E7
T28_B3,T28,B3,1,S1,2021,7893320.931776639,2218151.8460739134,83191.2693304623,0.0,2265438.0487272674,3326539.7676449935,0.0,2642932.843935529,4566781.164131644,456514.70770069194,3.615549841112441E7
T28_B3,T28,B3,1,S1,2026,7893320.931776639,1520269.555148076,123289.39360881133,0.0,2923222.2153747557,3326539.7676449935,0.0,2642932.843935529,4566781.164131644,1156808.7043451944,3.615549841112441E7
T29_B3,T29,B3,1,S1,2022,7908451.812865165,1717381.0654392617,202233.28104155295,0.0,2037066.0430270922,3951771.423357256,0.0,2319562.7615811513,3956680.3895079065,688711.5452090395,3.122437555141003E7
T29_B3,T29,B3,1,S1,2021,7908451.812865166,2063235.6264083264,158770.32840067544,0.0,1734674.4346989056,3951771.423357256,0.0,2319562.7615811517,3956680.389507907,369911.07311185944,3.122437555141003E7
T29_B3,T29,B3,1,S1,2023,7908451.812865166,1637846.5390931673,251172.47354320448,0.0,2067661.3768715353,3951771.4233572558,0.0,2319562.7615811513,3956680.389507907,785952.1076215558,3.122437555141003E7
T29_B3,T29,B3,1,S1,2026,7908451.812865166,1509889.2703992657,155741.2704513849,0.0,2291049.8486572565,3951771.4233572558,0.0,2319562.7615811517,3956680.3895079065,925854.1140490365,3.122437555141003E7
T29_B3,T29,B3,1,S1,2020,7908451.812865167,2319562.7615811513,293721.05207941396,0.0,1343396.5758473412,3951771.4233572558,0.0,2319562.7615811513,3956680.3895079065,0.0,3.1224375551410034E7
T29_B3,T29,B3,1,S1,2024,7908451.812865167,1627055.199363888,161148.08099254532,0.0,2168477.1091514737,3951771.423357256,0.0,2319562.7615811513,3956680.389507907,827476.9011542225,3.1224375551410034E7
T29_B3,T29,B3,1,S1,2025,7908451.812865167,1597093.1866586127,153108.60810205794,0.0,2206478.594747237,3951771.4233572558,0.0,2319562.7615811517,3956680.3895079065,853584.3146914014,3.1224375551410038E7
T30_B3,T30,B3,1,S1,2020,8006255.23608536,2193986.4157393808,720911.0251430436,0.0,970972.6828983382,4120385.112304598,0.0,2193986.4157393808,3885870.123780763,0.0,3.42546746774654E7
T30_B3,T30,B3,1,S1,2021,8006255.23608536,2267121.724060926,409017.7707281973,0.0,1209730.6289916392,4120385.1123045976,0.0,2193986.415739381,3885870.123780763,165773.2778424132,3.42546746774654E7
T30_B3,T30,B3,1,S1,2022,8006255.23608536,1987490.9425093709,386867.0704548855,0.0,1511512.1108165067,4120385.1123045976,0.0,2193986.4157393808,3885870.1237807623,349240.122788822,3.42546746774654E7
T30_B3,T30,B3,1,S1,2023,8006255.23608536,1974862.2143858369,552499.519768599,0.0,1358508.3896263272,4120385.1123045976,0.0,2193986.4157393817,3885870.123780763,382198.7048658184,3.42546746774654E7
T30_B3,T30,B3,1,S1,2024,8006255.23608536,2196622.364944099,263204.64293984807,0.0,1426043.1158968161,4120385.1123045976,0.0,2193986.415739381,3885870.123780763,346530.5111253626,3.42546746774654E7
T30_B3,T30,B3,1,S1,2025,8006255.23608536,2218322.5703236,238815.79492588414,0.0,1428731.758531279,4120385.112304598,0.0,2193986.415739381,3885870.1237807623,360994.6481654747,3.42546746774654E7
T30_B3,T30,B3,1,S1,2026,8006255.23608536,2120557.6638378366,188745.7720827888,0.0,1576566.6878601378,4120385.112304598,0.0,2193986.415739381,3885870.123780763,426764.30956965423,3.42546746774654E7
T31_B3,T31,B3,1,S1,2020,8105065.8959501665,2070680.6084402946,473628.48637853883,0.0,1508179.4714098764,4052577.329721459,0.0,2070680.6084402946,4052488.5662287087,0.0,3.2048635189593118E7
T31_B3,T31,B3,1,S1,2025,8105065.8959501665,1551130.1783393412,236685.76959620454,0.0,2264672.6182931643,4052577.329721459,0.0,2070680.6084402946,4052488.5662287087,662155.0648106593,3.204863518959312E7
T31_B3,T31,B3,1,S1,2022,8105065.895950167,1725509.3366865271,237060.8052639232,0.0,2089918.4242782597,4052577.3297214583,0.0,2070680.6084402946,4052488.5662287087,452912.4524637559,3.2048635189593118E7
T31_B3,T31,B3,1,S1,2021,8105065.895950168,2047822.4950688682,198165.18074409637,0.0,1806500.8904157456,4052577.329721459,0.0,2070680.6084402946,4052488.566228709,205465.00358653348,3.2048635189593118E7
T31_B3,T31,B3,1,S1,2023,8105065.895950168,1622285.6393079872,250417.76443266027,0.0,2179785.162488063,4052577.3297214587,0.0,2070680.6084402944,4052488.566228709,562813.7178394094,3.2048635189593118E7
T31_B3,T31,B3,1,S1,2024,8105065.895950168,1587935.294204742,172881.7033183079,0.0,2291671.56870566,4052577.329721459,0.0,2070680.6084402944,4052488.566228709,615426.9389955109,3.2048635189593118E7
T31_B3,T31,B3,1,S1,2026,8105065.895950169,1576556.0185180365,175671.2866425159,0.0,2300063.829168133,4052774.7616214836,0.0,2070680.6084402946,4052488.566228709,656754.9329617071,3.2048635189593118E7
T32_B3,T32,B3,1,S1,2020,7903528.899775038,1240951.5506808115,111509.58385138419,0.0,1897574.7040714936,4653493.061171348,0.0,1240951.5506808115,3250035.8386036893,0.0,2.774937124184774E7
T32_B3,T32,B3,1,S1,2022,7903528.899775038,933928.2295966654,47122.34122380275,0.0,2268985.267783221,4653493.061171348,0.0,1240951.5506808115,3250035.83860369,312960.3913860545,2.7749371241847735E7
T32_B3,T32,B3,1,S1,2025,7903528.899775038,912815.7595423979,44168.68804500805,0.0,2293051.3910162835,4653493.061171348,0.0,1240951.5506808115,3250035.83860369,349656.94114831666,2.774937124184774E7
T32_B3,T32,B3,1,S1,2021,7903528.899775039,1006248.1178635842,42706.01301006242,0.0,2201081.7077300427,4653493.061171348,0.0,1240951.5506808115,3250035.8386036893,243201.70926750032,2.774937124184774E7
T32_B3,T32,B3,1,S1,2023,7903528.899775039,921533.2800786637,48359.417772869034,0.0,2280143.140752157,4653493.061171348,0.0,1240951.5506808115,3250035.8386036893,328909.12406140496,2.774937124184774E7
T32_B3,T32,B3,1,S1,2024,7903528.899775039,919414.1367548925,29682.131276179294,0.0,2300939.5705726175,4653493.061171348,0.0,1240951.5506808113,3250035.8386036893,340505.1680275711,2.774937124184774E7
T32_B3,T32,B3,1,S1,2026,7903528.899775039,920599.8902628582,40993.92934977214,0.0,2288442.018991059,4653493.061171348,0.0,1240951.5506808115,3250035.83860369,352776.1093010398,2.774937124184774E7
T33_B3,T33,B3,1,S1,2020,8108031.031531807,1199615.2099652756,283692.15746388154,0.0,2626708.385120886,3998015.2789817657,0.0,1199615.2099652756,4110015.752550043,0.0,3.458280162092534E7
T33_B3,T33,B3,1,S1,2021,8108031.031531808,857987.8417253683,68105.25455247468,0.0,3183922.6562722,3998015.2789817657,0.0,1199615.2099652756,4110015.752550043,344194.0245509428,3.458280162092534E7
T33_B3,T33,B3,1,S1,2022,8108031.031531808,805853.4760837333,117663.74812897328,0.0,3186498.528337337,3998015.2789817657,0.0,1199615.2099652756,4110015.752550043,396032.2332177854,3.458280162092534E7
T33_B3,T33,B3,1,S1,2023,8108031.031531808,789513.2335885741,128066.61652493944,0.0,3192435.9024365298,3998015.2789817657,0.0,1199615.2099652756,4110015.752550043,417050.5430489933,3.458280162092534E7
T33_B3,T33,B3,1,S1,2024,8108031.031531808,807747.4942360374,78420.73642374674,0.0,3223847.521890259,3998015.2789817657,0.0,1199615.2099652756,4110015.752550043,423593.55365388165,3.458280162092534E7
T33_B3,T33,B3,1,S1,2025,8108031.031531808,811340.6271308152,94133.74889176313,0.0,3204541.376527465,3998015.2789817657,0.0,1199615.2099652756,4110015.752550043,431619.21613763546,3.458280162092534E7
T33_B3,T33,B3,1,S1,2026,8108031.031531808,810481.2904798022,77743.17724711102,0.0,3221791.2848231304,3998015.2789817667,0.0,1199615.2099652754,4110015.752550043,445030.0788251092,3.458280162092533E7
T34_B3,T34,B3,1,S1,2025,8012507.48778746,1176312.9824580175,150482.80339095174,0.0,2678295.3994156783,4007416.3025228167,0.0,1795637.1802671545,4005091.1852646475,716422.3975156897,3.807525160285109E7
T34_B3,T34,B3,1,S1,2026,8012507.487787461,1147824.612530787,94328.86544686112,0.0,2762937.7072869996,4007416.3025228167,0.0,1795637.1802671547,4005091.1852646475,731879.4883224189,3.80752516028511E7
T34_B3,T34,B3,1,S1,2020,8012507.487787462,1795637.1802671547,457225.6454351987,0.0,1752228.3595622939,4007416.3025228167,0.0,1795637.1802671547,4005091.1852646475,0.0,3.80752516028511E7
T34_B3,T34,B3,1,S1,2021,8012507.487787462,1275668.5978085387,290730.0850547042,0.0,2438692.5024014045,4007416.3025228167,0.0,1795637.1802671547,4005091.1852646475,534183.9080201392,3.807525160285109E7
T34_B3,T34,B3,1,S1,2022,8012507.487787462,1146664.8066992667,294011.92938776955,0.0,2564414.449177611,4007416.3025228167,0.0,1795637.1802671547,4005091.1852646475,661213.4098532882,3.807525160285109E7
T34_B3,T34,B3,1,S1,2023,8012507.487787462,1114984.8106462664,320391.03723327036,0.0,2569715.33738511,4007416.3025228167,0.0,1795637.1802671547,4005091.1852646475,708353.0620889702,3.807525160285109E7
T34_B3,T34,B3,1,S1,2024,8012507.487787462,1181111.5652444877,143339.97354607674,0.0,2680639.646474083,4007416.3025228167,0.0,1795637.1802671547,4005091.1852646475,705336.1773471308,3.807525160285109E7
T35_B3,T35,B3,1,S1,2020,7974269.770499943,1437823.1460365145,168288.13520603557,0.0,1221032.376102313,5147126.113155081,0.0,1437823.1460365145,2827143.657344863,0.0,2.7892792910754036E7
T35_B3,T35,B3,1,S1,2022,7974269.770499943,1225314.5084120505,103366.7929180968,0.0,1498462.3560147153,5147126.11315508,0.0,1437823.1460365145,2827143.657344863,220603.5354439829,2.7892792910754036E7
T35_B3,T35,B3,1,S1,2023,7974269.770499943,1245731.2664595656,73845.67468698538,0.0,1507566.7161983117,5147126.11315508,0.0,1437823.1460365145,2827143.657344863,211736.83108451692,2.7892792910754036E7
T35_B3,T35,B3,1,S1,2024,7974269.770499943,1248903.193281914,46786.90143498439,0.0,1531453.562627964,5147126.11315508,0.0,1437823.1460365145,2827143.657344863,218406.9233221316,2.7892792910754036E7
T35_B3,T35,B3,1,S1,2025,7974269.770499943,1236374.9217002718,53285.70046129414,0.0,1537483.0351832968,5147126.113155081,0.0,1437823.1460365145,2827143.657344863,224972.9913549984,2.7892792910754036E7
T35_B3,T35,B3,1,S1,2026,7974269.770499943,1238417.9791010236,45943.53248916327,0.0,1542782.1457546756,5147126.11315508,0.0,1437823.1460365143,2827143.657344863,235507.42236217423,2.7892792910754036E7
T35_B3,T35,B3,1,S1,2021,7974269.770499944,1331568.527653533,130916.33418665867,0.0,1364658.795504671,5147126.11315508,0.0,1437823.1460365145,2827143.657344863,118495.64784007352,2.7892792910754036E7
T36_B3,T36,B3,1,S1,2026,7929050.492116022,1376934.6643388337,312647.4928214279,0.0,2694765.393539338,3544702.941416422,0.0,1707894.7786789536,4363929.964238334,541955.8799227547,4.063815961065754E7
T36_B3,T36,B3,1,S1,2020,7929050.492116023,1707894.7786789539,710453.8614545336,0.0,1945581.3241048474,3565120.5278776875,0.0,1707894.7786789539,4363929.964238334,0.0,4.063815961065755E7
T36_B3,T36,B3,1,S1,2021,7929050.492116023,1414978.5731171852,437872.75095065247,0.0,2544584.8754689237,3531614.2925792616,0.0,1707894.7786789536,4363929.964238334,342375.4412433999,4.063815961065755E7
T36_B3,T36,B3,1,S1,2022,7929050.492116023,1243621.7578637216,417787.42943881167,0.0,2738054.8319481337,3529586.472865355,0.0,1707894.7786789539,4363929.964238334,487066.8136682549,4.063815961065755E7
T36_B3,T36,B3,1,S1,2023,7929050.492116023,1262926.7748757754,552241.3393064612,0.0,2575926.4074026668,3537955.970531119,0.0,1707894.7786789539,4363929.964238334,497720.274095812,4.063815961065755E7
T36_B3,T36,B3,1,S1,2024,7929050.492116023,1334033.472939495,475431.4891088448,0.0,2584734.0031295475,3534851.526938135,0.0,1707894.7786789539,4363929.964238334,490589.3342991549,4.063815961065755E7
T36_B3,T36,B3,1,S1,2025,7929050.492116023,1402426.1245712577,397593.4805586273,0.0,2559888.826428132,3569142.0605580043,0.0,1707894.7786789536,4363929.964238334,492250.5096136356,4.063815961065755E7
T37_B3,T37,B3,1,S1,2020,8104629.077254142,2058724.1160214592,559495.4910652611,0.0,1480823.2660481473,4005586.204119275,0.0,2058724.1160214592,4099042.873134867,0.0,3.482264319511207E7
T37_B3,T37,B3,1,S1,2021,8104629.077254142,1503017.6969940783,447789.5932980407,0.0,2148235.582842748,4005586.2041192744,0.0,2058724.116021459,4099042.8731348664,584134.4761575736,3.482264319511207E7
T37_B3,T37,B3,1,S1,2023,8104629.077254142,1416099.8636548808,470505.88075567514,0.0,2212437.128724311,4005586.204119275,0.0,2058724.1160214592,4099042.8731348664,685084.4253863167,3.4822643195112064E7
T37_B3,T37,B3,1,S1,2025,8104629.077254142,1451322.2503699805,403198.1803590961,0.0,2244325.0039597456,4005783.6425653193,0.0,2058724.1160214592,4099042.8731348664,736660.5102124084,3.4822643195112064E7
T37_B3,T37,B3,1,S1,2026,8104629.077254142,1466538.2101775822,266026.40125657624,0.0,2364602.6181917973,4007461.847628186,0.0,2058724.1160214592,4099042.8731348664,762537.6977506152,3.482264319511207E7
T37_B3,T37,B3,1,S1,2022,8104629.077254144,1473516.4532643934,330281.1663443471,0.0,2295245.2535261265,4005586.204119275,0.0,2058724.1160214592,4099042.8731348664,618982.1632596783,3.482264319511207E7
T37_B3,T37,B3,1,S1,2024,8104629.077254144,1560334.911116865,295154.8142208922,0.0,2243553.1477971096,4005586.204119275,0.0,2058724.1160214592,4099042.8731348664,625932.6571916469,3.482264319511207E7
T38_B3,T38,B3,1,S1,2020,7732488.893240148,2499367.256262656,156281.0927885766,0.0,1125672.285705357,3951168.258483558,0.0,2499367.256262656,3781320.6347565893,0.0,3.0792574217612136E7
T38_B3,T38,B3,1,S1,2021,7732488.893240148,1834522.2218440035,184407.73250902956,0.0,1762390.6804035562,3951168.2584835575,0.0,2499367.256262656,3781320.6347565893,680408.3606524001,3.0792574217612136E7
T38_B3,T38,B3,1,S1,2022,7732488.893240148,1670946.8411327584,199828.31190718108,0.0,1910545.48171665,3951168.2584835575,0.0,2499367.256262656,3781320.6347565893,840922.686169314,3.0792574217612136E7
T38_B3,T38,B3,1,S1,2023,7732488.893240148,1669056.3729055068,211854.98919145175,0.0,1900409.272659631,3951168.2584835575,0.0,2499367.256262656,3781320.6347565893,847160.9568120621,3.0792574217612136E7
T38_B3,T38,B3,1,S1,2024,7732488.893240148,1713066.1145698393,145265.5448269713,0.0,1922988.9753597789,3951168.2584835575,0.0,2499367.256262656,3781320.6347565893,812451.4896207326,3.0792574217612136E7
T38_B3,T38,B3,1,S1,2025,7732488.893240148,1723451.7487356742,107604.40836920645,0.0,1950264.4776517083,3951168.2584835575,0.0,2499367.256262656,3781320.634756589,810981.1885882211,3.079257421761214E7
T38_B3,T38,B3,1,S1,2026,7732488.893240148,1715088.8484749885,126859.49424246993,0.0,1939372.2920391308,3951168.258483558,0.0,2499367.256262656,3781320.6347565893,818971.2723569085,3.0792574217612136E7
T39_B3,T39,B3,1,S1,2020,8733182.175974824,2937354.785381841,310600.24251113593,0.0,1439834.4666450648,4045392.681436785,0.0,2937354.785381841,4687789.494538041,0.0,4.0707209764365636E7
T39_B3,T39,B3,1,S1,2021,8733182.175974824,2266612.868091927,301175.6498250625,0.0,2120000.9766210523,4045392.6814367855,0.0,2937354.7853818405,4687789.494538041,731359.6545576208,4.0707209764365636E7
T39_B3,T39,B3,1,S1,2023,8733182.175974824,2197722.8506384157,260070.80899804807,0.0,2229897.118417508,4045491.397920855,0.0,2937354.7853818405,4687789.494538041,815515.0650317621,4.0707209764365636E7
T39_B3,T39,B3,1,S1,2025,8733182.175974824,2250455.789216374,168644.90090457693,0.0,2268293.9382977053,4045787.5475561703,0.0,2937354.785381841,4687789.494538041,817755.5981918932,4.070720976436564E7
T39_B3,T39,B3,1,S1,2026,8733182.175974824,2219955.62468908,112093.96245706597,0.0,2353370.7167333267,4047761.8720953544,0.0,2937354.785381841,4687789.494538041,862530.3398548799,4.0707209764365636E7
T39_B3,T39,B3,1,S1,2022,8733182.175974825,2204758.1928125713,193782.73224798465,0.0,2289248.569477485,4045392.681436785,0.0,2937354.7853818405,4687789.494538041,775603.8385243135,4.0707209764365636E7
T39_B3,T39,B3,1,S1,2024,8733182.175974825,2277172.9353442322,143172.95006588206,0.0,2267443.609127927,4045392.6814367855,0.0,2937354.785381841,4687789.494538041,783575.5324780034,4.070720976436564E7
T40_B3,T40,B3,1,S1,2020,7538177.150239443,2163901.3192638624,375173.4034310734,0.0,1464445.384532764,3534657.043011743,0.0,2163901.3192638624,4003520.1072276994,0.0,3.250241500911374E7
T40_B3,T40,B3,1,S1,2021,7538177.150239443,1499631.2881871543,509168.351494763,0.0,1994720.4675457822,3534657.043011743,0.0,2163901.3192638624,4003520.1072276994,710342.7552016912,3.250241500911374E7
T40_B3,T40,B3,1,S1,2022,7538177.150239443,1471450.9570176667,214216.65573335535,0.0,2317852.4944766774,3534657.043011743,0.0,2163901.319263862,4003520.1072276994,744077.0972546146,3.250241500911374E7
T40_B3,T40,B3,1,S1,2023,7538177.150239443,1511730.5663562254,245815.56200896623,0.0,2245973.978862508,3534657.043011743,0.0,2163901.3192638624,4003520.1072276994,742777.8621514712,3.250241500911374E7
T40_B3,T40,B3,1,S1,2024,7538177.150239443,1573011.5579189525,153027.65053929348,0.0,2277480.8987694536,3534657.043011743,0.0,2163901.3192638624,4003520.1072277,729365.3985032924,3.250241500911374E7
T40_B3,T40,B3,1,S1,2025,7538177.150239443,1577567.8174087228,150007.9167525946,0.0,2275944.3730663825,3534657.043011743,0.0,2163901.319263862,4003520.1072277,744026.6054962458,3.250241500911374E7
T40_B3,T40,B3,1,S1,2026,7538177.150239443,1552754.2305797206,85078.06077246573,0.0,2365687.8158755135,3534657.043011743,0.0,2163901.319263862,4003520.1072276994,780367.5826043222,3.250241500911374E7
T41_B3,T41,B3,1,S1,2020,7905180.958724795,2519122.808256023,778282.6952571196,0.0,654751.1016173718,3953024.353594283,0.0,2519122.808256023,3952156.6051305127,0.0,3.3908882958601825E7
T41_B3,T41,B3,1,S1,2021,7905180.958724795,2081958.7995980056,600476.6356532079,0.0,1269721.1698793,3953024.353594283,0.0,2519122.808256023,3952156.6051305127,513178.15321718104,3.390888295860183E7
T41_B3,T41,B3,1,S1,2022,7905180.958724795,1654631.2483603389,322892.57436221256,0.0,1974632.7824079627,3953024.353594283,0.0,2519122.808256022,3952156.6051305127,921255.304383551,3.390888295860183E7
T41_B3,T41,B3,1,S1,2023,7905180.958724795,1602493.9716186821,623431.2777322507,0.0,1726231.3557795805,3953024.353594283,0.0,2519122.8082560226,3952156.6051305127,966826.9127345366,3.390888295860183E7
T41_B3,T41,B3,1,S1,2024,7905180.958724795,1786578.2983416093,422549.0823509666,0.0,1743029.2244379383,3953024.353594283,0.0,2519122.808256022,3952156.6051305127,926726.6388105506,3.390888295860183E7
T41_B3,T41,B3,1,S1,2025,7905180.958724795,1715557.7338751701,469804.9916066488,0.0,1766793.879648695,3953024.353594283,0.0,2519122.808256022,3952156.6051305127,989714.0243386064,3.390888295860183E7
T41_B3,T41,B3,1,S1,2026,7905180.958724795,1830877.6210691868,269276.1964845844,0.0,1852002.787576743,3953024.3535942826,0.0,2519122.8082560226,3952156.6051305127,965749.2277998682,3.390888295860183E7
T42_B3,T42,B3,1,S1,2020,7952159.002782486,1778030.2670736874,189619.364319087,0.0,2080848.5198442345,3903660.8515454764,0.0,1778030.2670736874,4048498.151237009,0.0,3.013147033570338E7
T42_B3,T42,B3,1,S1,2021,7952159.002782486,1271647.9599235086,103278.02539050534,0.0,2673572.1659229947,3903660.8515454764,0.0,1778030.2670736874,4048498.151237009,532983.4904985914,3.013147033570338E7
T42_B3,T42,B3,1,S1,2023,7952159.002782486,877835.9649027508,109910.59679667155,0.0,3060751.589537587,3903660.8515454764,0.0,1778030.2670736874,4048498.151237009,918276.6365544635,3.013147033570338E7
T42_B3,T42,B3,1,S1,2025,7952159.002782486,879760.7368739707,78207.62444158815,0.0,3090529.7899214504,3903660.8515454764,0.0,1778030.2670736874,4048498.151237009,947610.2490185606,3.013147033570338E7
T42_B3,T42,B3,1,S1,2026,7952159.002782486,855709.0300969442,70245.07850865382,0.0,3122544.0426314115,3903660.8515454764,0.0,1778030.2670736874,4048498.151237009,975317.5838349584,3.013147033570338E7
T42_B3,T42,B3,1,S1,2022,7952159.002782487,897635.1104377299,56929.1855923821,0.0,3093933.8552068975,3903660.8515454764,0.0,1778030.2670736874,4048498.151237009,893343.1704807954,3.013147033570338E7
T42_B3,T42,B3,1,S1,2024,7952159.002782487,893178.8927168302,65041.71407051834,0.0,3090277.5444496605,3903660.8515454764,0.0,1778030.2670736874,4048498.151237009,933964.173027996,3.013147033570338E7
T43_B3,T43,B3,1,S1,2020,8166771.960065325,2561404.779709759,208049.0140918208,0.0,2072154.4291748344,3325163.7370889112,0.0,2561404.779709759,4841608.2229764145,0.0,3.466559699801975E7
T43_B3,T43,B3,1,S1,2021,8166771.960065325,1768567.040821928,398354.9861856199,0.0,2674686.1959688673,3325163.7370889112,0.0,2561404.779709759,4841608.2229764145,844018.6476629521,3.466559699801973E7
T43_B3,T43,B3,1,S1,2022,8166771.960065325,1399679.5514474607,203498.7198089001,0.0,3238429.9517200543,3325163.7370889103,0.0,2561404.779709759,4841608.2229764145,1187450.2114272472,3.466559699801973E7
T43_B3,T43,B3,1,S1,2023,8166771.960065325,1443619.2263981835,190028.4208611881,0.0,3207960.5757170427,3325163.7370889112,0.0,2561404.779709759,4841608.2229764145,1164149.917219304,3.466559699801973E7
T43_B3,T43,B3,1,S1,2024,8166771.960065325,1401612.4997153785,205161.62962290447,0.0,3234834.093638132,3325163.7370889103,0.0,2561404.779709759,4841608.2229764145,1225003.1506021537,3.466559699801974E7
T43_B3,T43,B3,1,S1,2025,8166771.960065325,1328403.3954583863,337659.44626605464,0.0,3175545.3812519745,3325163.7370889112,0.0,2561404.779709759,4841608.2229764145,1290470.3764371686,3.466559699801973E7
T43_B3,T43,B3,1,S1,2026,8166771.960065325,1295609.2530421836,344137.72553094605,0.0,3201861.2444032854,3325163.7370889103,0.0,2561404.779709759,4841608.2229764145,1327457.8772468122,3.466559699801973E7
T44_B3,T44,B3,1,S1,2021,7916094.939351938,2014347.2347082102,129583.20051242605,0.0,2093019.410222162,3679145.093909141,0.0,2382291.3994028727,4236949.845442798,383029.45314480655,3.27384164449135E7
T44_B3,T44,B3,1,S1,2023,7916094.939351938,1436361.574075078,216476.06058807374,0.0,2584112.2107796464,3679145.093909141,0.0,2382291.3994028727,4236949.845442798,964382.3095907173,3.2738416444913503E7
T44_B3,T44,B3,1,S1,2020,7916094.939351939,2382291.3994028727,159747.20882017846,0.0,1694911.237219747,3679145.0939091407,0.0,2382291.3994028727,4236949.845442798,0.0,3.27384164449135E7
T44_B3,T44,B3,1,S1,2022,7916094.939351939,1721478.20039637,88343.04445399865,0.0,2427128.6005924297,3679145.093909141,0.0,2382291.3994028727,4236949.845442798,683683.9739832261,3.27384164449135E7
T44_B3,T44,B3,1,S1,2024,7916094.939351939,1450587.422338568,160062.2907869526,0.0,2626300.132317278,3679145.093909141,0.0,2382291.3994028727,4236949.845442798,963157.035254325,3.2738416444913503E7
T44_B3,T44,B3,1,S1,2025,7916094.939351939,1436799.6434718114,157670.90786811977,0.0,2642479.2941028676,3679145.0939091407,0.0,2382291.3994028727,4236949.845442798,976700.8067528817,3.2738416444913503E7
T44_B3,T44,B3,1,S1,2026,7916094.939351939,1386083.287212237,150621.8159560858,0.0,2700244.742274475,3679145.093909141,0.0,2382291.3994028727,4236949.845442799,1034713.1445287366,3.27384164449135E7
T45_B3,T45,B3,1,S1,2021,8006560.235489431,2601540.7577596325,414027.3901251101,0.0,1716976.0323550955,3274016.055249592,0.0,3084408.3747895183,4725634.359637421,511108.4244601081,4.166235043363543E7
T45_B3,T45,B3,1,S1,2022,8006560.235489431,2373737.2668218273,305455.8952892228,0.0,2053351.018128788,3274016.055249592,0.0,3084408.3747895183,4725634.359637421,757921.6178379433,4.166235043363542E7
T45_B3,T45,B3,1,S1,2023,8006560.235489431,2380572.427745116,354895.58050552075,0.0,1994016.1110455983,3277076.1161931953,0.0,3084408.3747895183,4725634.359637421,781542.4184152044,4.166235043363542E7
T45_B3,T45,B3,1,S1,2024,8006560.235489431,2491830.193139888,202221.99288922476,0.0,2038491.9942107254,3274016.055249592,0.0,3084408.3747895183,4725634.359637421,745647.081361479,4.166235043363543E7
T45_B3,T45,B3,1,S1,2026,8006560.235489431,2430374.1084905877,148857.19979328828,0.0,2153312.8719559615,3274016.055249592,0.0,3084408.374789518,4725634.359637421,849960.5234448003,4.166235043363543E7
T45_B3,T45,B3,1,S1,2020,8006560.235489432,3084408.374789518,354742.6272180894,0.0,1286483.3576298135,3280925.875852009,0.0,3084408.374789518,4725634.359637421,0.0,4.166235043363543E7
T45_B3,T45,B3,1,S1,2025,8006560.235489432,2444678.1578826304,219147.86147098918,0.0,2068718.1608862185,3274016.055249592,0.0,3084408.374789518,4725634.359637421,775145.6345242669,4.166235043363542E7
T46_B3,T46,B3,1,S1,2020,8106706.089989424,2549953.571433452,657421.5704367245,0.0,845127.5511945238,4054203.3969247257,0.0,2549953.571433452,4052502.6930647017,0.0,3.3311906844650537E7
T46_B3,T46,B3,1,S1,2025,8106706.089989424,1973264.0952255845,618232.5476995431,0.0,1461795.7569495707,4053413.690114728,0.0,2549953.571433452,4052502.6930647013,951751.2615880631,3.331190684465054E7
T46_B3,T46,B3,1,S1,2021,8106706.089989426,2062706.1057474476,590540.375484272,0.0,1400045.9186429789,4053413.690114728,0.0,2549953.571433452,4052502.6930647013,654515.7810528026,3.331190684465054E7
T46_B3,T46,B3,1,S1,2022,8106706.089989426,1711266.8718167772,832800.9988341088,0.0,1509224.5292238125,4053413.6901147286,0.0,2549953.571433452,4052502.6930647013,943512.2988361435,3.331190684465054E7
T46_B3,T46,B3,1,S1,2023,8106706.089989426,1743616.5438040637,898722.3164460424,0.0,1410953.539624592,4053413.6901147286,0.0,2549953.571433452,4052502.6930647013,990542.1302474077,3.3311906844650537E7
T46_B3,T46,B3,1,S1,2024,8106706.089989426,2083187.0157995482,455285.4352442124,0.0,1514819.9488309373,4053413.690114728,0.0,2549953.5714334524,4052502.6930647013,891055.4007965687,3.331190684465054E7
T46_B3,T46,B3,1,S1,2026,8106706.089989426,2051146.6919814765,372180.448575577,0.0,1629669.1158926573,4053709.8335397164,0.0,2549953.571433452,4052502.6930647013,983550.623500779,3.331190684465054E7
T47_B3,T47,B3,1,S1,2022,5.022312047842678E7,1.6774024910867698E7,2025151.4581082512,0.0,7796360.528885756,2.3627583580565058E7,0.0,1.9222027341263358E7,2.634167365070151E7,2749335.867258558,2.3003336376082367E8
T47_B3,T47,B3,1,S1,2026,5.022312047842678E7,1.5589582922971897E7,2096477.507683279,0.0,8596155.56104443,2.3940904486727156E7,0.0,1.9222027341263358E7,2.6341673650701515E7,4479794.445431611,2.3003336376082367E8
T47_B3,T47,B3,1,S1,2020,5.0223120478426784E7,1.9222027341263354E7,2276424.908328337,0.0,4843221.401109823,2.388144682772525E7,0.0,1.9222027341263354E7,2.634167365070151E7,0.0,2.300333637608237E8
T47_B3,T47,B3,1,S1,2021,5.0223120478426784E7,1.753938215803884E7,1983580.9298420327,0.0,7061928.00789352,2.3638229382652372E7,0.0,1.9222027341263358E7,2.634167365070151E7,2092763.6457792094,2.300333637608237E8
T47_B3,T47,B3,1,S1,2023,5.0223120478426784E7,1.681634138375343E7,2318920.286331057,0.0,7162243.437512925,2.392561537082936E7,0.0,1.9222027341263358E7,2.6341673650701515E7,2877925.03283087,2.300333637608237E8
T47_B3,T47,B3,1,S1,2025,5.0223120478426784E7,1.627742747620625E7,2383887.3055356494,0.0,7661528.70229908,2.3900276994385786E7,0.0,1.9222027341263358E7,2.634167365070151E7,3659238.423463889,2.300333637608237E8
T47_B3,T47,B3,1,S1,2024,5.022312047842679E7,1.700363169158708E7,1964746.1760319727,0.0,7406733.167495996,2.3848009443311714E7,0.0,1.9222027341263358E7,2.634167365070151E7,3073108.1926852656,2.300333637608237E8
CE01_F,CE01,F,0,E,2020,70472.19898795335,1897.8228085686178,39277.76848377901,0.0,29296.607695605704,0.0,0.0,1897.8228085686178,70472.19898795335,0.0,313060.75660331576
CE01_F,CE01,F,0,E,2021,70472.19898795335,901.6782805498908,35627.69449624455,0.0,33942.8262111589,0.0,0.0,1897.8228085686178,70472.19898795335,1094.8682981603285,313060.75660331576
CE01_F,CE01,F,0,E,2022,70472.19898795335,2989.5887566659967,34643.167456503485,0.0,32839.44277478386,0.0,0.0,1897.8228085686178,70472.19898795335,1499.83053669649,313060.75660331576
CE01_F,CE01,F,0,E,2023,70472.19898795335,132.79320277793735,32211.462799580906,0.0,38127.942985594505,0.0,0.0,1897.8228085686178,70472.19898795335,1863.7534369674383,313060.75660331576
CE01_F,CE01,F,0,E,2024,70472.19898795335,4011.2848937689087,26035.21911363789,0.0,40425.69498054654,0.0,0.0,1897.8228085686178,70472.19898795335,1711.215523035386,313060.75660331576
CE01_F,CE01,F,0,E,2025,70472.19898795335,3700.3997133741186,10824.778630873736,0.0,55947.02064370549,0.0,0.0,1897.8228085686178,70472.19898795335,1711.215523035386,313060.75660331576
CE01_F,CE01,F,0,E,2026,70472.19898795335,3503.7269707773244,1711.6004603367228,0.0,65256.871556839294,0.0,0.0,1897.8228085686178,70472.19898795335,1711.215523035386,313060.75660331576
CE02_F,CE02,F,0,E,2020,69672.56366948146,15585.654741563985,36637.887766011554,0.0,17449.021161905926,0.0,0.0,15585.654741563985,69672.56366948146,0.0,450672.4689331053
CE02_F,CE02,F,0,E,2021,69672.56366948146,13536.450035364487,33094.658766383756,0.0,23041.454867733217,0.0,0.0,15585.654741563985,69672.56366948146,3967.9398977840647,450672.4689331053
CE02_F,CE02,F,0,E,2022,69672.56366948146,22822.324656557572,21160.26127262489,0.0,25689.977740299,0.0,0.0,15585.654741563985,69672.56366948146,3126.6554865220014,450672.4689331053
CE02_F,CE02,F,0,E,2023,69672.56366948146,13537.221654555378,31920.8096385881,0.0,24214.532376337986,0.0,0.0,15585.654741563985,69672.56366948146,5906.419693202599,450672.4689331053
CE02_F,CE02,F,0,E,2024,69672.56366948146,23133.985699403052,18416.89025220684,0.0,28121.687717871573,0.0,0.0,15585.654741563985,69672.56366948146,3658.991742511824,450672.4689331053
CE02_F,CE02,F,0,E,2025,69672.56366948146,16117.602206121706,14289.060044232536,0.0,39265.901419127214,0.0,0.0,15585.654741563985,69672.56366948146,5511.52262136422,450672.4689331053
CE02_F,CE02,F,0,E,2026,69672.56366948146,15004.921125643863,971.3684055103975,0.0,53696.27413832721,0.0,0.0,15585.654741563985,69672.56366948146,7110.854593075022,450672.4689331053
CE03_F,CE03,F,0,E,2020,69449.01604485603,7020.280250130448,39188.988674507884,0.0,23239.74712021772,0.0,0.0,7020.280250130448,69449.01604485603,0.0,362341.4796448352
CE03_F,CE03,F,0,E,2021,69449.01604485603,5441.076186445648,33087.81307630352,0.0,30920.12678210689,0.0,0.0,7020.280250130448,69449.01604485603,2501.0200352089078,362341.4796448352
CE03_F,CE03,F,0,E,2022,69449.01604485603,6190.223250056249,32780.017449113446,0.0,30478.77534568637,0.0,0.0,7020.280250130448,69449.01604485603,5340.415205891927,362341.47964483517
CE03_F,CE03,F,0,E,2023,69449.01604485603,3736.819553420123,35971.344112441126,0.0,29740.852378994816,0.0,0.0,7020.280250130448,69449.01604485603,5428.686636681651,362341.4796448352
CE03_F,CE03,F,0,E,2024,69449.01604485603,10452.022491544836,30889.15975452499,0.0,28107.833798786236,0.0,0.0,7020.280250130448,69449.01604485603,4114.2960832184435,362341.4796448352
CE03_F,CE03,F,0,E,2025,69449.01604485603,9450.844959812537,20630.718820728973,0.0,39367.45226431455,0.0,0.0,7020.280250130448,69449.01604485603,4351.621543555166,362341.4796448352
CE03_F,CE03,F,0,E,2026,69449.01604485603,12448.199456218645,4048.48136438108,0.0,52952.33522425633,0.0,0.0,7020.280250130447,69449.01604485603,3187.833326511757,362341.4796448352
CE04_F,CE04,F,0,E,2020,71318.10535188564,4634.263536939435,23426.84070919261,0.0,43257.00110575358,0.0,0.0,4634.263536939435,71318.10535188564,0.0,383897.8110936782
CE04_F,CE04,F,0,E,2021,71318.10535188564,4452.686823736452,21725.284390587898,0.0,45140.13413756127,0.0,0.0,4634.263536939435,71318.10535188564,1120.0446382709579,383897.8110936782
CE04_F,CE04,F,0,E,2022,71318.10535188564,4321.82658882889,12109.86512211818,0.0,54886.413640938554,0.0,0.0,4634.263536939434,71318.10535188564,1892.8101316863417,383897.8110936782
CE04_F,CE04,F,0,E,2023,71318.10535188564,2420.8878859576057,19079.071421065986,0.0,49818.146044862035,0.0,0.0,4634.263536939434,71318.10535188564,2954.7802533318018,383897.8110936782
CE04_F,CE04,F,0,E,2024,71318.10535188564,4808.483839625938,13830.775092569986,0.0,52678.8464196897,0.0,0.0,4634.263536939434,71318.10535188564,1950.1085085102159,383897.8110936782
CE04_F,CE04,F,0,E,2025,71318.10535188564,6900.287900438494,12403.72553687002,0.0,52014.09191457712,0.0,0.0,4634.263536939435,71318.10535188564,1653.1595844941983,383897.8110936782
CE04_F,CE04,F,0,E,2026,71318.10535188564,7212.7227738623515,1766.5953133676567,0.0,62338.78726465562,0.0,0.0,4634.263536939434,71318.10535188564,1686.4551101983764,383897.8110936782
CE05_F,CE05,F,0,E,2020,69483.6644730811,1220.3203601313573,20547.659084783816,0.0,47715.68502816593,0.0,0.0,1220.3203601313573,69483.6644730811,0.0,414094.6707542869
CE05_F,CE05,F,0,E,2021,69483.6644730811,1297.3658137901157,13190.482150029202,0.0,54995.81650926177,0.0,0.0,1220.3203601313573,69483.6644730811,400.708013048359,414094.6707542869
CE05_F,CE05,F,0,E,2022,69483.6644730811,1303.1731629315545,10147.808795495126,0.0,58032.68251465442,0.0,0.0,1220.3203601313573,69483.6644730811,388.70614121380976,414094.6707542869
CE05_F,CE05,F,0,E,2023,69483.6644730811,1093.7203786214195,10956.194680516859,0.0,57433.749413942816,0.0,0.0,1220.3203601313573,69483.6644730811,400.708013048359,414094.6707542869
CE05_F,CE05,F,0,E,2024,69483.6644730811,2561.4381096035827,6772.174641897163,0.0,60150.05172158034,0.0,0.0,1220.3203601313573,69483.6644730811,352.3133685542088,414094.6707542869
CE05_F,CE05,F,0,E,2025,69483.6644730811,2758.8886406094416,8009.144765696805,0.0,58715.631066774855,0.0,0.0,1220.3203601313573,69483.6644730811,352.3133685542088,414094.6707542869
CE05_F,CE05,F,0,E,2026,69483.6644730811,2586.2160441978303,592.3521041870117,0.0,66305.09632469626,0.0,0.0,1220.3203601313573,69483.6644730811,408.0641971962125,414094.6707542869
CE06_F,CE06,F,0,E,2020,67655.30606414196,8666.558609248143,39976.90840666527,0.0,19011.839048228543,0.0,0.0,8666.558609248143,67655.30606414196,0.0,399403.94392269367
CE06_F,CE06,F,0,E,2021,67655.30606414196,4302.500515298283,40489.89247639975,0.0,22862.913072443942,0.0,0.0,8666.558609248143,67655.30606414196,4571.962464785109,399403.94392269367
CE06_F,CE06,F,0,E,2022,67655.30606414196,6653.718603754978,29203.81459904091,0.0,31797.772861346082,0.0,0.0,8666.558609248143,67655.30606414196,4143.377159717036,399403.94392269367
CE06_F,CE06,F,0,E,2023,67655.30606414196,6108.211011729521,40129.83549936332,0.0,21417.259553049123,0.0,0.0,8666.558609248143,67655.30606414196,4259.524920893651,399403.94392269367
CE06_F,CE06,F,0,E,2024,67655.30606414196,14469.301612883923,32586.812141777475,0.0,20599.192309480553,0.0,0.0,8666.558609248143,67655.30606414196,3676.0761010263486,399403.94392269367
CE06_F,CE06,F,0,E,2025,67655.30606414196,14631.133990747789,34928.35106769635,0.0,18095.821005697813,0.0,0.0,8666.558609248143,67655.30606414196,3676.0761010263486,399403.94392269367
CE06_F,CE06,F,0,E,2026,67655.30606414196,17847.266506748572,22957.38732892204,0.0,26850.652228471343,0.0,0.0,8666.558609248143,67655.30606414196,3676.0761010263486,399403.94392269367
CE07_F,CE07,F,0,E,2020,69461.15235335405,6425.689347988951,46653.565943400055,0.0,16381.897061965048,0.0,0.0,6425.689347988951,69461.15235335405,0.0,516097.8440274107
CE07_F,CE07,F,0,E,2021,69461.15235335405,6443.497664148666,44176.51774947222,0.0,18841.136939733165,0.0,0.0,6425.689347988951,69461.15235335405,729.4097880344765,516097.8440274107
CE07_F,CE07,F,0,E,2022,69461.15235335405,7592.201886734308,38141.855754478296,0.0,23727.094712141447,0.0,0.0,6425.689347988951,69461.15235335405,531.9578989963906,516097.8440274107
CE07_F,CE07,F,0,E,2023,69461.15235335405,7098.572621902765,45543.967292995076,0.0,16818.61243845622,0.0,0.0,6425.689347988951,69461.15235335405,531.9578989963906,516097.8440274107
CE07_F,CE07,F,0,E,2024,69461.15235335405,9364.619530322505,45030.59388879514,0.0,15065.938934236417,0.0,0.0,6425.689347988951,69461.15235335405,470.39936412736483,516097.8440274107
CE07_F,CE07,F,0,E,2025,69461.15235335405,8461.763578975902,45717.801183423806,0.0,15281.587590954354,0.0,0.0,6425.689347988951,69461.15235335405,856.7846514234355,516097.8440274107
CE07_F,CE07,F,0,E,2026,69461.15235335405,14778.278954180547,37804.25015767415,0.0,16878.62324149936,0.0,0.0,6425.689347988951,69461.15235335405,641.1367518406288,516097.8440274107
CE08_F,CE08,F,0,E,2020,69345.54057485542,36563.84112937777,20953.151480521414,0.0,11828.547964956244,0.0,0.0,36563.84112937777,69345.54057485542,0.0,453742.4177438774
CE08_F,CE08,F,0,E,2021,69345.54057485542,9827.69066793404,40200.448690167585,0.0,19317.40121675379,0.0,0.0,36563.84112937777,69345.54057485542,30414.954583859908,453742.4177438774
CE08_F,CE08,F,0,E,2022,69345.54057485542,9585.714720632517,32972.158509647146,0.0,26787.66734457577,0.0,0.0,36563.84112937777,69345.54057485542,30687.128654809094,453742.4177438774
CE08_F,CE08,F,0,E,2023,69345.54057485542,10807.205344016882,37500.78059315401,0.0,21037.55463768454,0.0,0.0,36563.84112937777,69345.54057485542,28751.325102652758,453742.4177438774
CE08_F,CE08,F,0,E,2024,69345.54057485542,17966.969374772616,30263.971225364534,0.0,21114.59997471828,0.0,0.0,36563.84112937777,69345.54057485542,23600.152934803686,453742.4177438774
CE08_F,CE08,F,0,E,2025,69345.54057485542,19767.65335077024,29643.741385276648,0.0,19934.145838808545,0.0,0.0,36563.84112937777,69345.54057485542,21464.188797026993,453742.4177438774
CE08_F,CE08,F,0,E,2026,69345.54057485542,32897.43251342774,14012.51385599772,0.0,22435.594205429974,0.0,0.0,36563.84112937777,69345.54057485542,12393.01631457759,453742.4177438774
CE09_F,CE09,F,0,E,2020,69637.77720477535,2743.8178615196075,34764.12371984744,0.0,32129.835623408304,0.0,0.0,2743.8178615196075,69637.77720477535,0.0,472356.09039537015
CE09_F,CE09,F,0,E,2021,69637.77720477535,1600.5274745567174,28700.37921295166,0.0,39336.87051726696,0.0,0.0,2743.8178615196075,69637.77720477535,1242.0167282104492,472356.09039537015
CE09_F,CE09,F,0,E,2022,69637.77720477535,1171.5520789950504,28870.350441427792,0.0,39595.87468435249,0.0,0.0,2743.8178615196075,69637.77720477535,1572.2657825245578,472356.09039537015
CE09_F,CE09,F,0,E,2023,69637.77720477535,1269.11738020953,32456.632599684766,0.0,35912.027224881036,0.0,0.0,2743.8178615196075,69637.77720477535,1715.9027380849802,472356.09039537015
CE09_F,CE09,F,0,E,2024,69637.77720477535,4537.5429244695915,29469.2929918177,0.0,35630.941288488044,0.0,0.0,2743.8178615196075,69637.77720477535,1199.8150509703391,472356.09039537015
CE09_F,CE09,F,0,E,2025,69637.77720477535,9630.285897946822,26958.92267704384,0.0,33048.56862978467,0.0,0.0,2743.8178615196075,69637.77720477535,1209.106806347417,472356.09039537015
CE09_F,CE09,F,0,E,2026,69637.77720477535,5354.0688775455255,24272.79667705461,0.0,40010.9116501752,0.0,0.0,2743.8178615196075,69637.77720477535,1322.9325940001247,472356.09039537015
CE10_F,CE10,F,0,E,2020,69533.99998052261,2650.527196308211,60485.94957571592,0.0,6397.523208498488,0.0,0.0,2650.527196308211,69533.99998052261,0.0,353077.48088381905
CE10_F,CE10,F,0,E,2021,69533.99998052261,882.7352971694048,56478.79548615099,0.0,12172.469197202194,0.0,0.0,2650.527196308211,69533.99998052261,1866.5190719903685,353077.48088381905
CE10_F,CE10,F,0,E,2022,69533.99998052261,1712.0438182157627,59455.71117547728,0.0,8366.24498682957,0.0,0.0,2650.527196308211,69533.99998052261,1963.3097614961512,353077.48088381905
CE10_F,CE10,F,0,E,2023,69533.99998052261,1293.5171805288278,60384.127038544306,0.0,7856.355761449478,0.0,0.0,2650.527196308211,69533.99998052261,1540.5260276345648,353077.48088381905
CE10_F,CE10,F,0,E,2024,69533.99998052261,1917.6251670687805,61171.62436086619,0.0,6444.750452587652,0.0,0.0,2650.527196308211,69533.99998052261,1677.9706252154183,353077.48088381905
CE10_F,CE10,F,0,E,2025,69533.99998052261,11476.708984823788,52983.10509984634,0.0,5074.185895852482,0.0,0.0,2650.527196308211,69533.99998052261,866.4741883820178,353077.48088381905
CE10_F,CE10,F,0,E,2026,69533.99998052261,2590.1278647927675,53108.134891524984,0.0,13835.737224204868,0.0,0.0,2650.5271963082105,69533.99998052261,1269.5122697718002,353077.48088381905
CE11_F,CE11,F,0,E,2020,69255.98247351553,11360.643048275215,44227.18264719645,0.0,7929.565258729224,5738.591519314635,0.0,11360.643048275215,63517.39095420089,0.0,321018.48117047496
CE11_F,CE11,F,0,E,2021,69255.98247351553,11107.047859850114,35309.96501512715,0.0,22501.74711345598,337.2224850822897,0.0,11360.643048275215,63517.39095420089,1306.301840688668,321018.48117047496
CE11_F,CE11,F,0,E,2022,69255.98247351553,14677.88858974681,38138.207984714885,0.0,14325.566146820669,2114.319752233169,0.0,11360.643048275215,63517.39095420089,959.0131559184953,321018.48117047496
CE11_F,CE11,F,0,E,2023,69255.98247351553,8548.649530567844,45076.24095052083,0.0,9793.772842496985,5837.319149929869,0.0,11360.643048275215,63517.39095420089,3575.486929022097,321018.48117047496
CE11_F,CE11,F,0,E,2024,69255.98247351553,11072.591366277955,43201.19257974063,0.0,12966.606451655369,2015.592075841567,0.0,11360.643048275215,63517.39095420089,3245.232615571864,321018.48117047496
CE11_F,CE11,F,0,E,2025,69255.98247351553,9395.384303283692,45449.08393560671,0.0,10023.74911624684,4387.765118378284,0.0,11360.643048275215,63517.39095420089,4187.209870671291,321018.48117047496
CE11_F,CE11,F,0,E,2026,69255.98247351553,10756.276270309148,34038.896585501876,0.0,18394.674592470656,6066.135025233847,0.0,11360.643048275215,63517.39095420089,3863.538348209157,321018.48117047496
CE12_F,CE12,F,0,E,2020,69275.20407753738,17542.598219718187,27972.112498414277,0.0,23590.913717860803,169.57964154411764,0.0,17542.598219718187,69105.62443599326,0.0,619727.9818308514
CE12_F,CE12,F,0,E,2022,69275.20407753738,11766.819521915211,16762.434046786435,0.0,40745.95050883574,0.0,0.0,17542.598219718187,69105.62443599326,9019.472887974158,619727.9818308513
CE12_F,CE12,F,0,E,2023,69275.20407753738,6933.795066474464,29747.66469852223,0.0,32155.85727676691,437.88703577378215,0.0,17542.598219718187,69105.62443599326,13946.191482603783,619727.9818308513
CE12_F,CE12,F,0,E,2024,69275.20407753738,10815.92894406786,21664.757455623854,0.0,36794.517677845666,0.0,0.0,17542.598219718187,69105.62443599326,13528.04954175762,619727.9818308514
CE12_F,CE12,F,0,E,2025,69275.20407753738,11918.583874302283,24326.925429460112,0.0,33029.69477377498,0.0,0.0,17542.598219718187,69105.62443599326,12930.64860941569,619727.9818308514
CE12_F,CE12,F,0,E,2026,69275.20407753738,12683.630798728795,11098.94285403981,0.0,45492.63042476878,0.0,0.0,17542.598219718187,69105.62443599326,10995.580093802657,619727.9818308514
CE12_F,CE12,F,0,E,2021,69275.20407753739,9873.95523035386,21087.101100338205,0.0,38314.14774684532,0.0,0.0,17542.598219718187,69105.62443599328,9094.196015451467,619727.9818308514
CE13_F,CE13,F,0,E,2020,69371.8351211548,2990.8852968103747,63856.99376092052,0.0,2523.956063423905,0.0,0.0,2990.8852968103747,69371.8351211548,0.0,420916.9559813856
CE13_F,CE13,F,0,E,2021,69371.8351211548,3492.269989372702,57285.95829057883,0.0,8593.606841203278,0.0,0.0,2990.8852968103747,69371.8351211548,502.1587999231675,420916.9559813856
CE13_F,CE13,F,0,E,2022,69371.8351211548,4871.367956064261,57352.94083222036,0.0,7147.526332870182,0.0,0.0,2990.8852968103747,69371.8351211548,891.2637471217735,420916.9559813856
CE13_F,CE13,F,0,E,2023,69371.8351211548,1892.0972299314012,63812.473878329416,0.0,3667.264012893976,0.0,0.0,2990.8852968103747,69371.8351211548,1849.896232395546,420916.9559813856
CE13_F,CE13,F,0,E,2024,69371.8351211548,4275.125508117676,63246.81625441011,0.0,1849.89335862702,0.0,0.0,2990.8852968103747,69371.8351211548,948.5647735894894,420916.9559813856
CE13_F,CE13,F,0,E,2025,69371.8351211548,3819.039934764189,63824.473370211745,0.0,1728.321816178864,0.0,0.0,2990.8852968103747,69371.8351211548,948.5647049249386,420916.9559813856
CE13_F,CE13,F,0,E,2026,69371.8351211548,6572.2009890388035,59293.043450748235,0.0,3506.590681367762,0.0,0.0,2990.8852968103747,69371.8351211548,706.5841369628906,420916.9559813856
CE14_F,CE14,F,0,E,2020,71071.34379460951,29055.194873735018,26405.036836152925,0.0,15611.112084721583,0.0,0.0,29055.194873735018,71071.34379460951,0.0,547129.6919974533
CE14_F,CE14,F,0,E,2021,71071.34379460951,26768.94904680439,15153.082752512017,0.0,29149.311995293116,0.0,0.0,29055.19487373502,71071.34379460951,5939.585678459616,547129.6919974533
CE14_F,CE14,F,0,E,2022,71071.34379460951,25342.61377632291,10718.815872012867,0.0,35009.914146273746,0.0,0.0,29055.194873735018,71071.34379460951,7276.872063520843,547129.6919974533
CE14_F,CE14,F,0,E,2023,71071.34379460951,16988.255294889565,27228.149916675047,0.0,26854.938583044917,0.0,0.0,29055.194873735018,71071.34379460951,12856.767368152096,547129.6919974533
CE14_F,CE14,F,0,E,2024,71071.34379460951,28109.34056372549,11977.5017051248,0.0,30984.50152575923,0.0,0.0,29055.19487373502,71071.34379460951,9311.83685652789,547129.6919974533
CE14_F,CE14,F,0,E,2025,71071.34379460951,27163.866177248485,17394.79877821979,0.0,26512.67883914125,0.0,0.0,29055.194873735018,71071.34379460951,8198.722895992505,547129.6919974533
CE14_F,CE14,F,0,E,2026,71071.34379460951,29095.07035564348,10932.921223778818,0.0,31043.352215187224,0.0,0.0,29055.194873735018,71071.34379460951,8175.106228966807,547129.6919974533
CE15_F,CE15,F,0,E,2020,67513.84262982535,45898.42285946116,6722.851878656125,0.0,13340.783679288974,1551.7842124190984,0.0,45898.42285946116,65962.05841740625,0.0,572068.5854848824
CE15_F,CE15,F,0,E,2021,67513.84262982535,34195.780453251864,14764.786809734273,0.0,18553.27536683924,0.0,0.0,45898.42285946116,65962.05841740625,12196.286891682947,572068.5854848824
CE15_F,CE15,F,0,E,2022,67513.84262982535,39702.13342033836,8100.403504016353,0.0,19711.305705470662,0.0,0.0,45898.42285946116,65962.05841740625,7282.30744449391,572068.5854848824
CE15_F,CE15,F,0,E,2023,67513.84262982535,34441.24236988742,12769.308941470877,0.0,18839.395274981332,1463.8960434857536,0.0,45898.42285946116,65962.05841740625,12049.553635630888,572068.5854848824
CE15_F,CE15,F,0,E,2024,67513.84262982535,39731.16584424785,4394.011091763366,0.0,23388.66569381415,0.0,0.0,45898.42285946116,65962.05841740625,7413.175278487859,572068.5854848824
CE15_F,CE15,F,0,E,2025,67513.84262982535,41346.44627676571,4861.329777766208,0.0,18953.224506841918,2352.8420684515263,0.0,45898.42285946116,65962.05841740625,6274.890532729205,572068.5854848824
CE15_F,CE15,F,0,E,2026,67513.84262982535,38264.946047016216,3913.917590571385,0.0,24597.41677135393,737.562220883837,0.0,45898.42285946116,65962.05841740625,8837.194212610582,572068.5854848824
CE16_F,CE16,F,0,E,2020,71355.19355651258,4725.057055963254,5395.253386493758,0.0,61234.88311405555,0.0,0.0,4725.057055963254,71355.19355651258,0.0,429904.7586078717
CE16_F,CE16,F,0,E,2021,71355.19355651258,2621.937086038028,1796.0936545577706,0.0,66937.16281591676,0.0,0.0,4725.057055963254,71355.19355651258,2387.6925036561256,429904.7586078717
CE16_F,CE16,F,0,E,2025,71355.19355651258,2870.502429199219,5677.8888070798375,0.0,62806.8023202335,0.0,0.0,4725.057055963254,71355.19355651258,2563.4692198809453,429904.7586078717
CE16_F,CE16,F,0,E,2026,71355.19355651258,2955.6801401474895,2662.587887962192,0.0,65736.92552840288,0.0,0.0,4725.057055963254,71355.19355651258,2631.611712317373,429904.7586078717
CE16_F,CE16,F,0,E,2022,71355.19355651259,2522.0463059369254,3188.3694137872435,0.0,65644.77783678839,0.0,0.0,4725.057055963254,71355.19355651259,2586.3125012865253,429904.7586078717
CE16_F,CE16,F,0,E,2023,71355.19355651259,2514.690100396848,6026.347675637638,0.0,62814.155780478075,0.0,0.0,4725.057055963254,71355.19355651259,2661.036600180233,429904.7586078717
CE16_F,CE16,F,0,E,2024,71355.19355651259,2454.2912065692976,2053.9527271046354,0.0,66846.94962283863,0.0,0.0,4725.057055963254,71355.19355651259,2827.9084093280867,429904.7586078717
CE17_F,CE17,F,0,E,2020,67841.42194324569,38832.79771166035,16774.690539461026,0.0,12233.93369212431,0.0,0.0,38832.79771166035,67841.42194324569,0.0,426324.4158865537
CE17_F,CE17,F,0,E,2021,67841.42194324569,38904.03768029307,11715.490850201775,0.0,15555.495647475294,1666.3977652755439,0.0,38832.79771166035,67841.42194324569,1485.1987676583085,426324.4158865537
CE17_F,CE17,F,0,E,2022,67841.42194324569,42596.90022909127,10166.795400641946,0.0,15077.726313512461,0.0,0.0,38832.79771166035,67841.42194324569,1675.301640918208,426324.4158865537
CE17_F,CE17,F,0,E,2023,67841.42194324569,38417.3581215952,15883.030459864,0.0,13541.033361786485,0.0,0.0,38832.79771166035,67841.42194324569,3070.677521888882,426324.4158865537
CE17_F,CE17,F,0,E,2024,67841.42194324569,36551.95484723858,15622.074085699342,0.0,15667.39301030776,0.0,0.0,38832.79771166035,67841.42194324569,3644.8558356191597,426324.4158865537
CE17_F,CE17,F,0,E,2025,67841.42194324569,41332.38947005927,12683.81424036961,0.0,13726.488832182042,98.72940063476562,0.0,38832.79771166035,67841.42194324569,2307.557817586263,426324.4158865537
CE17_F,CE17,F,0,E,2026,67841.42194324569,35127.92445774453,16653.50786859849,0.0,15016.167959953755,1043.8216569489123,0.0,38832.79771166035,67841.42194324569,5805.677562818341,426324.4158865537
CE18_F,CE18,F,0,E,2020,71103.58327648684,44096.56901460535,15792.103283930759,0.0,11214.910977950749,0.0,0.0,44096.56901460535,71103.58327648684,0.0,449455.85501601273
CE18_F,CE18,F,0,E,2021,71103.58327648684,40803.64446626551,14832.296467291135,0.0,15467.642342930212,0.0,0.0,44096.56901460535,71103.58327648684,4735.152743979062,449455.85501601273
CE18_F,CE18,F,0,E,2022,71103.58327648684,42039.50851509244,14969.74421099494,0.0,14094.330550399482,0.0,0.0,44096.56901460535,71103.58327648684,3834.194998109107,449455.85501601273
CE18_F,CE18,F,0,E,2023,71103.58327648684,33344.32261292701,21711.242629885204,0.0,16048.018033674653,0.0,0.0,44096.56901460535,71103.58327648684,11147.165316473267,449455.85501601273
CE18_F,CE18,F,0,E,2024,71103.58327648684,18963.06591264313,37141.35776307349,0.0,14999.15960077024,0.0,0.0,44096.56901460535,71103.58327648684,25725.88113846124,449455.85501601273
CE18_F,CE18,F,0,E,2025,71103.58327648685,19306.490645285212,40462.54419839897,0.0,11334.548432802689,0.0,0.0,44096.56901460535,71103.58327648685,25283.726837337716,449455.85501601273
CE18_F,CE18,F,0,E,2026,71103.58327648685,15113.379536797022,33235.537662670664,0.0,22754.666077019192,0.0,0.0,44096.56901460535,71103.58327648685,29871.755548364978,449455.85501601273
CE19_F,CE19,F,0,E,2020,67558.01129739798,26821.25429310518,22644.396585442042,0.0,18092.360418850767,0.0,0.0,26821.25429310518,67558.01129739798,0.0,566855.164508655
CE19_F,CE19,F,0,E,2021,67558.01129739798,23276.65564374737,16861.91846938788,0.0,27419.437184262737,0.0,0.0,26821.25429310518,67558.01129739798,3766.45061489928,566855.164508655
CE19_F,CE19,F,0,E,2022,67558.01129739798,22658.722586598116,17674.213543162634,0.0,27225.07516763724,0.0,0.0,26821.25429310518,67558.01129739798,4358.830078095081,566855.1645086551
CE19_F,CE19,F,0,E,2023,67558.01129739798,22165.073259121764,22016.396888732914,0.0,23376.54114954331,0.0,0.0,26821.25429310518,67558.01129739798,5015.480653201833,566855.1645086551
CE19_F,CE19,F,0,E,2024,67558.01129739798,21711.69029334573,21578.113540110873,0.0,24268.207463941384,0.0,0.0,26821.25429310518,67558.01129739798,5730.20754960004,566855.164508655
CE19_F,CE19,F,0,E,2025,67558.01129739798,21886.307162834615,24898.53558684705,0.0,20773.168547716326,0.0,0.0,26821.25429310518,67558.01129739798,6126.288384620816,566855.1645086551
CE19_F,CE19,F,0,E,2026,67558.01129739798,18608.47327749215,19952.36076690076,0.0,28997.177253005088,0.0,0.0,26821.25429310518,67558.01129739798,8682.813127315745,566855.1645086551
CE20_F,CE20,F,0,E,2020,69318.23053699567,54048.74216984766,14515.267803237017,0.0,754.2205639109893,0.0,0.0,54048.74216984766,69318.23053699567,0.0,535899.7780912512
CE20_F,CE20,F,0,E,2021,69318.23053699567,37647.92501828063,21606.027032201433,0.0,10064.278486513625,0.0,0.0,54048.74216984766,69318.23053699567,16711.720204850742,535899.7780912512
CE20_F,CE20,F,0,E,2022,69318.23053699567,33053.29387201047,31626.55576689477,0.0,4638.380898090438,0.0,0.0,54048.74216984766,69318.23053699567,21108.891031601852,535899.7780912512
CE20_F,CE20,F,0,E,2023,69318.23053699567,29356.91229370715,37974.71378553803,0.0,1986.6044577505074,0.0,0.0,54048.74216984766,69318.23053699567,24805.272609905172,535899.7780912512
CE20_F,CE20,F,0,E,2024,69318.23053699567,29915.995335208667,37605.34721494189,0.0,1796.8879868451288,0.0,0.0,54048.74216984766,69318.23053699567,24344.919747236665,535899.7780912512
CE20_F,CE20,F,0,E,2025,69318.23053699567,30518.831618933582,37360.26253715964,0.0,1439.1363809024588,0.0,0.0,54048.74216984766,69318.23053699567,23742.08347877054,535899.7780912512
CE20_F,CE20,F,0,E,2026,69318.23053699567,37613.07732400333,24841.277976750393,0.0,6863.875236241957,0.0,0.0,54048.74216984766,69318.23053699567,16647.83767451866,535899.7780912512
CE21_F,CE21,F,0,E,2020,71080.00472433055,53365.86217067943,16072.51066200406,0.0,1641.63189164704,0.0,0.0,53365.86217067943,71080.00472433055,0.0,584909.2497642366
CE21_F,CE21,F,0,E,2021,71080.00472433055,44765.873599991144,19880.402475514136,0.0,6433.728648825252,0.0,0.0,53365.86217067943,71080.00472433055,9137.7779823752,584909.2497642366
CE21_F,CE21,F,0,E,2023,71080.00472433055,38292.261585280474,29617.533502795653,0.0,3170.2096362544044,0.0,0.0,53365.86217067943,71080.00472433055,15482.459903552488,584909.2497642366
CE21_F,CE21,F,0,E,2025,71080.00472433055,17556.957993062337,51350.97993538053,0.0,2172.0667958876666,0.0,0.0,53365.86217067943,71080.00472433055,36526.73097336713,584909.2497642366
CE21_F,CE21,F,0,E,2026,71080.00472433055,25330.712776722627,19895.895216728662,0.0,25853.39673087924,0.0,0.0,53365.86217067943,71080.00472433055,29325.998711799177,584909.2497642366
CE21_F,CE21,F,0,E,2022,71080.00472433056,43132.758507911836,24485.492875102922,0.0,3461.753341315775,0.0,0.0,53365.86217067943,71080.00472433056,11346.625735982261,584909.2497642366
CE21_F,CE21,F,0,E,2024,71080.00472433056,25537.0745967491,39504.50699519737,0.0,6038.423132384058,0.0,0.0,53365.86217067943,71080.00472433056,29175.003386164648,584909.2497642366
CE22_F,CE22,F,0,E,2020,69320.01199277991,64841.907258486295,4379.3742884318035,0.0,98.7304458618164,0.0,0.0,64841.907258486295,69320.01199277991,0.0,775486.260001149
CE22_F,CE22,F,0,E,2021,69320.01199277991,60305.72570752911,6420.578764642453,0.0,2593.707520608341,0.0,0.0,64841.907258486295,69320.01199277991,4967.885450056488,775486.260001149
CE22_F,CE22,F,0,E,2022,69320.01199277991,64755.17971152511,2212.336751242245,0.0,2352.495530012542,0.0,0.0,64841.907258486295,69320.01199277991,2374.5646517585305,775486.260001149
CE22_F,CE22,F,0,E,2023,69320.01199277991,55016.48331544166,12126.425283484365,0.0,2177.1033938538794,0.0,0.0,64841.907258486295,69320.01199277991,11746.60286877202,775486.260001149
CE22_F,CE22,F,0,E,2024,69320.01199277991,48656.30482207655,17706.052705024274,0.0,2957.654465679094,0.0,0.0,64841.907258486295,69320.01199277991,17504.332025625194,775486.260001149
CE22_F,CE22,F,0,E,2025,69320.01199277991,58667.96250562482,8661.179076879165,0.0,1990.8704102759268,0.0,0.0,64841.907258486295,69320.01199277991,8196.177297076056,775486.260001149
CE22_F,CE22,F,0,E,2026,69320.01199277991,57137.44282866834,8656.923573452817,0.0,3525.645590658749,0.0,0.0,64841.907258486295,69320.01199277991,9933.837047412348,775486.260001149
CE23_F,CE23,F,0,E,2021,67554.58939627853,28138.226926317402,26328.166709510962,0.0,13088.195760450177,0.0,0.0,46411.52313705145,67554.58939627853,18620.20836495792,469094.35843817017
CE23_F,CE23,F,0,E,2023,67554.58939627853,35193.40284803802,24689.23682983998,0.0,7671.949718400546,0.0,0.0,46411.52313705145,67554.58939627853,13447.8841879452,469094.35843817017
CE23_F,CE23,F,0,E,2020,67554.58939627855,46411.52313705145,21019.943296454934,0.0,123.12296277214499,0.0,0.0,46411.52313705145,67554.58939627855,0.0,469094.35843817017
CE23_F,CE23,F,0,E,2022,67554.58939627855,36486.579025837025,20957.60922043744,0.0,10110.40115000407,0.0,0.0,46411.52313705145,67554.58939627855,12339.778827831793,469094.35843817017
CE23_F,CE23,F,0,E,2024,67554.58939627855,26696.764338893518,37647.33623372995,0.0,3210.4888236550723,0.0,0.0,46411.52313705145,67554.58939627855,22525.679039719525,469094.35843817017
CE23_F,CE23,F,0,E,2025,67554.58939627855,25538.323586557424,39422.55317759794,0.0,2593.7126321231617,0.0,0.0,46411.52313705145,67554.58939627855,23318.235425283397,469094.35843817017
CE23_F,CE23,F,0,E,2026,67554.58939627855,36680.94680953681,25392.34936804679,0.0,5481.293218694949,0.0,0.0,46411.52313705145,67554.58939627855,14920.324041957483,469094.35843817017
CE24_F,CE24,F,0,E,2020,69316.75441756906,61752.03897349043,5774.009515889486,0.0,1790.7059281891466,0.0,0.0,61752.03897349043,69316.75441756906,0.0,614701.7101650161
CE24_F,CE24,F,0,E,2021,69316.75441756906,53920.17155268052,10992.415045405369,0.0,4404.167819483139,0.0,0.0,61752.03897349043,69316.75441756906,7831.867420809876,614701.7101650161
CE24_F,CE24,F,0,E,2022,69316.75441756906,59706.5701734655,4809.15722024955,0.0,4801.027023853975,0.0,0.0,61752.03897349043,69316.75441756906,4073.902961102654,614701.7101650161
CE24_F,CE24,F,0,E,2023,69316.75441756906,53838.08881527769,11220.077151967966,0.0,4258.5884503233665,0.0,0.0,61752.03897349043,69316.75441756906,8931.458221615061,614701.7101650161
CE24_F,CE24,F,0,E,2024,69316.75441756906,55207.15774658801,10252.900495222504,0.0,3856.6961757585113,0.0,0.0,61752.03897349043,69316.75441756906,8936.102714897605,614701.7101650161
CE24_F,CE24,F,0,E,2025,69316.75441756906,50615.20981675689,15673.025314211376,0.0,3028.5192866007483,0.0,0.0,61752.03897349043,69316.75441756906,13803.335380314844,614701.7101650161
CE24_F,CE24,F,0,E,2026,69316.75441756906,62227.88167901135,1048.8693369248333,0.0,6040.00340163287,0.0,0.0,61752.03897349043,69316.75441756906,4380.16418280508,614701.7101650161
CE25_F,CE25,F,0,E,2020,69275.82809708537,60044.67631476905,7989.078925218769,0.0,1242.072857097551,0.0,0.0,60044.67631476905,69275.82809708537,0.0,531728.0895276836
CE25_F,CE25,F,0,E,2021,69275.82809708537,44333.28419515572,14045.740877787273,0.0,10896.803024142398,0.0,0.0,60044.67631476905,69275.82809708537,15908.853972640689,531728.0895276836
CE25_F,CE25,F,0,E,2022,69275.82809708537,38627.40762852687,23948.266084050196,0.0,6700.15438450832,0.0,0.0,60044.67631476905,69275.82809708537,22256.675475745105,531728.0895276836
CE25_F,CE25,F,0,E,2023,69275.82809708537,43106.31031643736,20560.824623825974,0.0,5608.693156822055,0.0,0.0,60044.67631476905,69275.82809708537,17135.8279200236,531728.0895276836
CE25_F,CE25,F,0,E,2024,69275.82809708537,23937.418342979283,37837.95564452525,0.0,7500.4541095808445,0.0,0.0,60044.67631476905,69275.82809708537,37987.40561798693,531728.0895276836
CE25_F,CE25,F,0,E,2025,69275.82809708537,35605.86957588944,26453.307158945117,0.0,7216.651362250833,0.0,0.0,60044.67631476905,69275.82809708537,29272.365918926156,531728.0895276836
CE25_F,CE25,F,0,E,2026,69275.82809708537,47028.458802705645,9625.297524515787,0.0,12622.071769863951,0.0,0.0,60044.67631476905,69275.82809708537,19343.1314021391,531728.0895276836
CE26_F,CE26,F,0,E,2020,71328.77765437108,64586.02509254009,5031.7995587517225,0.0,1710.9530030792835,0.0,0.0,64586.02509254009,71328.77765437108,0.0,527070.0555229634
CE26_F,CE26,F,0,E,2021,71328.77765437108,43849.78054001752,18611.393735040405,0.0,8867.60337931315,0.0,0.0,64586.02509254009,71328.77765437108,20736.24455252255,527070.0555229634
CE26_F,CE26,F,0,E,2022,71328.77765437108,47458.31090485817,14649.753211645984,0.0,9220.713537866926,0.0,0.0,64586.02509254009,71328.77765437108,17906.72179245294,527070.0555229634
CE26_F,CE26,F,0,E,2023,71328.77765437108,39286.4643455655,24699.039611786488,0.0,7343.27369701909,0.0,0.0,64586.02509254009,71328.77765437108,25710.35942095588,527070.0555229634
CE26_F,CE26,F,0,E,2024,71328.77765437108,44458.04464356666,19951.809816936413,0.0,6918.923193868001,0.0,0.0,64586.02509254009,71328.77765437108,20127.98044897341,527070.0555229634
CE26_F,CE26,F,0,E,2025,71328.77765437108,40909.91855262308,24383.869327649885,0.0,6034.989774098115,0.0,0.0,64586.02509254009,71328.77765437108,23676.10653991699,527070.0555229634
CE26_F,CE26,F,0,E,2026,71328.77765437108,57999.68974977382,4792.135864407409,0.0,8536.952040189854,0.0,0.0,64586.02509254009,71328.77765437108,9352.741161002365,527070.0555229634
CE27_F,CE27,F,0,E,2020,67758.30801173192,37274.34428725897,26622.215650072285,0.0,3861.7480744006593,0.0,0.0,37274.34428725897,67758.30801173192,0.0,570441.086208448
CE27_F,CE27,F,0,E,2021,67758.30801173192,26959.061130688242,34111.85040815765,0.0,6687.396472886028,0.0,0.0,37274.34428725897,67758.30801173192,12113.742498450187,570441.086208448
CE27_F,CE27,F,0,E,2022,67758.30801173192,22861.904464602,40217.703271693805,0.0,4678.700275436102,0.0,0.0,37274.34428725897,67758.30801173192,16202.380723990645,570441.086208448
CE27_F,CE27,F,0,E,2023,67758.30801173192,25891.987877669988,37215.10964169969,0.0,4651.210492362228,0.0,0.0,37274.34428725897,67758.30801173192,14485.230419203814,570441.086208448
CE27_F,CE27,F,0,E,2024,67758.30801173192,36508.116646919996,26210.25076033648,0.0,5039.940604475433,0.0,0.0,37274.34428725897,67758.30801173192,10294.37919613707,570441.086208448
CE27_F,CE27,F,0,E,2025,67758.30801173192,31751.20428383023,30272.172089939486,0.0,5734.931637962191,0.0,0.0,37274.34428725897,67758.30801173192,10813.975893955603,570441.086208448
CE27_F,CE27,F,0,E,2026,67758.30801173192,42794.005833734256,18420.93592592127,0.0,6543.366252076391,0.0,0.0,37274.34428725897,67758.30801173192,6178.254110657936,570441.086208448
CE28_F,CE28,F,0,E,2020,71228.73739743701,37093.20657151166,34081.71255442302,0.0,53.81827150232651,0.0,0.0,37093.20657151166,71228.73739743701,0.0,451763.75011106004
CE28_F,CE28,F,0,E,2021,71228.73739743701,15637.89828449324,54112.964831094185,0.0,1477.8742818495807,0.0,0.0,37093.20657151166,71228.73739743701,21554.03970944274,451763.75011106004
CE28_F,CE28,F,0,E,2022,71228.73739743701,20020.415072242886,51010.85941168094,0.0,197.4629135131836,0.0,0.0,37093.20657151166,71228.73739743701,19050.519025376263,451763.75011106004
CE28_F,CE28,F,0,E,2023,71228.73739743701,16498.605302728392,54532.66935667151,0.0,197.46273803710938,0.0,0.0,37093.20657151166,71228.73739743701,21134.720747345567,451763.75011106004
CE28_F,CE28,F,0,E,2024,71228.73739743701,22337.314332161695,48891.4230652753,0.0,0.0,0.0,0.0,37093.20657151166,71228.73739743701,18391.147115281048,451763.75011106004
CE28_F,CE28,F,0,E,2025,71228.73739743701,23518.21732417088,47710.520073266125,0.0,0.0,0.0,0.0,37093.20657151166,71228.73739743701,17294.647978599394,451763.75011106004
CE28_F,CE28,F,0,E,2026,71228.73739743701,28276.686685479854,41484.631470055676,0.0,1467.4192419014726,0.0,0.0,37093.20657151166,71228.73739743701,14112.009955522128,451763.75011106004
CE29_F,CE29,F,0,E,2020,67815.13852467258,65102.534965993866,2374.979551158232,0.0,337.6240075204887,0.0,0.0,65102.534965993866,67815.13852467258,0.0,709558.5264152976
CE29_F,CE29,F,0,E,2021,67815.13852467258,57440.17786431407,2280.1200834685683,0.0,8094.8405768899365,0.0,0.0,65102.534965993866,67815.13852467258,8452.209961176855,709558.5264152976
CE29_F,CE29,F,0,E,2022,67815.13852467258,58078.25381086762,1457.3577179553463,0.0,8279.52699584961,0.0,0.0,65102.534965993866,67815.13852467258,8305.856294789035,709558.5264152976
CE29_F,CE29,F,0,E,2023,67815.13852467258,51668.05240469541,7955.836591114717,0.0,8191.24952886245,0.0,0.0,65102.534965993866,67815.13852467258,13533.214174457626,709558.5264152976
CE29_F,CE29,F,0,E,2024,67815.13852467258,56258.10481690052,1796.5314057892447,0.0,9760.502301982806,0.0,0.0,65102.534965993866,67815.13852467258,10126.005334532496,709558.5264152976
CE29_F,CE29,F,0,E,2025,67815.13852467258,50458.10519457051,8439.815364882525,0.0,8917.217965219535,0.0,0.0,65102.534965993866,67815.13852467258,14839.957151076374,709558.5264152976
CE29_F,CE29,F,0,E,2026,67815.13852467258,56639.09434736664,1547.5715613570867,0.0,9628.472615948845,0.0,0.0,65102.534965993866,67815.13852467258,9352.02513705983,709558.5264152976
CE30_F,CE30,F,0,E,2020,71424.29861513025,69568.91219099457,531.6038143382353,0.0,1323.7826097974591,0.0,0.0,69568.91219099457,71424.29861513025,0.0,631967.9032974541
CE30_F,CE30,F,0,E,2021,71424.29861513025,64473.95271830839,1752.7833876965094,0.0,5197.562509125353,0.0,0.0,69568.91219099457,71424.29861513025,5403.9325667736575,631967.9032974541
CE30_F,CE30,F,0,E,2022,71424.29861513025,51612.07120071111,12729.463464116116,0.0,7082.763950303021,0.0,0.0,69568.91219099457,71424.29861513025,18000.20562435973,631967.9032974541
CE30_F,CE30,F,0,E,2023,71424.29861513025,56750.399466211646,8805.345774482279,0.0,5868.553374436322,0.0,0.0,69568.91219099457,71424.29861513025,13152.652794003952,631967.9032974541
CE30_F,CE30,F,0,E,2024,71424.29861513025,60818.16017105999,4676.795800332462,0.0,5929.342643737793,0.0,0.0,69568.91219099457,71424.29861513025,9084.892089155608,631967.9032974541
CE30_F,CE30,F,0,E,2025,71424.29861513025,55005.36197716207,12111.89738485299,0.0,4307.0392531151865,0.0,0.0,69568.91219099457,71424.29861513025,14563.55021383248,631967.9032974541
CE30_F,CE30,F,0,E,2026,71424.29861513025,62522.542766197046,3840.09352276372,0.0,5061.662326169481,0.0,0.0,69568.91219099457,71424.29861513025,7577.973223876953,631967.9032974541
CE31_F,CE31,F,0,E,2020,67905.39380104213,67905.39380104213,0.0,0.0,0.0,0.0,0.0,67905.39380104213,67905.39380104213,0.0,681833.1099463368
CE31_F,CE31,F,0,E,2021,67905.39380104213,67904.61943084117,0.0,0.0,0.7743702009612439,0.0,0.0,67905.39380104213,67905.39380104213,0.7743702009612439,681833.1099463368
CE31_F,CE31,F,0,E,2022,67905.39380104213,67833.7645957797,70.85483506146599,0.0,0.7743702009612439,0.0,0.0,67905.39380104213,67905.39380104213,71.62920526242723,681833.1099463368
CE31_F,CE31,F,0,E,2023,67905.39380104213,67722.64233518112,181.97709566004136,0.0,0.7743702009612439,0.0,0.0,67905.39380104213,67905.39380104213,182.7514658610026,681833.1099463368
CE31_F,CE31,F,0,E,2024,67905.39380104213,67904.61943084117,0.0,0.0,0.7743702009612439,0.0,0.0,67905.39380104213,67905.39380104213,0.7743702009612439,681833.1099463368
CE31_F,CE31,F,0,E,2025,67905.39380104213,66044.19367400522,1860.4257568359376,0.0,0.7743702009612439,0.0,0.0,67905.39380104213,67905.39380104213,1861.200127036899,681833.1099463368
CE31_F,CE31,F,0,E,2026,67905.39380104213,67904.61943084117,0.0,0.0,0.7743702009612439,0.0,0.0,67905.39380104213,67905.39380104213,0.7743702009612439,681833.1099463368
CE32_F,CE32,F,0,E,2021,69356.00713653564,68719.85799404967,0.0,0.0,636.1491424859739,0.0,0.0,69356.00713653564,69356.00713653564,636.1491424859739,665089.0324302524
CE32_F,CE32,F,0,E,2022,69356.00713653564,68681.9136020436,37.94439200607001,0.0,636.1491424859739,0.0,0.0,69356.00713653564,69356.00713653564,674.0935344920439,665089.0324302524
CE32_F,CE32,F,0,E,2026,69356.00713653564,68719.85799404967,0.0,0.0,636.1491424859739,0.0,0.0,69356.00713653564,69356.00713653564,636.1491424859739,665089.0324302524
CE32_F,CE32,F,0,E,2020,69356.00713653566,69356.00713653566,0.0,0.0,0.0,0.0,0.0,69356.00713653566,69356.00713653566,0.0,665089.0324302524
CE32_F,CE32,F,0,E,2023,69356.00713653566,68681.91360204361,37.94439200607001,0.0,636.1491424859739,0.0,0.0,69356.00713653566,69356.00713653566,674.0935344920439,665089.0324302524
CE32_F,CE32,F,0,E,2024,69356.00713653566,68582.01919477875,137.8387992709291,0.0,636.1491424859739,0.0,0.0,69356.00713653566,69356.00713653566,773.987941756903,665089.0324302524
CE32_F,CE32,F,0,E,2025,69356.00713653566,68719.85799404967,0.0,0.0,636.1491424859739,0.0,0.0,69356.00713653566,69356.00713653566,636.1491424859739,665089.0324302524
CE33_F,CE33,F,0,E,2020,69221.09884078082,32984.149201696055,34578.23322861616,0.0,1658.7164104686065,0.0,0.0,32984.149201696055,69221.09884078082,0.0,485664.6786844289
CE33_F,CE33,F,0,E,2021,69221.09884078082,48337.32315778546,17435.090439919863,0.0,3448.6852430755016,0.0,0.0,32984.149201696055,69221.09884078082,2640.6230434642116,485664.6786844289
CE33_F,CE33,F,0,E,2022,69221.09884078082,40149.84447141161,25638.0566197414,0.0,3433.197749627805,0.0,0.0,32984.149201696055,69221.09884078082,5404.760331696156,485664.6786844289
CE33_F,CE33,F,0,E,2023,69221.09884078082,39266.66556549072,27898.463862879144,0.0,2055.9694124109606,0.0,0.0,32984.149201696055,69221.09884078082,5259.177430575502,485664.6786844289
CE33_F,CE33,F,0,E,2024,69221.09884078082,32033.60324527516,14786.713972772335,0.0,22400.781622733324,0.0,0.0,32984.149201696055,69221.09884078082,8310.220387716856,485664.6786844289
CE33_F,CE33,F,0,E,2025,69221.09884078082,33501.81775575527,27789.66668267344,0.0,7929.6144023521265,0.0,0.0,32984.149201696055,69221.09884078082,8920.042547009038,485664.6786844289
CE33_F,CE33,F,0,E,2026,69221.09884078082,43379.76655243519,12076.788298782645,0.0,13764.543989562988,0.0,0.0,32984.149201696055,69221.09884078082,7417.364037936341,485664.6786844289
CE34_F,CE34,F,0,E,2020,71288.96138853185,31488.585814651786,18772.494571222047,0.0,11893.682561896829,9134.198440761193,0.0,31488.585814651786,62154.76294777068,0.0,361518.4255225089
CE34_F,CE34,F,0,E,2021,71288.96138853187,29879.427831432866,19156.97173279407,0.0,12938.32010447184,9314.241719833073,0.0,31488.585814651786,62154.76294777068,3782.452360654345,361518.42552250886
CE34_F,CE34,F,0,E,2022,71288.96138853187,27075.79534436394,9458.655033814675,0.0,26884.875043981214,7869.635966372023,0.0,31488.585814651786,62154.76294777068,9044.738108017866,361518.42552250886
CE34_F,CE34,F,0,E,2023,71288.96138853187,19905.433956221037,27423.85081661449,0.0,13927.971887536143,10031.704728160184,0.0,31488.585814651786,62154.76294777068,12515.504692616181,361518.42552250886
CE34_F,CE34,F,0,E,2024,71288.96138853187,22031.10097195494,14138.617293473784,0.0,27821.48656981225,7297.756553290872,0.0,31488.585814651786,62154.76294777068,11400.788226677389,361518.42552250886
CE34_F,CE34,F,0,E,2025,71288.96138853187,20028.949917512782,28718.22257932775,0.0,12806.284580096075,9735.504311595243,0.0,31488.585814651786,62154.76294777068,13318.921035467407,361518.42552250886
CE34_F,CE34,F,0,E,2026,71288.96138853187,24012.346071250766,15775.264700586653,0.0,23086.164302900717,8415.186313793707,0.0,31488.585814651786,62154.76294777068,11544.436920824235,361518.42552250886
CE35_F,CE35,F,0,E,2020,67765.43307070265,43457.17497043983,22077.6491956823,0.0,2230.6089045805093,0.0,0.0,43457.17497043983,67765.43307070265,0.0,475570.29679493635
CE35_F,CE35,F,0,E,2021,67765.43307070265,25568.562084781424,13054.930618495566,0.0,29141.940367425654,0.0,0.0,43457.17497043983,67765.43307070265,20072.372137062222,475570.29679493635
CE35_F,CE35,F,0,E,2022,67765.43307070265,20920.323328863404,24062.39979855407,0.0,22782.709943285176,0.0,0.0,43457.17497043983,67765.43307070265,24419.37505759445,475570.29679493635
CE35_F,CE35,F,0,E,2023,67765.43307070265,10060.003672910205,49229.042337604595,0.0,8476.387060187844,0.0,0.0,43457.17497043983,67765.43307070265,33409.94862602084,475570.29679493635
CE35_F,CE35,F,0,E,2024,67765.43307070265,24166.92710406734,31928.948893857465,0.0,11669.557072777843,0.0,0.0,43457.17497043983,67765.43307070265,20442.916886213716,475570.29679493635
CE35_F,CE35,F,0,E,2025,67765.43307070265,24689.245062225942,31596.740503348563,0.0,11479.44750512815,0.0,0.0,43457.17497043983,67765.43307070265,20777.83947999244,475570.29679493635
CE35_F,CE35,F,0,E,2026,67765.43307070265,25883.72786305746,32380.806247038,0.0,9500.898960607192,0.0,0.0,43457.17497043983,67765.43307070265,19257.342395617914,475570.29679493635
CE36_F,CE36,F,0,E,2020,69194.84233685661,37975.873511280726,30527.830054518756,0.0,691.1387710571289,0.0,0.0,37975.873511280726,69194.84233685661,0.0,403480.46315905993
CE36_F,CE36,F,0,E,2021,69194.84233685661,36775.19549309226,26297.360672415944,0.0,6122.286171348422,0.0,0.0,37975.873511280726,69194.84233685661,7611.043713827694,403480.46315905993
CE36_F,CE36,F,0,E,2022,69194.84233685661,19312.809340473246,48152.830357151404,0.0,1729.2026392319622,0.0,0.0,37975.873511280726,69194.84233685661,20623.809751024433,403480.46315905993
CE36_F,CE36,F,0,E,2023,69194.84233685661,14356.737107131059,53413.23538169113,0.0,1424.8698480344287,0.0,0.0,37975.873511280726,69194.84233685661,24633.96961882349,403480.46315905993
CE36_F,CE36,F,0,E,2024,69194.84233685661,21409.834789231245,45816.13277097216,0.0,1968.8747766532151,0.0,0.0,37975.873511280726,69194.84233685661,17248.27194887049,403480.46315905993
CE36_F,CE36,F,0,E,2025,69194.84233685661,30968.8398808498,34707.968822524126,0.0,3518.0336334826898,0.0,0.0,37975.873511280726,69194.84233685661,11145.732962395163,403480.46315905993
CE36_F,CE36,F,0,E,2026,69194.84233685661,38701.097694426884,26545.541833765372,0.0,3948.2028086643595,0.0,0.0,37975.873511280726,69194.84233685661,11454.31759000292,403480.46315905993
CE37_F,CE37,F,0,E,2020,71010.31183645212,42049.72984526392,9351.527738653444,0.0,3641.9498518401497,15967.104400694603,0.0,42049.72984526392,55043.207435757504,0.0,233990.3237345377
CE37_F,CE37,F,0,E,2021,71010.31183645212,44119.66908632167,6850.2505897372375,0.0,6344.181703485227,13696.21045690798,0.0,42049.72984526392,55043.207435757504,3981.5260222491097,233990.3237345377
CE37_F,CE37,F,0,E,2022,71010.31183645212,40244.238476383,7259.9021609138035,0.0,11683.20532801011,11822.965871145208,0.0,42049.72984526392,55043.207435757504,6100.642075841568,233990.3237345377
CE37_F,CE37,F,0,E,2023,71010.31183645212,38323.74975705615,9272.15623842127,0.0,7695.493413468903,15718.912427505791,0.0,42049.72984526392,55043.207435757504,7977.7649548698855,233990.32373453773
CE37_F,CE37,F,0,E,2024,71010.31183645212,27769.203721020276,21873.02426964255,0.0,10197.53996994916,11170.54387584013,0.0,42049.72984526392,55043.207435757504,15874.992567772957,233990.3237345377
CE37_F,CE37,F,0,E,2025,71010.31183645212,31085.52793594062,17055.16064303529,0.0,9449.095449260636,13420.52780821557,0.0,42049.72984526392,55043.207435757504,13249.42339025759,233990.3237345377
CE37_F,CE37,F,0,E,2026,71010.31183645212,46398.69910140692,2059.102076631434,0.0,7846.885260189281,14705.625398224473,0.0,42049.72984526392,55043.207435757504,4354.007529045554,233990.3237345377
CE38_F,CE38,F,0,E,2020,67538.2745625814,24923.434180345717,34298.630288516775,0.0,8316.210093718884,0.0,0.0,24923.434180345717,67538.2745625814,0.0,79436.33110926008
CE38_F,CE38,F,0,E,2021,67538.2745625814,21756.941112832465,28803.534010285017,0.0,16977.799439463895,0.0,0.0,24923.434180345717,67538.2745625814,6596.662228034525,79436.33110926008
CE38_F,CE38,F,0,E,2022,67538.2745625814,15437.510985610063,31109.285170341944,0.0,20991.478406629376,0.0,0.0,24923.434180345717,67538.2745625814,10803.937990973976,79436.33110926008
CE38_F,CE38,F,0,E,2023,67538.2745625814,11824.195593052285,39251.26071738449,0.0,16462.818252144607,0.0,0.0,24923.434180345717,67538.2745625814,14608.527503548416,79436.33110926008
CE38_F,CE38,F,0,E,2024,67538.2745625814,12261.348225821705,33414.26217989453,0.0,21862.664156865136,0.0,0.0,24923.434180345717,67538.2745625814,14401.759322701248,79436.33110926008
CE38_F,CE38,F,0,E,2025,67538.2745625814,13017.934389540733,39658.188974597404,0.0,14862.151198443242,0.0,0.0,24923.434180345717,67538.2745625814,14573.285936183554,79436.33110926008
CE38_F,CE38,F,0,E,2026,67538.2745625814,20430.788360476025,36048.37989376292,0.0,11059.106308342427,0.0,0.0,24923.434180345717,67538.2745625814,10834.14225164675,79436.33110926008
CE39_F,CE39,F,0,E,2020,71018.35143468522,33818.25006106508,36139.95300819546,0.0,1060.148365424661,0.0,0.0,33818.25006106508,71018.35143468522,0.0,35595.547977821494
CE39_F,CE39,F,0,E,2021,71018.35143468522,6079.389035094017,56448.10509550806,0.0,8490.857304083132,0.0,0.0,33818.25006106509,71018.35143468522,28026.936882916627,35595.547977821494
CE39_F,CE39,F,0,E,2022,71018.35143468522,17236.500105943865,50442.65948160209,0.0,3339.1918471392464,0.0,0.0,33818.25006106508,71018.35143468522,17222.95011022231,35595.547977821494
CE39_F,CE39,F,0,E,2023,71018.35143468522,10849.279670745247,56771.41193997253,0.0,3397.659823967429,0.0,0.0,33818.25006106508,71018.35143468522,23354.619762555292,35595.547977821494
CE39_F,CE39,F,0,E,2024,71018.35143468522,26856.43450009215,39417.58415491441,0.0,4744.332779678643,0.0,0.0,33818.25006106508,71018.35143468522,10239.450101545743,35595.547977821494
CE39_F,CE39,F,0,E,2025,71018.35143468522,24215.738906411563,43035.18013188979,0.0,3767.4323963838465,0.0,0.0,33818.25006106508,71018.35143468522,12792.249928762398,35595.547977821494
CE39_F,CE39,F,0,E,2026,71018.35143468522,16840.781436336747,51070.69538786646,0.0,3106.87461048201,0.0,0.0,33818.25006106508,71018.35143468522,19208.119091976394,35595.547977821494
CE40_F,CE40,F,0,E,2020,67465.35917633655,28926.19091401942,35092.695418084826,0.0,1288.9891026814778,2157.4837415508196,0.0,28926.19091401942,65307.87543478573,0.0,115254.31838606292
CE40_F,CE40,F,0,E,2021,67465.35917633655,22724.408937850654,38309.55247572357,0.0,5256.630000365014,1174.7677623973173,0.0,28926.19091401942,65307.87543478573,6935.139436968635,115254.31838606292
CE40_F,CE40,F,0,E,2022,67465.35917633655,31065.47789204916,31102.590676401163,0.0,2847.0828881357234,2450.207719750498,0.0,28926.19091401942,65307.87543478573,3731.4440568512555,115254.31838606292
CE40_F,CE40,F,0,E,2023,67465.35917633655,22664.395981044392,39144.35015124153,0.0,3728.3521672267543,1928.2608768238742,0.0,28926.19091401942,65307.87543478573,7898.491098022461,115254.31838606292
CE40_F,CE40,F,0,E,2024,67465.35917633655,31859.62070106058,29813.605504682935,0.0,5465.722612897087,326.4103576959348,0.0,28926.19091401942,65307.87543478573,4032.6866513121363,115254.31838606292
CE40_F,CE40,F,0,E,2025,67465.35917633655,25258.635615719068,37884.78930026785,0.0,1998.7283151663987,2323.2059451832492,0.0,28926.19091401942,65307.87543478573,7233.670199734557,115254.31838606292
CE40_F,CE40,F,0,E,2026,67465.35917633655,37414.00349671607,25363.51735666312,0.0,2040.1581148035386,2647.6802081538185,0.0,28926.19091401942,65307.87543478573,3498.3513249116786,115254.31838606292
CE41_F,CE41,F,0,E,2021,69439.63674863926,51970.27129914525,3250.9496924606024,0.0,5159.845323988972,9058.570433044433,0.0,54594.34192130892,56168.70327136469,3016.3055568021887,199423.91872295304
CE41_F,CE41,F,0,E,2022,69439.63674863926,54551.749439793,888.6278228759766,0.0,995.8822213864794,13003.37726458381,0.0,54594.34192130892,56168.70327136469,437.5379237156288,199423.91872295304
CE41_F,CE41,F,0,E,2023,69439.63674863926,51638.0518328199,2812.2506873635684,0.0,3115.4231391457947,11873.91108930999,0.0,54594.34192130892,56168.70327136469,3249.7886873731427,199423.91872295304
CE41_F,CE41,F,0,E,2024,69439.63674863926,50924.82807979208,4246.443293373258,0.0,3422.4739851409313,10845.891390332987,0.0,54594.34192130892,56168.70327136469,4061.748814302332,199423.91872295304
CE41_F,CE41,F,0,E,2025,69439.63674863926,45170.61899560666,8261.343336367141,0.0,3145.6254352943565,12862.048981371112,0.0,54594.34192130892,56168.70327136469,9621.195627728634,199423.91872295304
CE41_F,CE41,F,0,E,2026,69439.63674863926,51200.90525033987,2820.7650082158107,0.0,2016.9330163394702,13401.033473744112,0.0,54594.34192130892,56168.70327136469,3794.1900727215934,199423.91872295304
CE41_F,CE41,F,0,E,2020,69439.63674863927,54594.34192130892,789.8911590576172,0.0,784.4701909981521,13270.933477274575,0.0,54594.34192130892,56168.70327136469,0.0,199423.91872295304
CE42_F,CE42,F,0,E,2020,69366.4332076428,65909.47937669941,3456.9538309433883,0.0,0.0,0.0,0.0,65909.47937669941,69366.4332076428,0.0,337464.15663266653
CE42_F,CE42,F,0,E,2021,69366.4332076428,58776.02981926413,10590.403388378665,0.0,0.0,0.0,0.0,65909.47937669941,69366.4332076428,7648.430392964681,337464.15663266653
CE42_F,CE42,F,0,E,2022,69366.4332076428,68084.40200533399,1282.0312023088045,0.0,0.0,0.0,0.0,65909.47937669941,69366.4332076428,639.6605789782955,337464.15663266653
CE42_F,CE42,F,0,E,2023,69366.4332076428,47413.914836748896,21952.51837089389,0.0,0.0,0.0,0.0,65909.47937669941,69366.4332076428,18554.41942204494,337464.15663266653
CE42_F,CE42,F,0,E,2024,69366.4332076428,61875.97887525371,7169.84980286243,0.0,320.6045295266544,0.0,0.0,65909.47937669941,69366.4332076428,4857.856834082509,337464.15663266653
CE42_F,CE42,F,0,E,2025,69366.4332076428,47291.56359474331,22074.869612899474,0.0,0.0,0.0,0.0,65909.47937669941,69366.4332076428,18712.780624988027,337464.15663266653
CE42_F,CE42,F,0,E,2026,69366.4332076428,65228.77228022557,4137.6609274172315,0.0,0.0,0.0,0.0,65909.47937669941,69366.4332076428,3235.8631278542907,337464.15663266653
CE43_F,CE43,F,0,E,2020,69287.83475272982,69287.83475272982,0.0,0.0,0.0,0.0,0.0,69287.83475272982,69287.83475272982,0.0,275696.96540730796
CE43_F,CE43,F,0,E,2021,69287.83475272982,68991.62251823275,296.2122344970703,0.0,0.0,0.0,0.0,69287.83475272982,69287.83475272982,296.2122344970703,275696.96540730796
CE43_F,CE43,F,0,E,2022,69287.83475272982,69287.83475272982,0.0,0.0,0.0,0.0,0.0,69287.83475272982,69287.83475272982,0.0,275696.96540730796
CE43_F,CE43,F,0,E,2023,69287.83475272982,68497.93568199009,789.8990707397461,0.0,0.0,0.0,0.0,69287.83475272982,69287.83475272982,789.8990707397461,275696.96540730796
CE43_F,CE43,F,0,E,2024,69287.83475272982,69287.83475272982,0.0,0.0,0.0,0.0,0.0,69287.83475272982,69287.83475272982,0.0,275696.96540730796
CE43_F,CE43,F,0,E,2025,69287.83475272982,65284.51611893597,4003.3186337938496,0.0,0.0,0.0,0.0,69287.83475272982,69287.83475272982,4003.3186337938496,275696.96540730796
CE43_F,CE43,F,0,E,2026,69287.83475272982,69287.83475272982,0.0,0.0,0.0,0.0,0.0,69287.83475272982,69287.83475272982,0.0,275696.96540730796
CE44_F,CE44,F,0,E,2020,105146.19513056133,105146.19513056133,0.0,0.0,0.0,0.0,0.0,105146.19513056133,105146.19513056133,0.0,373369.70821096376
CE44_F,CE44,F,0,E,2021,105146.19513056133,104356.28756830547,789.9075622558594,0.0,0.0,0.0,0.0,105146.19513056133,105146.19513056133,789.9075622558594,373369.70821096376
CE44_F,CE44,F,0,E,2022,105146.19513056133,104751.2423717723,394.9527587890625,0.0,0.0,0.0,0.0,105146.19513056133,105146.19513056133,394.9527587890625,373369.70821096376
CE44_F,CE44,F,0,E,2023,105146.19513056133,99968.81600392655,5177.379126634785,0.0,0.0,0.0,0.0,105146.19513056133,105146.19513056133,5177.379126634785,373369.70821096376
CE44_F,CE44,F,0,E,2024,105146.19513056133,102621.59250177119,1930.2358944163605,0.0,594.3667343738032,0.0,0.0,105146.19513056133,105146.19513056133,2524.6026287901636,373369.70821096376
CE44_F,CE44,F,0,E,2025,105146.19513056133,98066.06784973142,6586.435081122903,0.0,493.69219970703125,0.0,0.0,105146.19513056133,105146.19513056133,7080.1272808299345,373369.70821096376
CE44_F,CE44,F,0,E,2026,105146.19513056133,104652.5029308543,0.0,0.0,493.69219970703125,0.0,0.0,105146.19513056133,105146.19513056133,493.69219970703125,373369.70821096376
CW01_F,CW01,F,0,W,2020,70329.64180647908,39468.44590774237,23827.80793573716,0.0,7033.387962999532,0.0,0.0,39468.44590774237,70329.64180647908,0.0,397174.8045680326
CW01_F,CW01,F,0,W,2021,70329.64180647908,30805.05433152143,17805.32766945035,0.0,21719.259805507285,0.0,0.0,39468.44590774237,70329.64180647908,9946.870648791744,397174.8045680326
CW01_F,CW01,F,0,W,2022,70329.64180647908,32263.924766540527,22641.120519361306,0.0,15424.596520577226,0.0,0.0,39468.44590774237,70329.64180647908,10347.981469876158,397174.8045680326
CW01_F,CW01,F,0,W,2023,70329.64180647908,24011.709986129463,30415.94948135077,0.0,15901.98233899883,0.0,0.0,39468.44590774237,70329.64180647908,16953.54754007377,397174.8045680326
CW01_F,CW01,F,0,W,2024,70329.64180647908,39862.973281112376,16888.115150930367,0.0,13578.553374436324,0.0,0.0,39468.44590774237,70329.64180647908,8812.065516124052,397174.8045680326
CW01_F,CW01,F,0,W,2025,70329.64180647908,13462.785763130936,44939.98301648907,0.0,11926.87302685906,0.0,0.0,39468.44590774237,70329.64180647908,26347.147092662137,397174.8045680326
CW01_F,CW01,F,0,W,2026,70329.64180647908,33517.97867901372,14474.86109158385,0.0,22336.802035881494,0.0,0.0,39468.44590774237,70329.64180647908,11458.78174043543,397174.8045680326
CW02_F,CW02,F,0,W,2020,69379.01281588688,52819.638335882446,13632.347676176181,0.0,2927.0268038282206,0.0,0.0,52819.638335882446,69379.01281588688,0.0,391670.40889419866
CW02_F,CW02,F,0,W,2021,69379.01281588688,45168.7191942402,14524.39428986194,0.0,9685.899331784716,0.0,0.0,52819.63833588245,69379.01281588688,8988.986975516525,391670.40889419866
CW02_F,CW02,F,0,W,2022,69379.01281588688,45033.98275939342,11819.219445561426,0.0,12525.810610931994,0.0,0.0,52819.638335882446,69379.01281588688,9744.748159191655,391670.40889419866
CW02_F,CW02,F,0,W,2023,69379.01281588688,43306.03271358715,17451.418612252033,0.0,8621.56149004768,0.0,0.0,52819.638335882446,69379.01281588688,11193.547262633081,391670.40889419866
CW02_F,CW02,F,0,W,2024,69379.01281588688,51773.10900154861,7511.149971786199,0.0,10094.753842552034,0.0,0.0,52819.638335882446,69379.01281588688,6320.98070307713,391670.40889419866
CW02_F,CW02,F,0,W,2025,69379.01281588688,35818.50304682115,22947.33011336981,0.0,10613.179655695894,0.0,0.0,52819.638335882446,69379.01281588688,17622.547155582204,391670.40889419866
CW02_F,CW02,F,0,W,2026,69379.01281588688,38700.61755828857,7770.942362976073,0.0,22907.452894622205,0.0,0.0,52819.638335882446,69379.01281588688,16522.588561233817,391670.40889419866
CW03_F,CW03,F,0,W,2020,67577.77283489752,61341.59507688636,5968.254778274837,0.0,267.9229797363281,0.0,0.0,61341.59507688636,67577.77283489752,0.0,397274.8482952043
CW03_F,CW03,F,0,W,2021,67577.77283489752,57307.2631747676,6732.1448968625555,0.0,3538.3647632673674,0.0,0.0,61341.59507688636,67577.77283489752,5886.174639563467,397274.8482952043
CW03_F,CW03,F,0,W,2022,67577.77283489752,59086.31660590079,4215.1413513482785,0.0,4276.314877648447,0.0,0.0,61341.59507688636,67577.77283489752,4442.798771188773,397274.8482952043
CW03_F,CW03,F,0,W,2023,67577.77283489752,56837.23411120247,6017.039734814213,0.0,4723.49898888083,0.0,0.0,61341.59507688636,67577.77283489752,6801.837791891659,397274.8482952043
CW03_F,CW03,F,0,W,2024,67577.77283489752,58773.480875531386,3947.6058423509785,0.0,4856.686117015166,0.0,0.0,61341.59507688636,67577.77283489752,5732.081905050839,397274.8482952043
CW03_F,CW03,F,0,W,2025,67577.77283489752,47485.87125052659,16987.555678603225,0.0,3104.345905767703,0.0,0.0,61341.59507688636,67577.77283489752,15291.356521217494,397274.8482952043
CW03_F,CW03,F,0,W,2026,67577.77283489752,53571.05162619798,5545.076749883913,0.0,8461.644458815632,0.0,0.0,61341.59507688636,67577.77283489752,9637.872629442401,397274.8482952043
CW04_F,CW04,F,0,W,2020,69379.94241832658,47732.41868046779,17767.68051033768,0.0,3879.8432275211107,0.0,0.0,47732.41868046779,69379.94241832658,0.0,497785.0551413144
CW04_F,CW04,F,0,W,2021,69379.94241832658,39230.91338764265,10935.264363128066,0.0,19213.764667555864,0.0,0.0,47732.41868046779,69379.94241832658,10625.527717710009,497785.0551413144
CW04_F,CW04,F,0,W,2022,69379.94241832658,38908.01219222125,7912.617474873861,0.0,22559.312751231475,0.0,0.0,47732.41868046779,69379.94241832658,11492.40428239411,497785.0551413144
CW04_F,CW04,F,0,W,2023,69379.94241832658,34294.09145549699,20103.095185762293,0.0,14982.755777067297,0.0,0.0,47732.41868046779,69379.94241832658,15120.974033759623,497785.0551413144
CW04_F,CW04,F,0,W,2024,69379.94241832658,40556.5873670391,15860.085433002547,0.0,12963.269618284936,0.0,0.0,47732.41868046779,69379.94241832658,11324.3722975787,497785.0551413144
CW04_F,CW04,F,0,W,2025,69379.94241832658,30489.35690992767,27171.29741082285,0.0,11719.288097576067,0.0,0.0,47732.41868046779,69379.94241832658,18372.82745112999,497785.0551413144
CW04_F,CW04,F,0,W,2026,69379.94241832658,31947.832405150177,13596.683730630315,0.0,23835.4262825461,0.0,0.0,47732.41868046779,69379.94241832658,17187.307884754853,497785.0551413144
CW05_F,CW05,F,0,W,2020,71179.77764653225,49706.903100436335,18214.44647674561,0.0,3258.4280693502988,0.0,0.0,49706.903100436335,71179.77764653225,0.0,444799.42094149115
CW05_F,CW05,F,0,W,2021,71179.77764653225,48750.59019230861,13318.673484802246,0.0,9110.513969421387,0.0,0.0,49706.903100436335,71179.77764653225,6633.396492124071,444799.42094149115
CW05_F,CW05,F,0,W,2022,71179.77764653225,46140.28486761953,14120.889634914023,0.0,10918.603143998687,0.0,0.0,49706.903100436335,71179.77764653225,8901.442768710265,444799.4209414911
CW05_F,CW05,F,0,W,2023,71179.77764653225,38553.29191792806,17364.606297392005,0.0,15261.879431212183,0.0,0.0,49706.903100436335,71179.77764653225,15815.53328737745,444799.42094149115
CW05_F,CW05,F,0,W,2024,71179.77764653225,37302.34186685599,19978.39903788847,0.0,13899.036741787779,0.0,0.0,49706.903100436335,71179.77764653225,18015.43893294989,444799.42094149115
CW05_F,CW05,F,0,W,2025,71179.77764653225,21330.390485456875,34196.0718759275,0.0,15653.315285147872,0.0,0.0,49706.903100436335,71179.77764653225,29315.401547181373,444799.42094149115
CW05_F,CW05,F,0,W,2026,71179.77764653225,32910.27418458229,11870.656729485007,0.0,26398.84673246496,0.0,0.0,49706.903100436335,71179.77764653225,21664.137405724618,444799.42094149115
CW06_F,CW06,F,0,W,2020,69199.2655693503,24345.625444300033,32172.2779675652,0.0,12681.362157485066,0.0,0.0,24345.625444300033,69199.2655693503,0.0,408412.7506025426
CW06_F,CW06,F,0,W,2021,69199.2655693503,17592.22104399438,21588.599395243324,0.0,30018.445130112592,0.0,0.0,24345.625444300033,69199.2655693503,7332.610840472053,408412.7506025426
CW06_F,CW06,F,0,W,2022,69199.2655693503,16956.488349764957,30905.84449480842,0.0,21336.932724776918,0.0,0.0,24345.625444300033,69199.2655693503,8156.5081957349585,408412.7506025426
CW06_F,CW06,F,0,W,2023,69199.2655693503,12699.167864601288,34895.62998298197,0.0,21604.46772176705,0.0,0.0,24345.625444300033,69199.2655693503,11646.457579698748,408412.7506025426
CW06_F,CW06,F,0,W,2024,69199.2655693503,12974.835551063692,38950.84512311151,0.0,17273.584895175107,0.0,0.0,24345.625444300033,69199.2655693503,12795.962354263604,408412.7506025426
CW06_F,CW06,F,0,W,2025,69199.2655693503,10544.956251854992,43089.69297204112,0.0,15564.616345454197,0.0,0.0,24345.625444300033,69199.2655693503,15083.750475445915,408412.7506025426
CW06_F,CW06,F,0,W,2026,69199.2655693503,12741.373458084405,31851.694253420363,0.0,24606.197857845527,0.0,0.0,24345.625444300033,69199.2655693503,13972.958455942191,408412.7506025426
CW07_F,CW07,F,0,W,2020,69203.3897790647,45176.44106594909,14367.463385009767,0.0,9659.485328105853,0.0,0.0,45176.44106594909,69203.3897790647,0.0,572273.2118494371
CW07_F,CW07,F,0,W,2021,69203.3897790647,38594.175538605334,7177.731004124062,0.0,23431.483236335305,0.0,0.0,45176.44106594909,69203.3897790647,10259.984907202626,572273.2118494371
CW07_F,CW07,F,0,W,2022,69203.3897790647,34619.884816846665,13066.187194465187,0.0,21517.31776775285,0.0,0.0,45176.44106594909,69203.3897790647,14058.888808605716,572273.2118494371
CW07_F,CW07,F,0,W,2023,69203.3897790647,29233.586930667654,20945.079772739784,0.0,19024.723075657264,0.0,0.0,45176.44106594909,69203.3897790647,18083.512672184963,572273.2118494372
CW07_F,CW07,F,0,W,2024,69203.3897790647,25638.336740680767,26317.050710431264,0.0,17248.002327952665,0.0,0.0,45176.44106594909,69203.3897790647,21591.650148189772,572273.2118494371
CW07_F,CW07,F,0,W,2025,69203.3897790647,25581.03470084994,33777.80301519656,0.0,9844.5520630182,0.0,0.0,45176.44106594909,69203.3897790647,22224.67218463374,572273.2118494372
CW07_F,CW07,F,0,W,2026,69203.3897790647,37462.86969463872,11471.824106193992,0.0,20268.69597823199,0.0,0.0,45176.44106594909,69203.3897790647,15629.245594219134,572273.2118494372
CW08_F,CW08,F,0,W,2020,67743.62814645207,36567.66175267837,14463.45470198089,0.0,16712.511691792806,0.0,0.0,36567.66175267837,67743.62814645207,0.0,542339.3333156214
CW08_F,CW08,F,0,W,2021,67743.62814645207,28453.772253806914,11052.886913434199,0.0,28236.96897921095,0.0,0.0,36567.66175267837,67743.62814645207,8901.77738686356,542339.3333156214
CW08_F,CW08,F,0,W,2022,67743.62814645207,25972.022123269468,14362.404325118721,0.0,27409.201698063873,0.0,0.0,36567.66175267837,67743.62814645207,11140.385824405446,542339.3333156214
CW08_F,CW08,F,0,W,2023,67743.62814645207,25453.21737865373,19051.402714448817,0.0,23239.008053349517,0.0,0.0,36567.66175267837,67743.62814645207,11706.812278687721,542339.3333156214
CW08_F,CW08,F,0,W,2024,67743.62814645207,24499.234447165094,20396.811585609583,0.0,22847.58211367738,0.0,0.0,36567.66175267837,67743.62814645207,13524.181145462338,542339.3333156214
CW08_F,CW08,F,0,W,2025,67743.62814645207,24263.45115218817,26818.38640477797,0.0,16661.790589485914,0.0,0.0,36567.66175267837,67743.62814645207,15720.1985919728,542339.3333156214
CW08_F,CW08,F,0,W,2026,67743.62814645207,29014.395114853804,13753.386291593664,0.0,24975.8467400046,0.0,0.0,36567.66175267837,67743.62814645207,12049.067322824514,542339.3333156214
CW09_F,CW09,F,0,W,2020,70955.79660806096,59703.544177096504,4296.786172365675,0.0,6955.466258598778,0.0,0.0,59703.544177096504,70955.79660806096,0.0,547309.6187890146
CW09_F,CW09,F,0,W,2021,70955.79660806096,56111.792484747195,4263.490918118347,0.0,10580.513205195408,0.0,0.0,59703.544177096504,70955.79660806096,3789.2070603912953,547309.6187890146
CW09_F,CW09,F,0,W,2022,70955.79660806096,55502.00393383551,4036.2229017070695,0.0,11417.569772518384,0.0,0.0,59703.544177096504,70955.79660806096,4564.316267454858,547309.6187890146
CW09_F,CW09,F,0,W,2023,70955.79660806096,53415.171813905006,5539.981617078593,0.0,12000.643177077349,0.0,0.0,59703.544177096504,70955.79660806096,6387.099970918542,547309.6187890146
CW09_F,CW09,F,0,W,2024,70955.79660806096,53385.74690539791,5187.272286299163,0.0,12382.777416363884,0.0,0.0,59703.544177096504,70955.79660806096,6515.252639740587,547309.6187890146
CW09_F,CW09,F,0,W,2025,70955.79660806096,53163.513139612536,6284.891607277065,0.0,11507.391861171347,0.0,0.0,59703.544177096504,70955.79660806096,6888.868891996495,547309.6187890146
CW09_F,CW09,F,0,W,2026,70955.79660806096,53135.63606390859,6231.0759487077285,0.0,11589.084595444623,0.0,0.0,59703.544177096504,70955.79660806096,6974.046745150696,547309.6187890146
CW10_F,CW10,F,0,W,2020,69243.95863967598,27365.326635951616,35760.62307224648,0.0,6118.008931477864,0.0,0.0,27365.326635951616,69243.95863967598,0.0,420714.5378179811
CW10_F,CW10,F,0,W,2021,69243.95863967598,20022.714686045925,18179.39440651688,0.0,31041.84954711316,0.0,0.0,27365.326635951616,69243.95863967598,8645.428108125574,420714.5378179811
CW10_F,CW10,F,0,W,2022,69243.95863967598,19214.310664277917,31653.94475280164,0.0,18375.70322259641,0.0,0.0,27365.326635951616,69243.95863967598,8987.683264638863,420714.5378179811
CW10_F,CW10,F,0,W,2023,69243.95863967598,15794.8541891659,32913.401447640215,0.0,20535.703002869846,0.0,0.0,27365.326635951616,69243.95863967598,11716.047141789455,420714.5378179811
CW10_F,CW10,F,0,W,2024,69243.95863967598,16197.894394878314,43403.677715735364,0.0,9642.386529062307,0.0,0.0,27365.326635951616,69243.95863967598,12160.12751569561,420714.5378179811
CW10_F,CW10,F,0,W,2025,69243.95863967598,15759.235077831792,45163.736188133094,0.0,8320.987373711081,0.0,0.0,27365.326635951616,69243.95863967598,12474.506982062845,420714.5378179811
CW10_F,CW10,F,0,W,2026,69243.95863967598,18508.118407036272,16408.498595742618,0.0,34327.341636897065,0.0,0.0,27365.326635951616,69243.95863967598,11343.980254767925,420714.5378179811
CW11_F,CW11,F,0,W,2020,67729.21673209997,34931.245114943566,19877.089803688195,0.0,12920.881813468186,0.0,0.0,34931.245114943566,67729.21673209997,0.0,493008.2396456849
CW11_F,CW11,F,0,W,2021,67729.21673209997,12651.01932067871,10119.73586467668,0.0,44958.46154674457,0.0,0.0,34931.245114943566,67729.21673209997,23070.04361958223,493008.2396456849
CW11_F,CW11,F,0,W,2022,67729.21673209997,3868.1697031357708,30276.35959391875,0.0,33584.68743504543,0.0,0.0,34931.245114943566,67729.21673209997,31161.802615176923,493008.2396456849
CW11_F,CW11,F,0,W,2023,67729.21673209997,4769.490653453154,37656.512687413844,0.0,25303.21339123296,0.0,0.0,34931.245114943566,67729.21673209997,30679.781725894696,493008.2396456849
CW11_F,CW11,F,0,W,2024,67729.21673209997,9510.719746428844,42933.19956892426,0.0,15285.29741674685,0.0,0.0,34931.245114943566,67729.21673209997,27441.916392068295,493008.2396456849
CW11_F,CW11,F,0,W,2025,67729.21673209997,4318.443209090889,53702.20914881093,0.0,9708.564374198166,0.0,0.0,34931.245114943566,67729.21673209997,31032.102043181767,493008.2396456849
CW11_F,CW11,F,0,W,2026,67729.21673209997,14128.05688009823,24291.939837496888,0.0,29309.220014504826,0.0,0.0,34931.245114943566,67729.21673209997,24796.41389531154,493008.2396456849
CW12_F,CW12,F,0,W,2020,71333.32518729425,33511.891700505264,31375.512304089116,0.0,6445.921182699765,0.0,0.0,33511.891700505264,71333.32518729425,0.0,634355.3324036845
CW12_F,CW12,F,0,W,2021,71333.32518729425,28980.505096256027,13463.296927867219,0.0,28889.523163170903,0.0,0.0,33511.891700505264,71333.32518729425,7776.2213022867845,634355.3324036845
CW12_F,CW12,F,0,W,2022,71333.32518729425,24911.394495735916,26473.223747881726,0.0,19948.706943676523,0.0,0.0,33511.891700505264,71333.32518729425,10303.6386280733,634355.3324036845
CW12_F,CW12,F,0,W,2023,71333.32518729425,22526.45468070834,29202.741279661892,0.0,19604.129226923927,0.0,0.0,33511.891700505264,71333.32518729425,12268.89083144244,634355.3324036845
CW12_F,CW12,F,0,W,2024,71333.32518729425,25041.869238281248,30535.36478047091,0.0,15756.091168542,0.0,0.0,33511.891700505264,71333.32518729425,12196.491302430397,634355.3324036845
CW12_F,CW12,F,0,W,2025,71333.32518729425,22639.120043406776,37581.39146297679,0.0,11112.813680910596,0.0,0.0,33511.89170050527,71333.32518729425,13637.134350885131,634355.3324036846
CW12_F,CW12,F,0,W,2026,71333.32518729425,26959.88757153679,25877.375765003886,0.0,18496.061850753485,0.0,0.0,33511.89170050527,71333.32518729425,10923.877968971401,634355.3324036846
CW13_F,CW13,F,0,W,2020,69502.04445064772,52053.647135685984,13532.990956773945,0.0,3915.4063581878063,0.0,0.0,52053.647135685984,69502.04445064772,0.0,696630.6572394883
CW13_F,CW13,F,0,W,2021,69502.04445064772,57395.75982312973,2398.879055217668,0.0,9707.405572300331,0.0,0.0,52053.647135685984,69502.04445064772,2260.660439973719,696630.6572394883
CW13_F,CW13,F,0,W,2022,69502.04445064772,55375.1424801696,4996.760524196252,0.0,9130.141446281881,0.0,0.0,52053.647135685984,69502.04445064772,3595.9947110942767,696630.6572394883
CW13_F,CW13,F,0,W,2023,69502.04445064772,50613.390394293136,8348.454735969095,0.0,10540.199320385502,0.0,0.0,52053.647135685984,69502.04445064772,5268.163713522517,696630.6572394883
CW13_F,CW13,F,0,W,2024,69502.04445064772,52993.29797387221,7020.089395560471,0.0,9488.657081215057,0.0,0.0,52053.647135685984,69502.04445064772,5059.4813216863895,696630.6572394883
CW13_F,CW13,F,0,W,2025,69502.04445064772,46358.053141156386,15897.798206852935,0.0,7246.193102638394,0.0,0.0,52053.647135685984,69502.04445064772,8980.307955783024,696630.6572394883
CW13_F,CW13,F,0,W,2026,69502.04445064772,53843.90186698767,6573.686750045476,0.0,9084.455833614575,0.0,0.0,52053.647135685984,69502.04445064772,8100.280648773791,696630.6572394883
CW14_F,CW14,F,0,W,2020,67791.17212850536,30634.1021496941,33221.143274015536,0.0,3935.9267047956887,0.0,0.0,30634.1021496941,67791.17212850536,0.0,480666.26175094297
CW14_F,CW14,F,0,W,2021,67791.17212850536,23124.248567678413,20195.72589335722,0.0,24471.1976674697,0.0,0.0,30634.1021496941,67791.17212850536,7608.580854049384,480666.26175094297
CW14_F,CW14,F,0,W,2022,67791.17212850536,21766.45855982164,37327.035232543945,0.0,8697.678336139754,0.0,0.0,30634.1021496941,67791.17212850536,8867.643589872472,480666.26175094297
CW14_F,CW14,F,0,W,2023,67791.17212850536,8574.172826430377,51162.78945545876,0.0,8054.209846616257,0.0,0.0,30634.1021496941,67791.17212850536,22257.383920736866,480666.26175094297
CW14_F,CW14,F,0,W,2024,67791.17212850536,8532.745351035923,46112.601889456964,0.0,13145.824888012456,0.0,0.0,30634.1021496941,67791.17212850536,22372.760098715386,480666.26175094297
CW14_F,CW14,F,0,W,2025,67791.17212850536,6656.540247300092,57050.0337623447,0.0,4084.598118860582,0.0,0.0,30634.1021496941,67791.17212850536,23977.56190239401,480666.26175094297
CW14_F,CW14,F,0,W,2026,67791.17212850536,8199.395701509364,49467.779308633224,0.0,10123.997118362724,0.0,0.0,30634.1021496941,67791.17212850536,22619.771720886223,480666.26175094297
CW15_F,CW15,F,0,W,2020,69525.30058363377,23516.45481390859,28080.74726350073,0.0,17928.098506224378,0.0,0.0,23516.45481390859,69525.30058363377,0.0,491682.7727997425
CW15_F,CW15,F,0,W,2021,69525.30058363377,4567.396191107058,10180.135894924988,0.0,54777.76849760168,0.0,0.0,23516.45481390859,69525.30058363377,19507.738988210636,491682.7727997425
CW15_F,CW15,F,0,W,2022,69525.30058363377,775.8804581586053,54330.20239607868,0.0,14419.217729396449,0.0,0.0,23516.45481390859,69525.30058363377,22740.574355749985,491682.7727997425
CW15_F,CW15,F,0,W,2023,69525.30058363377,2245.56208262724,51826.40083803664,0.0,15453.337662969854,0.0,0.0,23516.45481390859,69525.30058363377,21468.347313495702,491682.7727997425
CW15_F,CW15,F,0,W,2024,69525.30058363377,9676.823205895518,42807.374279904834,0.0,17041.103097833373,0.0,0.0,23516.45481390859,69525.30058363377,17605.980274783862,491682.7727997425
CW15_F,CW15,F,0,W,2025,69525.30058363377,98.72732543945312,67887.97650326003,0.0,1538.5967549342736,0.0,0.0,23516.45481390859,69525.30058363377,23417.727488469136,491682.7727997425
CW15_F,CW15,F,0,W,2026,69525.30058363377,2243.626347171559,48996.60426417332,0.0,18285.06997228884,0.0,0.0,23516.45481390859,69525.30058363377,21949.207179619276,491682.7727997425
CW16_F,CW16,F,0,W,2020,69556.2865523394,42185.98228550331,15018.93848978679,0.0,12351.365777049348,0.0,0.0,42185.98228550331,69556.2865523394,0.0,349533.35630636755
CW16_F,CW16,F,0,W,2021,69556.2865523394,36456.314468353856,3990.518779859356,0.0,29109.453304126208,0.0,0.0,42185.982285503305,69556.2865523394,7556.316775871721,349533.3563063676
CW16_F,CW16,F,0,W,2022,69556.2865523394,32680.28498415478,13611.977846033435,0.0,23264.02372215122,0.0,0.0,42185.982285503305,69556.2865523394,9801.87922426111,349533.35630636755
CW16_F,CW16,F,0,W,2023,69556.2865523394,34293.992735888896,8607.08460187725,0.0,26655.20921457328,0.0,0.0,42185.98228550331,69556.2865523394,9234.293734292418,349533.35630636755
CW16_F,CW16,F,0,W,2024,69556.2865523394,35902.667243927586,9343.86176341936,0.0,24309.757544992488,0.0,0.0,42185.98228550331,69556.2865523394,8987.281925605319,349533.35630636755
CW16_F,CW16,F,0,W,2025,69556.2865523394,30687.1547896142,21439.31120602478,0.0,17429.820556700462,0.0,0.0,42185.98228550331,69556.2865523394,11927.420145281623,349533.35630636755
CW16_F,CW16,F,0,W,2026,69556.2865523394,34569.26780281813,8312.451287542608,0.0,26674.567461978684,0.0,0.0,42185.98228550331,69556.2865523394,10024.499351321945,349533.35630636755
CW17_F,CW17,F,0,W,2020,69507.5176887362,69397.94966248151,109.56802625469133,0.0,0.0,0.0,0.0,69397.94966248151,69507.5176887362,0.0,356383.18694410176
CW17_F,CW17,F,0,W,2021,69507.5176887362,69100.21921386712,0.0,0.0,407.29847486907363,0.0,0.0,69397.94966248151,69507.5176887362,407.29847486907363,356383.18694410176
CW17_F,CW17,F,0,W,2022,69507.5176887362,68705.30989685052,296.1819763183594,0.0,506.0258155673158,0.0,0.0,69397.94966248151,69507.5176887362,802.2077918856752,356383.18694410176
CW17_F,CW17,F,0,W,2023,69507.5176887362,69001.49187316888,0.0,0.0,506.0258155673158,0.0,0.0,69397.94966248151,69507.5176887362,506.0258155673158,356383.18694410176
CW17_F,CW17,F,0,W,2024,69507.5176887362,69001.49187316888,0.0,0.0,506.0258155673158,0.0,0.0,69397.94966248151,69507.5176887362,506.0258155673158,356383.18694410176
CW17_F,CW17,F,0,W,2025,69507.5176887362,67400.56035850369,1699.6588553634344,0.0,407.29847486907363,0.0,0.0,69397.94966248151,69507.5176887362,2106.957330232508,356383.18694410176
CW17_F,CW17,F,0,W,2026,69507.5176887362,69100.21921386712,0.0,0.0,407.29847486907363,0.0,0.0,69397.94966248151,69507.5176887362,407.29847486907363,356383.18694410176
CW18_F,CW18,F,0,W,2020,69293.87318222944,46847.906883000396,21900.449079476155,0.0,545.5172197528914,0.0,0.0,46847.906883000396,69293.87318222944,0.0,337025.5611728744
CW18_F,CW18,F,0,W,2021,69293.87318222944,36332.08088980282,6855.553536568436,0.0,26106.238755858183,0.0,0.0,46847.906883000396,69293.87318222944,16013.588717352177,337025.5611728744
CW18_F,CW18,F,0,W,2022,69293.87318222944,26870.50866777009,27857.003233995627,0.0,14566.361280463723,0.0,0.0,46847.906883000396,69293.87318222944,23255.53629955217,337025.5611728744
CW18_F,CW18,F,0,W,2023,69293.87318222944,48760.1178248686,3655.624338636212,0.0,16878.13101872463,0.0,0.0,46847.906883000396,69293.87318222944,12484.180464351879,337025.5611728744
CW18_F,CW18,F,0,W,2024,69293.87318222944,41574.69747499953,11127.547847343892,0.0,16591.627859886023,0.0,0.0,46847.906883000396,69293.87318222944,17277.687699231916,337025.5611728744
CW18_F,CW18,F,0,W,2025,69293.87318222944,15113.811184512868,51498.93460124894,0.0,2681.12739646762,0.0,0.0,46847.906883000396,69293.87318222944,32969.930908203125,337025.5611728744
CW18_F,CW18,F,0,W,2026,69293.87318222944,61428.58832092287,2460.829160084444,0.0,5404.455701222139,0.0,0.0,46847.906883000396,69293.87318222944,4699.425772304161,337025.5611728744
CW19_F,CW19,F,0,W,2020,69513.49511320824,62382.65749643363,6735.927246901568,0.0,394.9103698730469,0.0,0.0,62382.65749643363,69513.49511320824,0.0,396681.54202117916
CW19_F,CW19,F,0,W,2021,69513.49511320824,61516.177600067735,1303.9773022221584,0.0,6693.340210918352,0.0,0.0,62382.65749643363,69513.49511320824,5062.980722674201,396681.54202117916
CW19_F,CW19,F,0,W,2022,69513.49511320824,50494.31004309561,12987.899062781238,0.0,6031.2860073314005,0.0,0.0,62382.65749643363,69513.49511320824,14374.731726343496,396681.54202117916
CW19_F,CW19,F,0,W,2023,69513.49511320824,61220.3796491735,2459.284321205289,0.0,5833.831142829447,0.0,0.0,62382.65749643363,69513.49511320824,5719.229632807714,396681.54202117916
CW19_F,CW19,F,0,W,2024,69513.49511320824,60825.084444233005,3393.9026619406304,0.0,5294.508007034602,0.0,0.0,62382.65749643363,69513.49511320824,5594.174068944594,396681.54202117916
CW19_F,CW19,F,0,W,2025,69513.49511320824,45095.27066572602,21018.89783723121,0.0,3399.326610251035,0.0,0.0,62382.65749643363,69513.49511320824,17765.53776861453,396681.54202117916
CW19_F,CW19,F,0,W,2026,69513.49511320824,66015.44089523015,197.4552001953125,0.0,3300.5990177827734,0.0,0.0,62382.65749643363,69513.49511320824,2662.9349275476793,396681.54202117916
CW20_F,CW20,F,0,W,2020,69547.66421852859,43948.16146703983,24190.98805117139,0.0,1408.514700317383,0.0,0.0,43948.16146703983,69547.66421852859,0.0,330110.1851408116
CW20_F,CW20,F,0,W,2021,69547.66421852859,39442.30752674177,11205.782857468545,0.0,18899.573834318275,0.0,0.0,43948.16146703983,69547.66421852859,6390.198081192315,330110.1851408116
CW20_F,CW20,F,0,W,2022,69547.66421852859,31675.338007309867,23736.458950207274,0.0,14135.86726101146,0.0,0.0,43948.16146703983,69547.66421852859,13474.591104036219,330110.1851408116
CW20_F,CW20,F,0,W,2023,69547.66421852859,42459.11582414216,12385.480697183046,0.0,14703.067697203393,0.0,0.0,43948.16146703982,69547.66421852859,6588.815110748889,330110.1851408116
CW20_F,CW20,F,0,W,2024,69547.66421852859,41648.773470770146,12429.619689552454,0.0,15469.271058205997,0.0,0.0,43948.16146703983,69547.66421852859,7053.416147568647,330110.1851408116
CW20_F,CW20,F,0,W,2025,69547.66421852859,33880.25754574047,26882.57965186624,0.0,8784.827020921895,0.0,0.0,43948.16146703983,69547.66421852859,11762.922868018057,330110.1851408116
CW20_F,CW20,F,0,W,2026,69547.66421852859,46873.597240283445,11862.031383230169,0.0,10812.035595014986,0.0,0.0,43948.16146703983,69547.66421852859,6301.923978409112,330110.1851408116
CW21_F,CW21,F,0,W,2020,69066.49298188454,60266.167115933305,5786.611486577055,0.0,3013.7143793741857,0.0,0.0,60266.167115933305,69066.49298188454,0.0,325525.3365300199
CW21_F,CW21,F,0,W,2021,69066.49298188454,53285.9171912399,4591.036362891103,0.0,11189.539427753523,0.0,0.0,60266.167115933305,69066.49298188454,7605.138769710764,325525.3365300199
CW21_F,CW21,F,0,W,2022,69066.49298188454,48634.09595271093,11143.077748526779,0.0,9289.31928064683,0.0,0.0,60266.167115933305,69066.49298188454,11928.254550978716,325525.3365300199
CW21_F,CW21,F,0,W,2023,69066.49298188454,57411.57818441953,2735.7281617706894,0.0,8919.18663569432,0.0,0.0,60266.1671159333,69066.49298188454,6362.330074145748,325525.3365300199
CW21_F,CW21,F,0,W,2024,69066.49298188454,58251.73221977085,1939.3239782894364,0.0,8875.436783824247,0.0,0.0,60266.167115933305,69066.49298188454,5967.418865039303,325525.3365300199
CW21_F,CW21,F,0,W,2025,69066.49298188454,54991.779338432774,5038.602335522221,0.0,9036.111307929545,0.0,0.0,60266.167115933305,69066.49298188454,7790.979215345196,325525.3365300199
CW21_F,CW21,F,0,W,2026,69066.49298188454,55510.58411210005,3018.747647752948,0.0,10537.161222031536,0.0,0.0,60266.167115933305,69066.49298188454,6569.077648357316,325525.3365300199
CW22_F,CW22,F,0,W,2020,69326.70457614072,64597.05986938474,2841.42626211129,0.0,1888.2184446447036,0.0,0.0,64597.05986938474,69326.70457614072,0.0,343505.9876446889
CW22_F,CW22,F,0,W,2021,69326.70457614072,56968.687885628504,2761.669862874349,0.0,9596.346827637917,0.0,0.0,64597.05986938474,69326.70457614072,7715.484787495934,343505.9876446889
CW22_F,CW22,F,0,W,2022,69326.70457614072,56905.96664255181,3671.901654980229,0.0,8748.836278608736,0.0,0.0,64597.05986938474,69326.70457614072,7789.821093959436,343505.9876446889
CW22_F,CW22,F,0,W,2023,69326.70457614072,58365.59030971154,1805.3646195953968,0.0,9155.749646833834,0.0,0.0,64597.05986938474,69326.70457614072,7268.69289194743,343505.9876446889
CW22_F,CW22,F,0,W,2024,69326.70457614072,59553.80912230249,802.2121427648208,0.0,8970.683311073455,0.0,0.0,64597.05986938474,69326.70457614072,6762.664137836533,343505.9876446889
CW22_F,CW22,F,0,W,2025,69326.70457614072,58439.92660307043,1689.6013563268325,0.0,9197.176616743502,0.0,0.0,64597.05986938474,69326.70457614072,6861.3920431099705,343505.9876446889
CW22_F,CW22,F,0,W,2026,69326.70457614072,58538.654584637814,1669.4685313804478,0.0,9118.581460122505,0.0,0.0,64597.05986938474,69326.70457614072,7058.847685810166,343505.9876446889
CW23_F,CW23,F,0,W,2020,69571.42863443412,69373.97286966362,0.0,0.0,197.4557647705078,0.0,0.0,69373.97286966362,69571.42863443412,0.0,488090.6758149991
CW23_F,CW23,F,0,W,2021,69571.42863443412,68579.11658899645,493.639404296875,0.0,498.6726411408069,0.0,0.0,69373.97286966362,69571.42863443412,794.8562806671741,488090.6758149991
CW23_F,CW23,F,0,W,2022,69571.42863443412,68862.91089205275,0.0,0.0,708.5177423813764,0.0,0.0,69373.97286966362,69571.42863443412,511.06197761086855,488090.6758149991
CW23_F,CW23,F,0,W,2023,69571.42863443412,68862.91089205274,0.0,0.0,708.5177423813764,0.0,0.0,69373.97286966362,69571.42863443412,511.06197761086855,488090.6758149991
CW23_F,CW23,F,0,W,2024,69571.42863443412,68862.91089205275,0.0,0.0,708.5177423813764,0.0,0.0,69373.97286966362,69571.42863443412,511.06197761086855,488090.6758149991
CW23_F,CW23,F,0,W,2025,69571.42863443412,68862.91089205275,0.0,0.0,708.5177423813764,0.0,0.0,69373.97286966362,69571.42863443412,511.06197761086855,488090.6758149991
CW23_F,CW23,F,0,W,2026,69571.42863443412,68862.91089205275,0.0,0.0,708.5177423813764,0.0,0.0,69373.97286966362,69571.42863443412,511.06197761086855,488090.6758149991
CW24_F,CW24,F,0,W,2020,71332.69150755643,49245.88790106681,21988.07562492221,0.0,98.72798156738281,0.0,0.0,49245.88790106681,71332.69150755643,0.0,510785.94046690717
CW24_F,CW24,F,0,W,2021,71332.69150755643,48073.15361729043,20377.842213679294,0.0,2881.695676586675,0.0,0.0,49245.88790106681,71332.69150755643,3406.6961938596246,510785.94046690717
CW24_F,CW24,F,0,W,2022,71332.69150755643,49842.90132775401,18931.767378444296,0.0,2558.0228013580927,0.0,0.0,49245.88790106681,71332.69150755643,2722.569304612104,510785.94046690717
CW24_F,CW24,F,0,W,2023,71332.69150755643,55287.65190660066,13363.897231636796,0.0,2681.142369318944,0.0,0.0,49245.88790106681,71332.69150755643,2413.221625623517,510785.94046690717
CW24_F,CW24,F,0,W,2024,71332.69150755643,56591.63522147386,11722.690052496218,0.0,3018.366233586331,0.0,0.0,49245.88790106681,71332.69150755643,2413.221610364728,510785.94046690717
CW24_F,CW24,F,0,W,2025,71332.69150755643,53538.81134963691,14754.607009408988,0.0,3039.2731485105037,0.0,0.0,49245.88790106681,71332.69150755643,2866.208833043716,510785.94046690717
CW24_F,CW24,F,0,W,2026,71332.69150755643,57789.5348371618,9973.46273016836,0.0,3569.693940226238,0.0,0.0,49245.88790106681,71332.69150755643,2549.1178161621096,510785.94046690717
CW25_F,CW25,F,0,W,2026,69281.50668903424,63559.155895337855,2554.5372949039233,0.0,3167.813498792462,0.0,0.0,61004.227858719154,69281.50668903424,3340.877235412599,434622.4036095712
CW25_F,CW25,F,0,W,2020,69281.50668903426,61004.227858719154,8251.33854513729,0.0,25.940285177791818,0.0,0.0,61004.227858719154,69281.50668903426,0.0,434622.40360957116
CW25_F,CW25,F,0,W,2021,69281.50668903426,60548.14236136044,4268.923643882602,0.0,4452.051293855556,12.389389935661764,0.0,61004.227858719154,69281.50668903426,3312.6144977046,434622.40360957116
CW25_F,CW25,F,0,W,2022,69281.50668903426,55066.99702396767,10922.802575145046,0.0,3291.7070899215405,0.0,0.0,61004.227858719154,69281.50668903426,7191.2699852438545,434622.40360957116
CW25_F,CW25,F,0,W,2023,69281.50668903426,60405.277738832956,5778.8805200315,0.0,3001.3306581684196,96.01777200137869,0.0,61004.227858719154,69281.50668903426,3500.7781670663885,434622.40360957116
CW25_F,CW25,F,0,W,2024,69281.50668903426,63381.0559491625,3111.6755536846085,0.0,2788.7751861871457,0.0,0.0,61004.227858719154,69281.50668903426,2684.239793904623,434622.40360957116
CW25_F,CW25,F,0,W,2025,69281.50668903426,60096.31815589456,6140.8818653480685,0.0,3044.3066677916286,0.0,0.0,61004.227858719154,69281.50668903426,2909.958942188937,434622.40360957116
CW26_F,CW26,F,0,W,2020,67354.6000767128,30962.27877346861,36293.593253012266,0.0,98.7280502319336,0.0,0.0,30962.27877346861,67354.6000767128,0.0,531990.4975023457
CW26_F,CW26,F,0,W,2021,67354.6000767128,32526.053605173147,29645.904459814927,0.0,5182.642011724734,0.0,0.0,30962.27877346861,67354.6000767128,2643.588841636508,531990.4975023457
CW26_F,CW26,F,0,W,2022,67354.6000767128,29964.54515416762,33576.82887402705,0.0,3813.2260485181623,0.0,0.0,30962.27877346861,67354.6000767128,4270.084926979214,531990.4975023457
CW26_F,CW26,F,0,W,2023,67354.6000767128,33006.91794086531,30721.458963192203,0.0,3626.2231726552927,0.0,0.0,30962.27877346861,67354.6000767128,3324.618691238702,531990.4975023457
CW26_F,CW26,F,0,W,2024,67354.6000767128,43749.303407826155,20472.713823684993,0.0,3132.5828452016794,0.0,0.0,30962.27877346861,67354.6000767128,1866.5406231450097,531990.4975023457
CW26_F,CW26,F,0,W,2025,67354.6000767128,39093.21197246477,24285.938731922823,0.0,3975.4493723252235,0.0,0.0,30962.27877346861,67354.6000767128,1937.3924037559357,531990.4975023457
CW26_F,CW26,F,0,W,2026,67354.6000767128,61735.61860507142,1256.750394035788,0.0,4362.231077605602,0.0,0.0,30962.27877346861,67354.6000767128,1332.6347543155446,531990.4975023457
CW27_F,CW27,F,0,W,2020,70763.6526759727,40391.40681248085,29273.847275258966,0.0,1098.3985882329007,0.0,0.0,40391.40681248085,70763.6526759727,0.0,546308.6314247278
CW27_F,CW27,F,0,W,2021,70763.6526759727,42196.00067156622,24630.916990093156,0.0,3936.7350143133417,0.0,0.0,40391.40681248085,70763.6526759727,2937.0644978242763,546308.6314247278
CW27_F,CW27,F,0,W,2022,70763.6526759727,41943.953693225325,24697.50987076105,0.0,4122.189111986347,0.0,0.0,40391.40681248085,70763.6526759727,3162.78419009938,546308.6314247278
CW27_F,CW27,F,0,W,2023,70763.6526759727,37941.40016237146,22139.48444704542,0.0,10682.768066555844,0.0,0.0,40391.40681248085,70763.6526759727,5043.651401534735,546308.6314247278
CW27_F,CW27,F,0,W,2024,70763.6526759727,43505.79307107363,17908.11457932416,0.0,9349.745025574925,0.0,0.0,40391.40681248085,70763.6526759727,4302.609815440458,546308.6314247278
CW27_F,CW27,F,0,W,2025,70763.6526759727,42741.521237033005,19029.74310087316,0.0,8992.38833806655,0.0,0.0,40391.40681248085,70763.6526759727,4709.911909574621,546308.6314247278
CW27_F,CW27,F,0,W,2026,70763.6526759727,46070.40040181477,16108.16592093075,0.0,8585.086353227203,0.0,0.0,40391.40681248085,70763.6526759727,4179.490194043926,546308.6314247278
CW28_F,CW28,F,0,W,2020,67559.8272873822,66844.33874888696,419.3041665469899,0.0,296.1843719482422,0.0,0.0,66844.33874888696,67559.8272873822,0.0,573654.7392669077
CW28_F,CW28,F,0,W,2021,67559.8272873822,66449.42632670679,419.3041131412282,0.0,691.0968475341797,0.0,0.0,66844.33874888696,67559.8272873822,592.3686752319336,573654.7392669077
CW28_F,CW28,F,0,W,2022,67559.8272873822,65553.13010271854,624.50358877743,0.0,1382.1935958862305,0.0,0.0,66844.33874888696,67559.8272873822,1550.2248041489545,573654.7392669077
CW28_F,CW28,F,0,W,2023,67559.8272873822,65808.2745576746,270.6310530718635,0.0,1480.9216766357422,0.0,0.0,66844.33874888696,67559.8272873822,1492.5365869858686,573654.7392669077
CW28_F,CW28,F,0,W,2024,67559.8272873822,66078.90561074646,98.72808074951172,0.0,1382.1935958862305,0.0,0.0,66844.33874888696,67559.8272873822,1283.4654388427734,573654.7392669077
CW28_F,CW28,F,0,W,2025,67559.8272873822,40638.80682088812,25341.37066333246,0.0,1579.649803161621,0.0,0.0,66844.33874888696,67559.8272873822,26723.56422870111,573654.7392669077
CW28_F,CW28,F,0,W,2026,67559.8272873822,21055.799249387255,45236.04958579864,0.0,1267.9784521963081,0.0,0.0,66844.33874888696,67559.8272873822,45985.99573729269,573654.7392669077
CW29_F,CW29,F,0,W,2020,71299.86798284188,18725.42590861602,0.0,0.0,13992.285921433395,38582.15615279252,0.0,18725.42590861602,32717.71183004941,0.0,635782.872327857
CW29_F,CW29,F,0,W,2021,71299.86798284188,17466.73974573473,0.0,0.0,45000.25588304103,8832.872354066138,0.0,18725.42590861602,32717.71183004941,1258.6861628812903,635782.872327857
CW29_F,CW29,F,0,W,2022,71299.86798284188,17466.73974573473,0.0,0.0,41771.26805327169,12061.860183835495,0.0,18725.42590861602,32717.71183004941,1258.6861628812903,635782.872327857
CW29_F,CW29,F,0,W,2023,71299.86798284188,17145.776797934148,0.0,0.0,45876.80608239262,8277.285102515127,0.0,18725.42590861602,32717.71183004941,1579.6491106818705,635782.872327857
CW29_F,CW29,F,0,W,2024,71299.86798284188,17145.776797934148,0.0,0.0,15595.16508259493,38558.92610231287,0.0,18725.42590861602,32717.71183004941,1579.6491106818705,635782.872327857
CW29_F,CW29,F,0,W,2025,71299.86798284188,2343.9205867094142,14801.85621122473,0.0,21740.696080735157,32413.395104172647,0.0,18725.42590861602,32717.71183004941,16381.505321906601,635782.872327857
CW29_F,CW29,F,0,W,2026,71299.86798284188,3294.420101120891,13332.93766380759,0.0,11388.187129480699,43284.323088432735,0.0,18725.42590861602,32717.71183004941,15431.005807495121,635782.872327857
CW30_F,CW30,F,0,W,2020,67758.42249507524,0.0,0.0,0.0,9051.620933652393,58706.80156142285,0.0,0.0,9051.620933652393,0.0,576338.409862563
CW30_F,CW30,F,0,W,2021,67758.42249507524,0.0,0.0,0.0,57922.399092730295,9836.023402344945,0.0,0.0,9051.620933652393,0.0,576338.4098625631
CW30_F,CW30,F,0,W,2022,67758.42249507524,0.0,0.0,0.0,54516.088046144905,13242.334448930327,0.0,0.0,9051.620933652393,0.0,576338.409862563
CW30_F,CW30,F,0,W,2023,67758.42249507524,0.0,0.0,0.0,59658.464566039984,8099.957929035259,0.0,0.0,9051.620933652393,0.0,576338.4098625631
CW30_F,CW30,F,0,W,2024,67758.42249507524,0.0,0.0,0.0,27724.775604906274,40033.64689016905,0.0,0.0,9051.620933652393,0.0,576338.409862563
CW30_F,CW30,F,0,W,2025,67758.42249507524,0.0,0.0,0.0,30797.736556677733,36960.68593839759,0.0,0.0,9051.620933652393,0.0,576338.409862563
CW30_F,CW30,F,0,W,2026,67758.42249507524,0.0,0.0,0.0,20458.777280949605,47299.64521412571,0.0,0.0,9051.620933652393,0.0,576338.409862563
CW31_F,CW31,F,0,W,2020,69538.22571683393,6751.44904321409,605.5320805568322,0.0,21671.000961961938,40510.24363110114,0.0,6751.44904321409,29027.982085732834,0.0,536747.9849600996
CW31_F,CW31,F,0,W,2021,69538.22571683393,7294.646930709542,0.0,0.0,53312.75640040383,8930.822385720647,0.0,6751.44904321409,29027.982085732834,0.0,536747.9849600996
CW31_F,CW31,F,0,W,2022,69538.22571683393,7294.646930709542,118.86085890227673,0.0,51525.58555064485,10599.132376577341,0.0,6751.44904321409,29027.982085732834,0.0,536747.9849600996
CW31_F,CW31,F,0,W,2023,69538.22571683393,7195.918895736398,63.495708450616576,0.0,45565.12320374135,16713.68790890562,0.0,6751.44904321409,29027.982085732834,98.72803497314453,536747.9849600996
CW31_F,CW31,F,0,W,2024,69538.22571683393,6702.278583541573,63.495708450616576,0.0,46411.862003670496,16360.589421171306,0.0,6751.44904321409,29027.982085732834,296.1841506958008,536747.9849600996
CW31_F,CW31,F,0,W,2025,69538.22571683393,6702.278583541573,224.945108720368,0.0,41698.85738028733,20912.14464428471,0.0,6751.44904321409,29027.982085732834,296.1841506958008,536747.9849600996
CW31_F,CW31,F,0,W,2026,69538.22571683393,6702.278583541573,80.91823664646522,0.0,38497.3573057287,24257.67159091725,0.0,6751.44904321409,29027.982085732834,296.1841506958008,536747.9849600996
CW32_F,CW32,F,0,W,2020,71318.80271744072,7204.43548631855,63381.456817926155,0.0,732.9104131960402,0.0,0.0,7204.43548631855,71318.80271744072,0.0,625669.7058874985
CW32_F,CW32,F,0,W,2021,71318.80271744072,10177.504271084654,58108.218155086746,0.0,3033.08029126934,0.0,0.0,7204.43548631855,71318.80271744072,111.11745644363702,625669.7058874985
CW32_F,CW32,F,0,W,2024,71318.80271744072,26737.8734878241,39553.155296355624,0.0,5027.773933261049,0.0,0.0,7204.43548631855,71318.80271744072,394.9121856689453,625669.7058874985
CW32_F,CW32,F,0,W,2026,71318.80271744072,37626.218918205734,30140.69712697946,0.0,3551.8866722555717,0.0,0.0,7204.43548631855,71318.80271744072,394.9121856689453,625669.7058874985
CW32_F,CW32,F,0,W,2022,71318.80271744073,9721.806078293743,57477.133554496024,0.0,4119.863084650975,0.0,0.0,7204.43548631855,71318.80271744073,715.8751267975451,625669.7058874986
CW32_F,CW32,F,0,W,2023,71318.80271744073,9115.887268216002,56928.515261631386,0.0,5274.400187593347,0.0,0.0,7204.43548631855,71318.80271744073,777.8221273384843,625669.7058874986
CW32_F,CW32,F,0,W,2025,71318.80271744073,23115.521560908317,45061.40634663902,0.0,3141.8748098934398,0.0,0.0,7204.43548631855,71318.80271744073,407.30159188064874,625669.7058874986
CW33_F,CW33,F,0,W,2023,69544.0097453996,666.3173904418945,24458.220445640436,0.0,43679.20523909021,740.2666702270508,0.0,708.1317596435547,62089.85259154077,609.4037780761719,738833.9706435264
CW33_F,CW33,F,0,W,2024,69544.0097453996,7221.857475280762,18038.576608665324,0.0,43839.49311499497,444.0825464585248,0.0,708.1317596435547,62089.85259154077,584.6249694824219,738833.9706435264
CW33_F,CW33,F,0,W,2025,69544.0097453996,740.6534576416016,25599.59395207426,0.0,35641.19900114763,7562.5633345360875,0.0,708.1317596435547,62089.85259154077,559.8461608886719,738833.9706435264
CW33_F,CW33,F,0,W,2020,69544.00974539961,708.1317596435547,24612.31370646161,0.0,36769.407125435595,7454.157153858861,0.0,708.1317596435547,62089.85259154077,0.0,738833.9706435264
CW33_F,CW33,F,0,W,2021,69544.00974539961,111.50462386187385,23315.685393958018,0.0,46116.81972757969,0.0,0.0,708.1317596435547,62089.85259154077,708.1317596435547,738833.9706435264
CW33_F,CW33,F,0,W,2022,69544.00974539961,296.18412017822266,24636.317979371335,0.0,44611.507645850026,0.0,0.0,708.1317596435547,62089.85259154077,708.1317596435547,738833.9706435264
CW33_F,CW33,F,0,W,2026,69544.00974539961,13151.345657019523,12559.365618986247,0.0,36046.95104785992,7786.347421533924,0.0,708.1317596435547,62089.85259154077,510.6757125854492,738833.9706435264
CW34_F,CW34,F,0,W,2020,69530.05741355754,9712.512742315555,0.0,0.0,54896.2461335725,4921.298537669463,0.0,9712.512742315555,64608.75887588806,0.0,870974.8580465881
CW34_F,CW34,F,0,W,2021,69530.05741355754,6113.393240775315,0.0,0.0,62140.5570866305,1276.1070861517214,0.0,9712.512742315555,64608.75887588806,3599.11950154024,870974.8580465881
CW34_F,CW34,F,0,W,2022,69530.05741355754,6113.393240775315,94.4691785625383,0.0,59725.01312333654,3597.1818708831206,0.0,9712.512742315555,64608.75887588806,3599.11950154024,870974.8580465881
CW34_F,CW34,F,0,W,2023,69530.05741355754,6207.862419337853,0.0,0.0,60786.62902311444,2535.5659711052385,0.0,9712.512742315555,64608.75887588806,3504.6503229777018,870974.8580465881
CW34_F,CW34,F,0,W,2024,69530.05741355754,6207.862419337853,0.0,0.0,55968.70385311358,7353.491141106102,0.0,9712.512742315555,64608.75887588806,3504.6503229777018,870974.8580465881
CW34_F,CW34,F,0,W,2025,69530.05741355754,6207.862419337853,98.72803497314453,0.0,52051.33303695383,11172.133922292673,0.0,9712.512742315555,64608.75887588806,3504.6503229777018,870974.8580465881
CW34_F,CW34,F,0,W,2026,69530.05741355754,6306.590454310997,0.0,0.0,53987.56221783213,9235.90474141439,0.0,9712.512742315555,64608.75887588806,3405.9222880045572,870974.8580465881
CW35_F,CW35,F,0,W,2020,69568.35134349152,12274.403393823959,0.0,0.0,33640.28977203369,23653.658177633843,0.0,12274.403393823959,45914.69316585765,0.0,590712.9355263801
CW35_F,CW35,F,0,W,2021,69568.35134349152,8173.9019985423365,98.72798156738281,0.0,54656.94807849959,6638.773284882192,0.0,12274.403393823959,45914.69316585765,4100.501395281623,590712.9355263801
CW35_F,CW35,F,0,W,2022,69568.35134349152,7428.9897816377525,92.92046760110294,0.0,44486.812076553644,17559.629017698997,0.0,12274.403393823959,45914.69316585765,4845.4136121862075,590712.9355263801
CW35_F,CW35,F,0,W,2023,69568.35134349152,7225.726335054285,98.72796630859375,0.0,39952.683467820105,22291.213574308505,0.0,12274.403393823959,45914.69316585765,5048.677058769676,590712.9355263801
CW35_F,CW35,F,0,W,2024,69568.35134349152,7225.726335054285,98.72796630859375,0.0,31043.164811826216,31200.73223030241,0.0,12274.403393823959,45914.69316585765,5048.677058769676,590712.9355263801
CW35_F,CW35,F,0,W,2025,69568.35134349152,7231.533833761776,376.7149708467371,0.0,30960.698829441444,30999.403709441543,0.0,12274.403393823959,45914.69316585765,5042.869560062184,590712.9355263801
CW35_F,CW35,F,0,W,2026,69568.35134349152,7361.622496002795,0.0,0.0,31361.417693553252,30845.311153935458,0.0,12274.403393823959,45914.69316585765,4912.780897821165,590712.9355263801
CW36_F,CW36,F,0,W,2020,69311.23173175885,4832.246563630946,27631.029597413304,0.0,35480.09068265431,1367.8648880603268,0.0,4832.246563630946,67943.36684369853,0.0,629351.1552806179
CW36_F,CW36,F,0,W,2021,69311.23173175885,4149.668973885331,24229.369766833734,0.0,40932.1929910398,0.0,0.0,4832.246563630946,67943.36684369853,880.0334384394627,629351.1552806179
CW36_F,CW36,F,0,W,2022,69311.23173175885,3081.858653857661,28021.295210924334,0.0,38078.763749425554,129.3141175513174,0.0,4832.246563630946,67943.36684369853,1750.3879097732843,629351.1552806179
CW36_F,CW36,F,0,W,2023,69311.23173175885,3328.4848290237724,26661.17364280551,0.0,36835.95306546081,2485.6201944687787,0.0,4832.246563630946,67943.36684369853,1602.4896169924268,629351.1552806179
CW36_F,CW36,F,0,W,2024,69311.23173175885,11119.08325925341,16208.794235349169,0.0,40019.249714271704,1964.1045228845935,0.0,4832.246563630946,67943.36684369853,1529.3147939943801,629351.1552806179
CW36_F,CW36,F,0,W,2025,69311.23173175885,3378.042125268076,28988.82939297545,0.0,32496.95885566263,4447.401357852711,0.0,4832.246563630946,67943.36684369853,2120.9077323763977,629351.1552806179
CW36_F,CW36,F,0,W,2026,69311.23173175885,22536.284420746448,8865.764239083084,0.0,31017.975767457254,6891.207304472082,0.0,4832.246563630946,67943.36684369853,1922.2903556674135,629351.1552806179
CW37_F,CW37,F,0,W,2020,67592.9413030587,0.0,0.0,0.0,67000.57428340538,592.3670196533203,0.0,0.0,67000.57428340538,0.0,722106.5440582874
CW37_F,CW37,F,0,W,2021,67592.9413030587,0.0,0.0,0.0,67592.9413030587,0.0,0.0,0.0,67000.57428340538,0.0,722106.5440582874
CW37_F,CW37,F,0,W,2022,67592.9413030587,0.0,2671.845430321787,0.0,64921.0958727369,0.0,0.0,0.0,67000.57428340538,0.0,722106.5440582874
CW37_F,CW37,F,0,W,2023,67592.9413030587,0.0,0.0,0.0,67592.9413030587,0.0,0.0,0.0,67000.57428340538,0.0,722106.5440582874
CW37_F,CW37,F,0,W,2024,67592.9413030587,0.0,4721.901322099273,0.0,62871.039980959424,0.0,0.0,0.0,67000.57428340538,0.0,722106.5440582874
CW37_F,CW37,F,0,W,2025,67592.9413030587,0.0,4391.647375727635,0.0,63102.56612886916,98.72779846191406,0.0,0.0,67000.57428340538,0.0,722106.5440582874
CW37_F,CW37,F,0,W,2026,67592.9413030587,0.0,10652.929505770815,0.0,56940.01179728788,0.0,0.0,0.0,67000.57428340538,0.0,722106.5440582874
CW38_F,CW38,F,0,W,2020,71041.40579980589,0.0,4243.744313528024,0.0,66797.66148627787,0.0,0.0,0.0,71041.40579980589,0.0,833648.0020996095
CW38_F,CW38,F,0,W,2021,71041.40579980589,0.0,3560.0063820034848,0.0,67419.8397840313,61.55963377111098,0.0,0.0,71041.40579980589,0.0,833648.0020996095
CW38_F,CW38,F,0,W,2022,71041.40579980589,0.0,8398.44212703331,0.0,62642.96367277259,0.0,0.0,0.0,71041.40579980589,0.0,833648.0020996095
CW38_F,CW38,F,0,W,2023,71041.40579980589,0.0,4092.7488844628424,0.0,65115.80559824027,1832.851317102769,0.0,0.0,71041.40579980589,0.0,833648.0020996095
CW38_F,CW38,F,0,W,2024,71041.40579980589,122.73215029847388,11006.401936729282,0.0,59912.27171277813,0.0,0.0,0.0,71041.40579980589,0.0,833648.0020996095
CW38_F,CW38,F,0,W,2025,71041.40579980589,0.0,5694.0742221009505,0.0,64853.69281427719,493.6387634277344,0.0,0.0,71041.40579980589,0.0,833648.0020996095
CW38_F,CW38,F,0,W,2026,71041.40579980589,0.0,6372.00503282734,0.0,64669.400766978535,0.0,0.0,0.0,71041.40579980589,0.0,833648.0020996095
CW39_F,CW39,F,0,W,2025,69080.74859517415,12465.630789005056,44408.11293460619,0.0,12207.004871562884,0.0,0.0,16770.93430522844,69080.74859517415,8415.473922220866,854944.4526242722
CW39_F,CW39,F,0,W,2020,69080.74859517417,16770.93430522844,35312.772048262035,0.0,16997.042241683663,0.0,0.0,16770.93430522844,69080.74859517417,0.0,854944.4526242722
CW39_F,CW39,F,0,W,2021,69080.74859517417,9589.75039759617,32507.356322015483,0.0,26983.641875562476,0.0,0.0,16770.93430522844,69080.74859517417,7181.183907632267,854944.4526242722
CW39_F,CW39,F,0,W,2022,69080.74859517417,9274.59575805664,37121.61950112136,0.0,22684.533335996137,0.0,0.0,16770.93430522844,69080.74859517417,8007.786708786909,854944.4526242722
CW39_F,CW39,F,0,W,2023,69080.74859517417,10393.89730122884,41792.79529984416,0.0,16894.05599410113,0.0,0.0,16770.93430522844,69080.74859517417,7832.786801895441,854944.4526242722
CW39_F,CW39,F,0,W,2024,69080.74859517417,25285.13493652343,23573.07883926093,0.0,20222.534819389795,0.0,0.0,16770.93430522844,69080.74859517417,4730.41328127992,854944.4526242722
CW39_F,CW39,F,0,W,2026,69080.74859517417,28962.83873419668,20824.577402421543,0.0,19293.332458555935,0.0,0.0,16770.93430522844,69080.74859517417,4498.11273947323,854944.4526242722
CW40_F,CW40,F,0,W,2020,69070.25555279302,21832.751788659192,38536.69192534804,0.0,8700.811838785807,0.0,0.0,21832.751788659192,69070.25555279302,0.0,759842.9127570657
CW40_F,CW40,F,0,W,2021,69070.25555279302,9412.424723845837,31614.91509662704,0.0,28042.915732320154,0.0,0.0,21832.751788659192,69070.25555279302,12420.327064813351,759842.9127570656
CW40_F,CW40,F,0,W,2022,69070.25555279302,12279.010686388205,34669.66533630971,0.0,22121.579530095118,0.0,0.0,21832.751788659192,69070.25555279302,11396.269786191453,759842.9127570656
CW40_F,CW40,F,0,W,2023,69070.25555279302,14042.943926373653,38026.407687557454,0.0,17000.90393886192,0.0,0.0,21832.751788659192,69070.25555279302,10773.705141434015,759842.9127570656
CW40_F,CW40,F,0,W,2024,69070.25555279302,32102.360614492376,19690.16643871233,0.0,17277.72849958831,0.0,0.0,21832.751788659192,69070.25555279302,8737.592000624712,759842.9127570657
CW40_F,CW40,F,0,W,2025,69070.25555279302,16139.842064711629,42689.837694175585,0.0,10240.575793905819,0.0,0.0,21832.751788659192,69070.25555279302,12897.704616232479,759842.9127570656
CW40_F,CW40,F,0,W,2026,69070.25555279302,37658.215279074284,17508.086836272596,0.0,13903.953437446145,0.0,0.0,21832.751788659192,69070.25555279302,7393.734126341576,759842.9127570656
CW41_F,CW41,F,0,W,2020,69094.607478901,19270.079400275732,44756.123262502624,0.0,5068.4048161226165,0.0,0.0,19270.079400275732,69094.607478901,0.0,859844.6181056603
CW41_F,CW41,F,0,W,2021,69094.607478901,8809.597905476889,43187.322936084216,0.0,17097.686637339873,0.0,0.0,19270.079400275732,69094.607478901,11102.017090801164,859844.6181056603
CW41_F,CW41,F,0,W,2022,69094.607478901,11416.393934362075,46717.899840321246,0.0,10960.31370421765,0.0,0.0,19270.079400275732,69094.607478901,10374.530000005983,859844.6181056603
CW41_F,CW41,F,0,W,2023,69094.607478901,15520.751737916231,42188.81936148848,0.0,11385.036379496256,0.0,0.0,19270.079400275732,69094.607478901,8357.389374886307,859844.6181056603
CW41_F,CW41,F,0,W,2024,69094.607478901,27898.094709478642,30003.898449108638,0.0,11192.614320313696,0.0,0.0,19270.079400275732,69094.607478901,6722.3830357869465,859844.6181056603
CW41_F,CW41,F,0,W,2025,69094.607478901,11606.880906826842,48800.08339305204,0.0,8687.643179022098,0.0,0.0,19270.079400275732,69094.607478901,11411.750218619552,859844.6181056603
CW41_F,CW41,F,0,W,2026,69094.607478901,30631.106922882682,28510.59535791733,0.0,9952.905198100969,0.0,0.0,19270.079400275732,69094.607478901,5659.99650071088,859844.6181056603
CW42_F,CW42,F,0,W,2020,67561.00057669247,35847.00095244764,30837.840636279536,0.0,876.1589879653034,0.0,0.0,35847.00095244764,67561.00057669247,0.0,859822.4441734164
CW42_F,CW42,F,0,W,2021,67561.00057669247,37601.64005668492,26983.98209793988,0.0,2975.3784220676803,0.0,0.0,35847.00095244764,67561.00057669247,2029.5295467301912,859822.4441734164
CW42_F,CW42,F,0,W,2022,67561.00057669247,43675.12641903748,21246.169448702945,0.0,2639.7047089520624,0.0,0.0,35847.00095244764,67561.00057669247,1375.6044332766064,859822.4441734164
CW42_F,CW42,F,0,W,2023,67561.00057669247,44684.85697000542,20936.049646205527,0.0,1940.0939604815314,0.0,0.0,35847.00095244764,67561.00057669247,1733.7338753793754,859822.4441734164
CW42_F,CW42,F,0,W,2024,67561.00057669247,51360.00081727272,13919.037298434387,0.0,2281.962460985371,0.0,0.0,35847.00095244764,67561.00057669247,1473.9448388791552,859822.4441734164
CW42_F,CW42,F,0,W,2025,67561.00057669247,37226.863508755574,28708.809852061546,0.0,1625.327215875364,0.0,0.0,35847.00095244764,67561.00057669247,2251.7631172928154,859822.4441734164
CW42_F,CW42,F,0,W,2026,67561.00057669249,48800.053668512104,16627.656551944507,0.0,2133.2903562358783,0.0,0.0,35847.00095244765,67561.00057669249,1178.923580304314,859822.4441734164
CW43_F,CW43,F,0,W,2020,69345.80042126225,49892.224287564146,17190.199831315582,0.0,2263.376302382525,0.0,0.0,49892.224287564146,69345.80042126225,0.0,895155.9396659106
CW43_F,CW43,F,0,W,2021,69345.80042126225,53749.564463207775,11746.637246285234,0.0,3849.598711769254,0.0,0.0,49892.224287564146,69345.80042126225,740.6501531264362,895155.9396659106
CW43_F,CW43,F,0,W,2022,69345.80042126225,58690.58636238247,7852.514051878687,0.0,2802.7000070010918,0.0,0.0,49892.224287564146,69345.80042126225,1184.7301788330078,895155.9396659106
CW43_F,CW43,F,0,W,2023,69345.80042126225,53786.34587803261,12316.93362348968,0.0,3242.5209197399663,0.0,0.0,49892.224287564146,69345.80042126225,2046.5630630493165,895155.9396659106
CW43_F,CW43,F,0,W,2024,69345.80042126225,58472.22391201841,7680.2257146199545,0.0,3193.3507946238797,0.0,0.0,49892.224287564146,69345.80042126225,1361.2781293981216,895155.9396659106
CW43_F,CW43,F,0,W,2025,69345.80042126225,47895.60655035879,18669.949816924447,0.0,2780.2440539790136,0.0,0.0,49892.224287564146,69345.80042126225,5675.088110022452,895155.9396659106
CW43_F,CW43,F,0,W,2026,69345.80042126225,57521.342906188955,8474.690901034486,0.0,3349.766614038804,0.0,0.0,49892.224287564146,69345.80042126225,2212.6574540979723,895155.9396659106
CW44_F,CW44,F,0,W,2020,69527.34711450317,51304.969629893596,15445.619810545679,0.0,2776.7576740638883,0.0,0.0,51304.969629893596,69527.34711450317,0.0,761500.2370143515
CW44_F,CW44,F,0,W,2021,69527.34711450317,52970.94554392498,9424.795175320494,0.0,7131.606395257688,0.0,0.0,51304.969629893596,69527.34711450317,4039.695421076756,761500.2370143515
CW44_F,CW44,F,0,W,2022,69527.34711450317,50541.47684221456,13841.589625908347,0.0,5144.280646380256,0.0,0.0,51304.969629893596,69527.34711450317,5183.384713356168,761500.2370143515
CW44_F,CW44,F,0,W,2023,69527.34711450317,49930.52873933084,13282.133041890464,0.0,6314.685333281872,0.0,0.0,51304.969629893596,69527.34711450317,5372.708962952857,761500.2370143515
CW44_F,CW44,F,0,W,2024,69527.34711450317,55290.07340889726,7223.75284947414,0.0,7013.5208561317595,0.0,0.0,51304.969629893596,69527.34711450317,5291.404557351505,761500.2370143515
CW44_F,CW44,F,0,W,2025,69527.34711450317,42981.66443215165,22264.00859291226,0.0,4281.674089439242,0.0,0.0,51304.969629893596,69527.34711450317,12629.370074821923,761500.2370143515
CW44_F,CW44,F,0,W,2026,69527.34711450317,54446.825045028396,8995.426182645911,0.0,6085.0958868288535,0.0,0.0,51304.969629893596,69527.34711450317,5100.144161897548,761500.2370143515
CW45_F,CW45,F,0,W,2020,69536.61157950603,21171.414165063008,45609.73502786673,0.0,2755.462386576334,0.0,0.0,21171.414165063008,69536.61157950603,0.0,772796.685010483
CW45_F,CW45,F,0,W,2021,69536.61157950603,11719.909722451608,50362.20145748362,0.0,7454.5003995708375,0.0,0.0,21171.414165063008,69536.61157950603,10474.784646935557,772796.685010483
CW45_F,CW45,F,0,W,2022,69536.61157950603,16333.770577195119,48713.260107302194,0.0,4489.58089500876,0.0,0.0,21171.414165063008,69536.61157950603,9370.586525142895,772796.685010483
CW45_F,CW45,F,0,W,2023,69536.61157950603,17130.172715280572,44719.251795271324,0.0,7687.187068954169,0.0,0.0,21171.414165063008,69536.61157950603,8921.859750725242,772796.685010483
CW45_F,CW45,F,0,W,2024,69536.61157950603,27104.736385031312,29704.944542978315,0.0,12726.930651496437,0.0,0.0,21171.414165063008,69536.61157950603,7531.933531009449,772796.685010483
CW45_F,CW45,F,0,W,2025,69536.61157950603,9320.64034989301,55422.852824102636,0.0,4793.118405510397,0.0,0.0,21171.414165063008,69536.61157950603,13547.723172894646,772796.685010483
CW45_F,CW45,F,0,W,2026,69536.61157950603,32436.78996228984,28386.258080755484,0.0,8713.563536460726,0.0,0.0,21171.414165063008,69536.61157950603,8016.277920472388,772796.685010483
CW46_F,CW46,F,0,W,2020,69570.26860465253,22051.43518598968,39138.23451382507,0.0,8380.598904837814,0.0,0.0,22051.43518598968,69570.26860465253,0.0,793675.8738731237
CW46_F,CW46,F,0,W,2021,69570.26860465253,21518.307665387325,34105.849297616995,0.0,13946.111641648235,0.0,0.0,22051.43518598968,69570.26860465253,1818.1319259942748,793675.8738731237
CW46_F,CW46,F,0,W,2022,69570.26860465253,25347.76785721124,36385.48326864804,0.0,7837.017478793275,0.0,0.0,22051.43518598968,69570.26860465253,1505.688782007554,793675.8738731237
CW46_F,CW46,F,0,W,2023,69570.26860465253,26168.17326169481,32356.244192415128,0.0,11045.851150542618,0.0,0.0,22051.43518598968,69570.26860465253,3159.662700069652,793675.8738731237
CW46_F,CW46,F,0,W,2024,69570.26860465253,28620.09653682335,30835.84326572793,0.0,10114.328802101287,0.0,0.0,22051.43518598968,69570.26860465253,2369.4567289763804,793675.8738731237
CW46_F,CW46,F,0,W,2025,69570.26860465253,20676.607872876928,41836.78310531916,0.0,7056.877626456467,0.0,0.0,22051.43518598968,69570.26860465253,4961.9213105444815,793675.8738731237
CW46_F,CW46,F,0,W,2026,69570.26860465253,35911.20866672291,23384.05685062783,0.0,10275.003087301815,0.0,0.0,22051.43518598968,69570.26860465253,1567.248229382085,793675.8738731237
CW47_F,CW47,F,0,W,2020,71300.48566837686,37081.20916673249,9137.506458147833,0.0,18959.904421817555,6121.865621678969,0.0,37081.20916673249,65178.62004669788,0.0,684380.9388236252
CW47_F,CW47,F,0,W,2021,71300.48566837686,34280.45006902359,8270.2545397291,0.0,23424.31550550273,5325.465554121429,0.0,37081.20916673249,65178.62004669788,3380.733658794328,684380.9388236251
CW47_F,CW47,F,0,W,2022,71300.48566837686,34647.48355739818,10414.766818386901,0.0,22583.7773658902,3654.4579267015642,0.0,37081.20916673249,65178.62004669788,3100.0382044773473,684380.9388236252
CW47_F,CW47,F,0,W,2023,71300.48566837686,34506.16799792122,8051.505624599083,0.0,20419.90811833401,8322.903927522548,0.0,37081.20916673249,65178.62004669788,4277.022767519484,684380.9388236251
CW47_F,CW47,F,0,W,2024,71300.48566837686,36147.364791211905,8318.649900668275,0.0,22150.539184001853,4683.93179249483,0.0,37081.20916673249,65178.62004669788,3882.500708307005,684380.9388236252
CW47_F,CW47,F,0,W,2025,71300.48566837686,33075.97705595728,13109.82889948826,0.0,20653.368316022093,4461.311396909229,0.0,37081.20916673249,65178.62004669788,5201.574905305751,684380.9388236252
CW47_F,CW47,F,0,W,2026,71300.48566837686,38169.146174471985,4463.250532920687,0.0,22714.25327387791,5953.835687106263,0.0,37081.20916673249,65178.62004669788,4264.633464080212,684380.9388236251
CW48_F,CW48,F,0,W,2020,69565.56787827429,40135.93233107024,23614.79178574506,0.0,5814.843761459051,0.0,0.0,40135.93233107024,69565.56787827429,0.0,766965.8386863562
CW48_F,CW48,F,0,W,2021,69565.56787827429,31493.229419394105,25079.439721948955,0.0,12992.898736931296,0.0,0.0,40135.93233107024,69565.56787827429,10194.076013632382,766965.8386863562
CW48_F,CW48,F,0,W,2022,69565.56787827429,36828.37339944278,22104.84584904091,0.0,10632.34862979066,0.0,0.0,40135.93233107024,69565.56787827429,8268.70079016592,766965.8386863562
CW48_F,CW48,F,0,W,2023,69565.56787827429,34483.69703503777,24501.789290214994,0.0,10580.081553021599,0.0,0.0,40135.93233107024,69565.56787827429,9306.692856134152,766965.8386863562
CW48_F,CW48,F,0,W,2024,69565.56787827429,42886.74341236189,14963.95978755577,0.0,11714.864678356693,0.0,0.0,40135.93233107024,69565.56787827429,7755.706609239765,766965.8386863562
CW48_F,CW48,F,0,W,2025,69565.56787827429,25486.740344537477,38317.41158878101,0.0,5761.415944955863,0.0,0.0,40135.93233107024,69565.56787827429,16213.342135291005,766965.8386863562
CW48_F,CW48,F,0,W,2026,69565.56787827429,46350.329548704845,15590.393349920536,0.0,7624.844979648964,0.0,0.0,40135.93233107024,69565.56787827429,4736.974260547115,766965.8386863562
CW49_F,CW49,F,0,W,2020,69540.76156565355,51916.591591509685,10026.815843918746,0.0,7597.354130225088,0.0,0.0,51916.591591509685,69540.76156565355,0.0,844438.1472912363
CW49_F,CW49,F,0,W,2021,69540.76156565355,42176.276473669895,7170.307106436936,0.0,20194.177985546634,0.0,0.0,51916.591591509685,69540.76156565355,10233.951233867572,844438.1472912363
CW49_F,CW49,F,0,W,2022,69540.76156565355,42203.765179323666,11062.484145250508,0.0,16274.512241079292,0.0,0.0,51916.591591509685,69540.76156565355,10213.431492016362,844438.1472912363
CW49_F,CW49,F,0,W,2023,69540.76156565355,43472.50673834109,9447.229187879377,0.0,16621.02563943302,0.0,0.0,51916.591591509685,69540.76156565355,10398.496671998266,844438.1472912363
CW49_F,CW49,F,0,W,2024,69540.76156565355,45309.60796428006,6938.008469854616,0.0,17293.145131518795,0.0,0.0,51916.591591509685,69540.76156565355,9978.809060339832,844438.1472912363
CW49_F,CW49,F,0,W,2025,69540.76156565355,32999.676689716405,24839.773871657424,0.0,11701.311004279642,0.0,0.0,51916.591591509685,69540.76156565355,19311.82386785769,844438.1472912363
CW49_F,CW49,F,0,W,2026,69540.76156565355,51163.16497051762,3677.29951653574,0.0,14700.297078600117,0.0,0.0,51916.591591509685,69540.76156565355,7897.406463533289,844438.1472912363
CW50_F,CW50,F,0,W,2020,67786.87535397404,47730.15200527416,6876.832904950309,0.0,13179.890443749518,0.0,0.0,47730.15200527416,67786.87535397404,0.0,823299.3622180412
CW50_F,CW50,F,0,W,2021,67786.87535397404,35876.692629556084,5543.821943215763,0.0,26366.36078120213,0.0,0.0,47730.15200527416,67786.87535397404,12914.292666566136,823299.3622180412
CW50_F,CW50,F,0,W,2022,67786.87535397404,35275.03715736537,13293.328067285876,0.0,19218.510129322724,0.0,0.0,47730.15200527416,67786.87535397404,13689.01101651659,823299.3622180412
CW50_F,CW50,F,0,W,2023,67786.87535397404,36516.289744747395,11060.54383021336,0.0,20210.04177901324,0.0,0.0,47730.15200527416,67786.87535397404,13260.418959434357,823299.3622180412
CW50_F,CW50,F,0,W,2024,67786.87535397404,37811.745805777755,9553.308536813773,0.0,20421.821011382453,0.0,0.0,47730.15200527416,67786.87535397404,12697.4801923864,823299.3622180412
CW50_F,CW50,F,0,W,2025,67786.87535397404,20793.88554056205,33491.75238970589,0.0,13501.23742370605,0.0,0.0,47730.15200527416,67786.87535397404,26936.266464712106,823299.3622180412
CW50_F,CW50,F,0,W,2026,67786.87535397404,44506.22490641277,5789.673104319853,0.0,17490.977343241368,0.0,0.0,47730.15200527416,67786.87535397404,9997.77509921205,823299.3622180412
CW51_F,CW51,F,0,W,2020,71059.94462175558,17053.089523405186,1683.7827388090247,0.0,14526.834722661037,37796.237636880316,0.0,17053.089523405186,33263.70698487525,0.0,354551.80134337186
CW51_F,CW51,F,0,W,2021,71059.94462175558,12062.91424620385,567.9717323153627,0.0,23861.77957859413,34567.27906464222,0.0,17053.089523405186,33263.70698487525,4990.175277201334,354551.80134337186
CW51_F,CW51,F,0,W,2022,71059.94462175558,11791.511131077186,1466.1957373525584,0.0,31272.126236261112,26530.111517064714,0.0,17053.089523405186,33263.70698487525,5459.03273040173,354551.80134337186
CW51_F,CW51,F,0,W,2023,71059.94462175558,12364.515965420593,1778.2511929979512,0.0,18935.874892021624,37981.3025713154,0.0,17053.089523405186,33263.70698487525,5332.816880110198,354551.80134337186
CW51_F,CW51,F,0,W,2024,71059.94462175558,12215.070119940065,749.1652817071654,0.0,21237.186211200788,36858.523008907556,0.0,17053.089523405186,33263.70698487525,5491.94191008923,354551.80134337186
CW51_F,CW51,F,0,W,2025,71059.94462175558,10938.97275540221,3111.64898370481,0.0,20816.724493946745,36192.5983887018,0.0,17053.089523405186,33263.70698487525,6429.656702049106,354551.80134337186
CW51_F,CW51,F,0,W,2026,71059.94462175558,12081.497920197131,1896.7239433737363,0.0,18668.7305926753,38412.9921655094,0.0,17053.089523405186,33263.70698487525,6133.475061424106,354551.80134337186
CW52_F,CW52,F,0,W,2020,69284.76421062992,47192.726352586935,5229.828808444155,0.0,13527.942829147038,3334.266220451804,0.0,47192.726352586935,65950.49799017812,0.0,757262.6561656278
CW52_F,CW52,F,0,W,2021,69284.76421062992,44482.18204237994,2295.115946780934,0.0,19988.182738031126,2519.283483437931,0.0,47192.726352586935,65950.49799017812,3006.7256685443954,757262.6561656278
CW52_F,CW52,F,0,W,2022,69284.76421062992,44000.935516267666,4655.275815986185,0.0,20457.42592423383,171.1269541422526,0.0,47192.726352586935,65950.49799017812,3463.1936006433825,757262.6561656278
CW52_F,CW52,F,0,W,2023,69284.76421062992,44160.447450944484,2396.9406349032533,0.0,19393.109904330384,3334.266220451804,0.0,47192.726352586935,65950.49799017812,3993.6100069233016,757262.6561656278
CW52_F,CW52,F,0,W,2024,69284.76421062992,44135.66891234155,3072.931063184551,0.0,20321.53195630242,1754.632278801413,0.0,47192.726352586935,65950.49799017812,4067.5585532394107,757262.6561656278
CW52_F,CW52,F,0,W,2026,69284.76421062992,45050.15338475845,4056.718230842141,0.0,16448.717866276762,3729.1747287525855,0.0,47192.726352586935,65950.49799017812,4005.9992477117803,757262.6561656278
CW52_F,CW52,F,0,W,2025,69284.76421062993,43297.84344422584,6774.61850789388,0.0,16569.125904696597,2643.1763538136206,0.0,47192.726352586935,65950.4979901781,4067.5585532394107,757262.6561656278
CW53_F,CW53,F,0,W,2020,67566.88562209184,52985.08796258065,828.1460479137945,0.0,13753.651611597395,0.0,0.0,52985.08796258065,67566.88562209184,0.0,861692.7708840764
CW53_F,CW53,F,0,W,2021,67566.88562209184,52454.67212273092,717.4166010837928,0.0,14394.79689827713,0.0,0.0,52985.087962580656,67566.88562209184,653.9215055577895,861692.7708840765
CW53_F,CW53,F,0,W,2022,67566.88562209184,49542.41661634257,2252.526030147777,0.0,15771.942975601492,0.0,0.0,52985.08796258065,67566.88562209184,3566.177011946136,861692.7708840765
CW53_F,CW53,F,0,W,2023,67566.88562209184,49355.80301552566,3681.9393453560624,0.0,14529.14326121012,0.0,0.0,52985.087962580656,67566.88562209184,3950.2448211370734,861692.7708840765
CW53_F,CW53,F,0,W,2024,67566.88562209184,51638.52781416949,751.8746652341357,0.0,15176.483142688225,0.0,0.0,52985.087962580656,67566.88562209184,3456.6093536077765,861692.7708840764
CW53_F,CW53,F,0,W,2025,67566.88562209184,50094.90087522618,4313.792840695848,0.0,13158.191906169815,0.0,0.0,52985.087962580656,67566.88562209184,4085.752631093942,861692.7708840764
CW53_F,CW53,F,0,W,2026,67566.88562209184,51099.59391162348,1533.5609639186487,0.0,14933.730746549718,0.0,0.0,52985.087962580656,67566.88562209184,3567.338918528837,861692.7708840765
CW54_F,CW54,F,0,W,2020,71037.79331802666,30263.519185952584,1360.1099067837583,0.0,39414.164225290326,0.0,0.0,30263.519185952584,71037.79331802666,0.0,926959.5486165361
CW54_F,CW54,F,0,W,2021,71037.79331802666,28291.68846262016,574.9397625493068,0.0,42171.16509285719,0.0,0.0,30263.519185952584,71037.79331802666,2640.8514453065163,926959.5486165362
CW54_F,CW54,F,0,W,2022,71037.79331802666,26500.27672184963,3551.0759829053686,0.0,40986.44061327166,0.0,0.0,30263.519185952584,71037.79331802666,3763.2424641029506,926959.5486165361
CW54_F,CW54,F,0,W,2023,71037.79331802666,27059.729788776476,4947.967094511144,0.0,39030.09643473904,0.0,0.0,30263.519185952588,71037.79331802666,3598.6975926717123,926959.5486165362
CW54_F,CW54,F,0,W,2024,71037.79331802666,29688.966336657963,283.7918334362554,0.0,41065.03514793245,0.0,0.0,30263.519185952584,71037.79331802666,3197.5948316387103,926959.5486165361
CW54_F,CW54,F,0,W,2025,71037.79331802666,27774.048782258884,4299.466048446357,0.0,38964.278487321426,0.0,0.0,30263.519185952588,71037.79331802666,3809.702763157265,926959.5486165362
CW54_F,CW54,F,0,W,2026,71037.79331802666,28755.8984339097,1566.4693788715435,0.0,40715.42550524542,0.0,0.0,30263.519185952584,71037.79331802666,3911.5272416657094,926959.5486165361
CW55_F,CW55,F,0,W,2020,69559.18922481165,40480.78775898054,1919.9506169936235,0.0,27158.45084883746,0.0,0.0,40480.78775898054,69559.18922481165,0.0,956874.30873449
CW55_F,CW55,F,0,W,2021,69559.18922481165,34684.15722321154,615.5919218474743,0.0,34259.4400797526,0.0,0.0,40480.78775898054,69559.18922481165,5796.630535768995,956874.30873449
CW55_F,CW55,F,0,W,2022,69559.18922481165,30866.32431137983,2029.1307071461397,0.0,36663.73420628566,0.0,0.0,40480.78775898054,69559.18922481165,9924.969520538929,956874.30873449
CW55_F,CW55,F,0,W,2023,69559.18922481165,29693.214890932577,4980.100715128581,0.0,34885.87361875047,0.0,0.0,40480.78775898054,69559.18922481165,11007.482446348902,956874.30873449
CW55_F,CW55,F,0,W,2024,69559.18922481165,31758.35134094837,1520.7835637111293,0.0,36280.05432015212,0.0,0.0,40480.78775898054,69559.18922481165,10482.100160845588,956874.30873449
CW55_F,CW55,F,0,W,2025,69559.18922481165,26577.312057166015,6390.155463663737,0.0,36591.72170398187,0.0,0.0,40480.78775898054,69559.18922481165,14495.837731843836,956874.30873449
CW55_F,CW55,F,0,W,2026,69559.18922481165,29588.291849054083,3357.881315792308,0.0,36613.01605996523,0.0,0.0,40480.78775898054,69559.18922481165,12740.43300296559,956874.30873449
CW56_F,CW56,F,0,W,2020,67760.79349514835,48081.98142398012,668.2465116313859,0.0,19010.5655595368,0.0,0.0,48081.98142398012,67760.79349514835,0.0,804818.6379332298
CW56_F,CW56,F,0,W,2021,67760.79349514835,33971.37801555559,2606.7796630859375,0.0,31182.635816506776,0.0,0.0,48081.98142398012,67760.79349514835,14110.603408424528,804818.6379332298
CW56_F,CW56,F,0,W,2022,67760.79349514835,31608.51148391425,4182.152522128236,0.0,31970.129489105828,0.0,0.0,48081.98142398012,67760.79349514835,16520.704065779144,804818.6379332298
CW56_F,CW56,F,0,W,2024,67760.79349514835,32900.091752893786,2573.8717891019933,0.0,32286.829953152526,0.0,0.0,48081.98142398012,67760.79349514835,16353.449770370182,804818.6379332298
CW56_F,CW56,F,0,W,2025,67760.79349514835,29426.837827016796,7148.996181532913,0.0,31184.9594865986,0.0,0.0,48081.98142398012,67760.79349514835,19000.4943834791,804818.6379332298
CW56_F,CW56,F,0,W,2026,67760.79349514835,31773.442026953606,4489.176247720158,0.0,31498.175220474543,0.0,0.0,48081.98142398012,67760.79349514835,17603.99218232398,804818.6379332298
CW56_F,CW56,F,0,W,2023,67760.79349514836,31365.371673793423,4527.503536269244,0.0,31867.91828508564,0.0,0.0,48081.98142398012,67760.79349514836,17160.68761396221,804818.6379332298
CW57_F,CW57,F,0,W,2020,69317.56762617525,20112.04169802198,4580.159320636824,0.0,44625.36660751641,0.0,0.0,20112.04169802198,69317.56762617525,0.0,765594.3894356522
CW57_F,CW57,F,0,W,2021,69317.56762617525,6083.517182952282,4916.2182525335575,0.0,58317.832190689405,0.0,0.0,20112.04169802198,69317.56762617525,14028.524515069701,765594.3894356522
CW57_F,CW57,F,0,W,2022,69317.56762617525,3873.5816605511827,7564.037723645976,0.0,57879.94824197806,0.0,0.0,20112.04169802198,69317.56762617525,16275.240697763482,765594.3894356522
CW57_F,CW57,F,0,W,2023,69317.56762617525,3380.3338869880226,6044.415663087134,0.0,59892.818076100084,0.0,0.0,20112.04169802198,69317.56762617525,16731.70781103396,765594.3894356522
CW57_F,CW57,F,0,W,2024,69317.56762617525,3836.8010047463804,5757.139563347312,0.0,59723.62705808155,0.0,0.0,20112.04169802198,69317.56762617525,16830.43486181521,765594.3894356522
CW57_F,CW57,F,0,W,2025,69317.56762617525,2775.582687826717,9657.4367203058,0.0,56884.5482180427,0.0,0.0,20112.04169802198,69317.56762617525,17336.459010195264,765594.3894356522
CW57_F,CW57,F,0,W,2026,69317.56762617525,3529.0050427904316,11637.01019753849,0.0,54151.55238584629,0.0,0.0,20112.04169802198,69317.56762617525,17261.73625859279,765594.3894356522
CW58_F,CW58,F,0,W,2020,69278.4482261209,27650.128947089695,5718.422144781374,0.0,35909.89713424981,0.0,0.0,27650.128947089695,69278.4482261209,0.0,769516.9849775727
CW58_F,CW58,F,0,W,2021,69278.4482261209,19522.384514632882,6671.234648491355,0.0,43084.82906299664,0.0,0.0,27650.128947089695,69278.4482261209,8140.133688354492,769516.9849775727
CW58_F,CW58,F,0,W,2022,69278.4482261209,15803.669075012207,5086.182359493479,0.0,48388.596791615186,0.0,0.0,27650.128947089695,69278.4482261209,12315.316263056739,769516.9849775727
CW58_F,CW58,F,0,W,2023,69278.4482261209,13479.907334510954,7076.207904082655,0.0,48722.332987527276,0.0,0.0,27650.128947089695,69278.4482261209,14240.298372455674,769516.9849775727
CW58_F,CW58,F,0,W,2024,69278.4482261209,14565.903765809304,3923.139696427888,0.0,50789.40476388369,0.0,0.0,27650.128947089695,69278.4482261209,13697.106659504014,769516.9849775727
CW58_F,CW58,F,0,W,2025,69278.4482261209,8710.427554470883,12397.010123249127,0.0,48171.01054840087,0.0,0.0,27650.128947089695,69278.4482261209,19137.155349162982,769516.9849775727
CW58_F,CW58,F,0,W,2026,69278.4482261209,9741.058837172564,7549.32332721785,0.0,51988.06606173046,0.0,0.0,27650.128947089695,69278.4482261209,19336.545619291417,769516.9849775726
CW59_F,CW59,F,0,W,2020,69335.74625016755,41213.27380236455,719.739248268277,0.0,27402.733199534687,0.0,0.0,41213.27380236455,69335.74625016755,0.0,738176.3618093452
CW59_F,CW59,F,0,W,2021,69335.74625016755,37439.194143527144,1818.8993241254022,0.0,30077.652782514975,0.0,0.0,41213.27380236455,69335.74625016755,3996.312215109432,738176.3618093452
CW59_F,CW59,F,0,W,2022,69335.74625016755,30999.486453516325,2067.846454605402,0.0,36268.413342045795,0.0,0.0,41213.27380236455,69335.74625016755,10312.514330964932,738176.3618093452
CW59_F,CW59,F,0,W,2023,69335.74625016755,27157.65213249057,1202.145646278531,0.0,40975.94847139844,0.0,0.0,41213.27380236455,69335.74625016755,14195.000919895547,738176.3618093452
CW59_F,CW59,F,0,W,2024,69335.74625016755,27120.097080006315,1375.5957665237725,0.0,40840.05340363745,0.0,0.0,41213.27380236455,69335.74625016755,14232.555972379798,738176.3618093452
CW59_F,CW59,F,0,W,2025,69335.74625016755,25512.20262690525,1621.8323274799423,0.0,42201.71129578235,0.0,0.0,41213.27380236455,69335.74625016755,15799.798157576017,738176.3618093452
CW59_F,CW59,F,0,W,2026,69335.74625016755,24166.031139508414,1564.5323359470742,0.0,43605.18277471206,0.0,0.0,41213.27380236455,69335.74625016755,17186.62193576588,738176.3618093452
CW60_F,CW60,F,0,W,2020,71031.15577880264,2356.670562474868,36687.337804308125,0.0,31987.147412019614,0.0,0.0,2356.670562474868,71031.15577880264,0.0,529630.6806921271
CW60_F,CW60,F,0,W,2021,71031.15577880264,2455.397529332778,47187.62736547132,0.0,21388.130883998507,0.0,0.0,2356.670562474868,71031.15577880264,0.0,529630.6806921271
CW60_F,CW60,F,0,W,2022,71031.15577880264,1443.349466331332,46112.08570520737,0.0,23475.72060726391,0.0,0.0,2356.670562474868,71031.15577880264,913.3210961435357,529630.6806921271
CW60_F,CW60,F,0,W,2023,71031.15577880264,1245.8955326155121,45558.82812045228,0.0,24226.432125734824,0.0,0.0,2356.670562474868,71031.15577880264,1110.775029859356,529630.6806921271
CW60_F,CW60,F,0,W,2024,71031.15577880264,3244.82657769895,31436.99828108245,0.0,36349.3309200212,0.0,0.0,2356.670562474868,71031.15577880264,1012.0480630014458,529630.6806921271
CW60_F,CW60,F,0,W,2025,71031.15577880264,2455.0106215832275,35465.44668617997,0.0,33110.69847103942,0.0,0.0,2356.670562474868,71031.15577880264,1012.0480630014458,529630.6806921271
CW60_F,CW60,F,0,W,2026,71031.15577880264,5588.720814544078,31723.11443771662,0.0,33719.32052654191,0.0,0.0,2356.670562474868,71031.15577880264,1209.501981458477,529630.6806921271
CW61_F,CW61,F,0,W,2020,67741.81964245965,246.62377388150085,58094.45356681677,0.0,9400.742301761398,0.0,0.0,246.62377388150085,67741.81964245965,0.0,243645.7586244472
CW61_F,CW61,F,0,W,2021,67741.81964245965,0.0,58587.70112415391,0.0,9154.118518305757,0.0,0.0,246.62377388150085,67741.81964245965,246.62377388150085,243645.7586244472
CW61_F,CW61,F,0,W,2022,67741.81964245965,0.0,60861.905658228294,0.0,6879.913984231387,0.0,0.0,246.62377388150085,67741.81964245965,246.62377388150085,243645.7586244472
CW61_F,CW61,F,0,W,2023,67741.81964245965,0.0,59665.56720996934,0.0,8076.252432490325,0.0,0.0,246.62377388150085,67741.81964245965,246.62377388150085,243645.7586244472
CW61_F,CW61,F,0,W,2024,67741.81964245965,0.0,60997.41318927842,0.0,6744.406453181244,0.0,0.0,246.62377388150085,67741.81964245965,246.62377388150085,243645.7586244472
CW61_F,CW61,F,0,W,2025,67741.81964245965,0.0,60047.311487803774,0.0,7694.5081546559,0.0,0.0,246.62377388150085,67741.81964245965,246.62377388150085,243645.7586244472
CW61_F,CW61,F,0,W,2026,67741.81964245965,0.0,59023.648268815625,0.0,8718.171373644056,0.0,0.0,246.62377388150085,67741.81964245965,246.62377388150085,243645.7586244472
CW62_F,CW62,F,0,W,2020,69557.63687714227,691.0888214111328,61594.04790433998,0.0,7272.500151391129,0.0,0.0,691.0888214111328,69557.63687714227,0.0,165476.1017094332
CW62_F,CW62,F,0,W,2021,69557.63687714227,197.45397186279297,61185.9763612336,0.0,8174.206544045848,0.0,0.0,691.0888214111328,69557.63687714227,493.63484954833984,165476.1017094332
CW62_F,CW62,F,0,W,2022,69557.63687714227,0.0,61306.38462252152,0.0,8251.252254620727,0.0,0.0,691.0888214111328,69557.63687714227,691.0888214111328,165476.1017094332
CW62_F,CW62,F,0,W,2023,69557.63687714227,0.0,61689.67771289304,0.0,7867.959164249202,0.0,0.0,691.0888214111328,69557.63687714227,691.0888214111328,165476.1017094332
CW62_F,CW62,F,0,W,2024,69557.63687714227,0.0,59894.78277216892,0.0,9662.854104973287,0.0,0.0,691.0888214111328,69557.63687714227,691.0888214111328,165476.1017094332
CW62_F,CW62,F,0,W,2025,69557.63687714227,0.0,60105.01318263632,0.0,9452.623694505886,0.0,0.0,691.0888214111328,69557.63687714227,691.0888214111328,165476.1017094332
CW62_F,CW62,F,0,W,2026,69557.63687714227,0.0,60461.9788072773,0.0,9095.658069864916,0.0,0.0,691.0888214111328,69557.63687714227,691.0888214111328,165476.1017094332
CW63_F,CW63,F,0,W,2020,71304.15380643954,0.0,71205.42675565829,0.0,98.72705078125,0.0,0.0,0.0,71304.15380643954,0.0,13089.651068234913
CW63_F,CW63,F,0,W,2021,71304.15380643954,0.0,71279.37527358108,0.0,24.778532858455883,0.0,0.0,0.0,71304.15380643954,0.0,13089.651068234913
CW63_F,CW63,F,0,W,2022,71304.15380643954,98.72705078125,71205.42675565829,0.0,0.0,0.0,0.0,0.0,71304.15380643954,0.0,13089.651068234913
CW63_F,CW63,F,0,W,2023,71304.15380643954,0.0,71230.20536292579,0.0,73.94844351375804,0.0,0.0,0.0,71304.15380643954,0.0,13089.651068234913
CW63_F,CW63,F,0,W,2024,71304.15380643954,0.0,71304.15380643954,0.0,0.0,0.0,0.0,0.0,71304.15380643954,0.0,13089.651068234913
CW63_F,CW63,F,0,W,2025,71304.15380643954,0.0,71304.15380643954,0.0,0.0,0.0,0.0,0.0,71304.15380643954,0.0,13089.651068234913
CW63_F,CW63,F,0,W,2026,71304.15380643954,0.0,71279.37527358108,0.0,24.778532858455883,0.0,0.0,0.0,71304.15380643954,0.0,13089.651068234913
CW64_F,CW64,F,0,W,2020,69523.2112123676,0.0,63864.02350616454,0.0,5659.187706203088,0.0,0.0,0.0,69523.2112123676,0.0,32940.75311602424
CW64_F,CW64,F,0,W,2021,69523.2112123676,0.0,63427.68867364024,0.0,6095.522538727404,0.0,0.0,0.0,69523.2112123676,0.0,32940.75311602424
CW64_F,CW64,F,0,W,2022,69523.2112123676,0.0,64588.40884875129,0.0,4934.802363616344,0.0,0.0,0.0,69523.2112123676,0.0,32940.75311602424
CW64_F,CW64,F,0,W,2023,69523.2112123676,0.0,64105.61441503787,0.0,5417.596797329771,0.0,0.0,0.0,69523.2112123676,0.0,32940.75311602424
CW64_F,CW64,F,0,W,2024,69523.2112123676,73.94847400141697,64584.92437202604,0.0,4864.338366340189,0.0,0.0,0.0,69523.2112123676,0.0,32940.75311602424
CW64_F,CW64,F,0,W,2025,69523.2112123676,0.0,63476.8583591536,0.0,6046.352853214039,0.0,0.0,0.0,69523.2112123676,0.0,32940.75311602424
CW64_F,CW64,F,0,W,2026,69523.2112123676,296.18119049072266,63462.14617016362,0.0,5764.883851713292,0.0,0.0,0.0,69523.2112123676,0.0,32940.75311602424
CW65_F,CW65,F,0,W,2020,67790.66251409196,345.3511181999655,50367.85230527392,0.0,17077.459090618046,0.0,0.0,345.3511181999655,67790.66251409196,0.0,51290.45436257756
CW65_F,CW65,F,0,W,2021,67790.66251409196,641.5323392082663,49988.04313393387,0.0,17161.087040949787,0.0,0.0,345.3511181999655,67790.66251409196,0.0,51290.45436257756
CW65_F,CW65,F,0,W,2022,67790.66251409196,295.7940027573529,49924.935103562304,0.0,17569.933407772274,0.0,0.0,345.3511181999655,67790.66251409196,98.72705078125,51290.45436257756
CW65_F,CW65,F,0,W,2023,67790.66251409196,801.8185698565314,49470.01655578613,0.0,17518.827388449266,0.0,0.0,345.3511181999655,67790.66251409196,147.8969861198874,51290.45436257756
CW65_F,CW65,F,0,W,2024,67790.66251409196,2134.4407299266145,51586.6473295324,0.0,14069.57445463292,0.0,0.0,345.3511181999655,67790.66251409196,98.72705078125,51290.45436257756
CW65_F,CW65,F,0,W,2025,67790.66251409196,259.0133481792375,48396.02052758909,0.0,19135.6286383236,0.0,0.0,345.3511181999655,67790.66251409196,296.1811828613281,51290.45436257756
CW65_F,CW65,F,0,W,2026,67790.66251409196,802.2056183459712,50601.699864136936,0.0,16386.75703160902,0.0,0.0,345.3511181999655,67790.66251409196,345.3511181999655,51290.45436257756
CW66_F,CW66,F,0,W,2021,91108.86217747106,1493.6822931626257,67029.90322289558,0.0,22585.27666141286,0.0,0.0,1772.8283220178935,91108.86217747106,296.18128204345703,246190.9124509325
CW66_F,CW66,F,0,W,2022,91108.86217747106,924.9370745490579,74164.9696424297,0.0,16018.955460492305,0.0,0.0,1772.8283220178935,91108.86217747106,847.8912474688361,246190.9124509325
CW66_F,CW66,F,0,W,2025,91108.86217747106,962.1049530926873,69319.59810964543,0.0,20827.159114732935,0.0,0.0,1772.8283220178935,91108.86217747106,909.4504578534294,246190.9124509325
CW66_F,CW66,F,0,W,2026,91108.86217747106,2578.519478741814,70261.18335520424,0.0,18269.159343525014,0.0,0.0,1772.8283220178935,91108.86217747106,872.6697975607478,246190.9124509325
CW66_F,CW66,F,0,W,2020,91108.86217747108,1772.8283220178935,64394.083416538575,0.0,24941.950438914588,0.0,0.0,1772.8283220178935,91108.86217747108,0.0,246190.9124509325
CW66_F,CW66,F,0,W,2023,91108.86217747108,1221.1182802985693,72217.91599162976,0.0,17669.827905542712,0.0,0.0,1772.8283220178935,91108.86217747108,847.8912474688361,246190.9124509325
CW66_F,CW66,F,0,W,2024,91108.86217747108,1714.7537478278662,72179.58680743046,0.0,17214.521622212727,0.0,0.0,1772.8283220178935,91108.86217747108,847.8912474688361,246190.9124509325
T01_F,T01,F,1,S1,2020,67982.29979421583,4982.641491729139,20392.83207083309,0.0,40361.345819540584,2245.480412112965,0.0,4982.641491729139,65736.81938210284,0.0,346930.5738750384
T01_F,T01,F,1,S1,2021,67982.29979421583,7493.707169446759,20459.421892652317,0.0,39428.31142419553,600.8593079211665,0.0,4982.641491729139,65736.81938210284,98.72370147705078,346930.5738750384
T01_F,T01,F,1,S1,2022,67982.29979421583,7230.83103060255,27919.837811997353,0.0,32831.63095161588,0.0,0.0,4982.641491729139,65736.81938210284,98.72370147705078,346930.5738750384
T01_F,T01,F,1,S1,2023,67982.29979421583,6376.000122309667,22161.342149412863,0.0,37063.58692851347,2381.3705939797787,0.0,4982.641491729139,65736.81938210284,198.60883456959445,346930.5738750384
T01_F,T01,F,1,S1,2024,67982.29979421583,0.0,50334.75963547654,0.0,17647.540158739277,0.0,0.0,4982.641491729139,65736.81938210284,4982.641491729139,346930.5738750384
T01_F,T01,F,1,S1,2025,67982.29979421583,0.0,45018.78006253709,0.0,22963.519731678687,0.0,0.0,4982.641491729139,65736.81938210284,4982.641491729139,346930.5738750384
T01_F,T01,F,1,S1,2026,67982.29979421583,0.0,49876.76089295032,0.0,18105.538901265467,0.0,0.0,4982.641491729139,65736.81938210284,4982.641491729139,346930.5738750384
T02_F,T02,F,1,S1,2020,58210.594664330594,0.0,5154.925215837068,14957.227314728381,18807.05691665949,19291.385217105642,0.0,0.0,38919.20944722493,0.0,209617.92141744567
T02_F,T02,F,1,S1,2021,58210.594664330594,0.0,4244.34400440291,13981.604491260005,21004.143953480445,18980.50221518722,0.0,0.0,38919.20944722493,0.0,209617.92141744567
T02_F,T02,F,1,S1,2022,58210.594664330594,0.0,3742.982995216519,7158.05223897298,46348.64841227814,960.9110178629558,0.0,0.0,38919.20944722493,0.0,209617.92141744567
T02_F,T02,F,1,S1,2023,58210.594664330594,0.0,1949.6963734346277,2360.465654979033,35348.50778066597,18551.924855250938,0.0,0.0,38919.20944722493,0.0,209617.92141744567
T02_F,T02,F,1,S1,2024,58210.594664330594,0.0,29501.34923353007,6051.959639306162,22657.28579149433,0.0,0.0,0.0,38919.20944722493,0.0,209617.92141744567
T02_F,T02,F,1,S1,2025,58210.594664330594,0.0,20952.651394054938,6677.595843595616,30580.34742668001,0.0,0.0,0.0,38919.20944722493,0.0,209617.92141744567
T02_F,T02,F,1,S1,2026,58210.594664330594,0.0,9331.51677602132,2250.5144929773664,46628.563395331876,0.0,0.0,0.0,38919.20944722493,0.0,209617.92141744567
T03_F,T03,F,1,S1,2020,43337.35588208369,0.0,5008.966411007151,17810.14721832276,20518.242252753767,0.0,0.0,0.0,43337.35588208369,0.0,231806.9809936524
T03_F,T03,F,1,S1,2021,43337.35588208369,0.0,5218.800175775265,12812.79205169678,25305.763654611634,0.0,0.0,0.0,43337.35588208369,0.0,231806.9809936524
T03_F,T03,F,1,S1,2022,43337.35588208369,0.0,5248.221814952178,8985.022105288039,29104.111961843475,0.0,0.0,0.0,43337.35588208369,0.0,231806.9809936524
T03_F,T03,F,1,S1,2023,43337.35588208369,0.0,1917.1728271185182,5701.974058024088,35718.20899694109,0.0,0.0,0.0,43337.35588208369,0.0,231806.9809936524
T03_F,T03,F,1,S1,2025,43337.35588208369,0.0,2161.854920720119,3813.833880136527,37361.667081227046,0.0,0.0,0.0,43337.35588208369,0.0,231806.9809936524
T03_F,T03,F,1,S1,2024,43337.3558820837,0.0,2901.6986849317364,5781.340957222733,34654.31623992922,0.0,0.0,0.0,43337.3558820837,0.0,231806.9809936524
T03_F,T03,F,1,S1,2026,43337.3558820837,0.0,5401.14657278622,1063.1186500698911,36873.09065922758,0.0,0.0,0.0,43337.3558820837,0.0,231806.9809936524
T04_F,T04,F,1,S1,2020,35665.07498432235,0.0,2854.074803640328,2300.843096355363,24440.00425196629,6070.15283236036,0.0,0.0,29594.92215196202,0.0,152855.06128067322
T04_F,T04,F,1,S1,2021,35665.07498432235,0.0,1052.2780939438765,2830.4667659684733,25037.371724386772,6744.958400023216,0.0,0.0,29594.92215196202,0.0,152855.06128067322
T04_F,T04,F,1,S1,2022,35665.07498432235,0.0,439.0301355698529,2355.4315044328278,27978.176202272934,4892.43714204676,0.0,0.0,29594.92215196202,0.0,152855.06128067322
T04_F,T04,F,1,S1,2023,35665.07498432235,0.0,0.0,3685.297943743541,24783.012499192177,7196.764541386623,0.0,0.0,29594.92215196202,0.0,152855.06128067322
T04_F,T04,F,1,S1,2024,35665.07498432235,0.0,2188.9444567512073,3200.5838624542857,23027.290929517556,7248.255735599294,0.0,0.0,29594.92215196202,0.0,152855.06128067325
T04_F,T04,F,1,S1,2025,35665.07498432235,0.0,12883.222355382582,1603.9698703242284,21177.88275861553,0.0,0.0,0.0,29594.92215196202,0.0,152855.06128067322
T04_F,T04,F,1,S1,2026,35665.07498432235,0.0,7832.057951205381,999.6259543026194,26833.391078814362,0.0,0.0,0.0,29594.92215196202,0.0,152855.06128067325
T05_F,T05,F,1,S1,2020,31318.53794597552,147.89116486194087,4375.190024372176,949.6826490215226,20107.797361067234,5737.976746652641,0.0,147.89116486194087,25580.561199322874,0.0,166974.4946821924
T05_F,T05,F,1,S1,2023,31318.53794597552,0.0,2295.02792597752,978.331849042107,22179.828566577387,5865.349604378494,0.0,147.89116486194087,25580.561199322874,147.89116486194087,166974.4946821924
T05_F,T05,F,1,S1,2021,31318.537945975524,0.0,3391.8263792748553,978.331849042107,21462.051643670777,5486.328073987774,0.0,147.89116486194087,25580.561199322874,147.89116486194087,166974.4946821924
T05_F,T05,F,1,S1,2022,31318.537945975524,0.0,2614.4264589795885,978.331849042107,23860.4560696471,3865.3235683067173,0.0,147.89116486194087,25580.561199322874,147.89116486194087,166974.4946821924
T05_F,T05,F,1,S1,2024,31318.537945975524,0.0,2476.9877414478974,795.5963122199564,21959.927871255317,6086.026021052341,0.0,147.89116486194087,25580.561199322874,147.89116486194087,166974.4946821924
T05_F,T05,F,1,S1,2025,31318.537945975524,0.0,12657.12535394407,253.5841874664905,18407.828404564953,0.0,0.0,147.89116486194087,25580.561199322874,147.89116486194087,166974.4946821924
T05_F,T05,F,1,S1,2026,31318.537945975524,0.0,4899.004917638443,0.0,26419.533028337064,0.0,0.0,147.89116486194087,25580.561199322874,147.89116486194087,166974.4946821924
T06_F,T06,F,1,S1,2020,47020.47541877898,0.0,914.8354023652918,0.0,46105.64001641369,0.0,0.0,0.0,47020.47541877898,0.0,242581.7263619816
T06_F,T06,F,1,S1,2021,47020.47541877898,0.0,1156.417234173943,0.0,45864.05818460503,0.0,0.0,0.0,47020.47541877898,0.0,242581.7263619816
T06_F,T06,F,1,S1,2022,47020.47541877898,0.0,3072.8060844271795,0.0,43947.66933435181,0.0,0.0,0.0,47020.47541877898,0.0,242581.7263619816
T06_F,T06,F,1,S1,2023,47020.47541877898,0.0,5021.329332658357,0.0,41999.14608612063,0.0,0.0,0.0,47020.47541877898,0.0,242581.7263619816
T06_F,T06,F,1,S1,2024,47020.47541877898,0.0,1602.4124197866404,0.0,45418.06299899235,0.0,0.0,0.0,47020.47541877898,0.0,242581.7263619816
T06_F,T06,F,1,S1,2025,47020.47541877898,0.0,8518.066173119638,0.0,38502.409245659335,0.0,0.0,0.0,47020.47541877898,0.0,242581.7263619816
T06_F,T06,F,1,S1,2026,47020.47541877898,0.0,4127.787835663441,0.0,42892.687583115534,0.0,0.0,0.0,47020.47541877898,0.0,242581.7263619816
T07_F,T07,F,1,S1,2020,50082.83260109098,0.0,5144.057554596546,0.0,44938.77504649444,0.0,0.0,0.0,50082.83260109098,0.0,356032.4446638519
T07_F,T07,F,1,S1,2021,50082.83260109098,0.0,1974.4630737304688,0.0,48108.369527360526,0.0,0.0,0.0,50082.83260109098,0.0,356032.4446638519
T07_F,T07,F,1,S1,2022,50082.83260109098,98.72313690185547,555.1726956535788,0.0,49428.93676853555,0.0,0.0,0.0,50082.83260109098,0.0,356032.4446638519
T07_F,T07,F,1,S1,2023,50082.83260109098,0.0,1283.4008865356445,0.0,48799.43171455534,0.0,0.0,0.0,50082.83260109098,0.0,356032.4446638519
T07_F,T07,F,1,S1,2024,50082.83260109098,0.0,98.72315979003906,0.0,49984.10944130094,0.0,0.0,0.0,50082.83260109098,0.0,356032.4446638519
T07_F,T07,F,1,S1,2026,50082.83260109098,0.0,536.589479154699,0.0,49546.243121936284,0.0,0.0,0.0,50082.83260109098,0.0,356032.4446638519
T07_F,T07,F,1,S1,2025,50082.83260109099,0.0,3128.555586422191,0.0,46954.2770146688,0.0,0.0,0.0,50082.83260109099,0.0,356032.4446638519
T08_F,T08,F,1,S1,2020,62031.83131100522,17719.452978336118,672.8661636053347,0.0,43639.51216906379,0.0,0.0,17719.452978336118,62031.83131100522,0.0,420220.77831022965
T08_F,T08,F,1,S1,2021,62031.83131100522,15574.25667392507,1843.607120020249,0.0,44613.96751705994,0.0,0.0,17719.452978336118,62031.83131100522,2243.9195099774524,420220.77831022965
T08_F,T08,F,1,S1,2022,62031.83131100522,11779.414466798076,1726.6881807813456,0.0,48525.728663425834,0.0,0.0,17719.452978336118,62031.83131100522,5940.038511538037,420220.77831022965
T08_F,T08,F,1,S1,2023,62031.83131100522,8014.7714891919895,553.6242668301451,0.0,53463.43555498311,0.0,0.0,17719.452978336118,62031.83131100522,9918.388142065909,420220.77831022965
T08_F,T08,F,1,S1,2024,62031.83131100522,5361.634702884449,320.9470922133502,0.0,56349.24951590743,0.0,0.0,17719.452978336118,62031.83131100522,12571.524928373456,420220.77831022965
T08_F,T08,F,1,S1,2025,62031.83131100522,49.55519684436275,13694.260295404172,0.0,48288.0158187567,0.0,0.0,17719.452978336118,62031.83131100522,17669.897781491756,420220.77831022965
T08_F,T08,F,1,S1,2026,62031.83131100522,49.55519684436275,8692.67339779723,0.0,53289.60271636364,0.0,0.0,17719.452978336118,62031.83131100522,17669.897781491756,420220.77831022965
T09_F,T09,F,1,S1,2020,94043.55979398837,19433.722390537638,651.1850137448778,0.0,73958.65238970588,0.0,0.0,19433.722390537638,94043.55979398837,0.0,387159.212618121
T09_F,T09,F,1,S1,2021,94043.55979398837,18031.4680727192,687.1900742175532,0.0,75324.90164705162,0.0,0.0,19433.722390537638,94043.55979398837,1402.254317818436,387159.212618121
T09_F,T09,F,1,S1,2022,94043.55979398837,12762.369307035558,579.9497513415766,0.0,80701.24073561125,0.0,0.0,19433.722390537638,94043.55979398837,6671.353083502077,387159.212618121
T09_F,T09,F,1,S1,2023,94043.55979398837,10229.639451150335,3439.0474927416035,0.0,80374.87285009645,0.0,0.0,19433.722390537638,94043.55979398837,9204.082939387303,387159.212618121
T09_F,T09,F,1,S1,2024,94043.55979398837,7658.969383718455,3373.2320504880418,0.0,83011.3583597819,0.0,0.0,19433.722390537638,94043.55979398837,11774.753006819183,387159.212618121
T09_F,T09,F,1,S1,2025,94043.55979398837,0.0,62201.30961154114,0.0,31842.250182447246,0.0,0.0,19433.722390537634,94043.55979398837,19433.722390537634,387159.212618121
T09_F,T09,F,1,S1,2026,94043.55979398837,0.0,24650.175367347863,0.0,69393.38442664052,0.0,0.0,19433.722390537638,94043.55979398837,19433.722390537638,387159.212618121
T10_F,T10,F,1,S1,2020,68747.90773671468,15972.58132066914,1684.096793350519,49.16790247898476,51042.06172021603,0.0,0.0,15972.58132066914,68747.90773671468,0.0,354926.9360694437
T10_F,T10,F,1,S1,2021,68747.90773671468,15252.48537358303,6893.955730124081,87.49566506778493,46513.97096793979,0.0,0.0,15972.58132066914,68747.90773671468,1188.5454431870405,354926.9360694437
T10_F,T10,F,1,S1,2022,68747.90773671468,12734.859170023603,4207.530811085421,32.13335424685011,51773.38440135881,0.0,0.0,15972.58132066914,68747.90773671468,3435.1677835801065,354926.9360694437
T10_F,T10,F,1,S1,2023,68747.90773671468,11144.065728370819,4214.501949026071,96.0129373587814,53293.327121958995,0.0,0.0,15972.58132066914,68747.90773671468,5223.406888685039,354926.9360694437
T10_F,T10,F,1,S1,2024,68747.90773671468,10414.678117968992,6342.657738360236,315.13915363386565,51675.43272675158,0.0,0.0,15972.58132066914,68747.90773671468,5952.794499086866,354926.9360694437
T10_F,T10,F,1,S1,2025,68747.90773671468,0.0,51509.729026734596,306.6218752393535,16931.55683474073,0.0,0.0,15972.58132066914,68747.90773671468,15972.58132066914,354926.9360694437
T10_F,T10,F,1,S1,2026,68747.90773671468,0.0,13626.85881006577,171.50696070054,54949.54196594836,0.0,0.0,15972.58132066914,68747.90773671468,15972.58132066914,354926.9360694437
T11_F,T11,F,1,S1,2020,53932.807218304806,19932.317463953354,357.72503859576057,0.0,33642.76471575568,0.0,0.0,19932.317463953354,53932.807218304806,0.0,324781.96667953185
T11_F,T11,F,1,S1,2021,53932.807218304806,16489.79650863947,49.16784168318206,0.0,37393.84286798215,0.0,0.0,19932.317463953354,53932.807218304806,3800.245993909649,324781.96667953185
T11_F,T11,F,1,S1,2022,53932.807218304806,13634.967027761422,1308.1739412494735,0.0,38989.666249293914,0.0,0.0,19932.317463953354,53932.807218304806,6655.075474787693,324781.96667953185
T11_F,T11,F,1,S1,2023,53932.807218304806,11466.550174309225,197.44549560546875,0.0,42268.811548390106,0.0,0.0,19932.317463953354,53932.807218304806,8553.649967298321,324781.96667953185
T11_F,T11,F,1,S1,2024,53932.807218304806,9754.194942369646,142.8576680800494,0.0,44035.75460785511,0.0,0.0,19932.317463953354,53932.807218304806,10266.005199237898,324781.96667953185
T11_F,T11,F,1,S1,2025,53932.807218304806,98.7226333618164,45583.5749060238,0.0,8250.509678919176,0.0,0.0,19932.317463953354,53932.807218304806,19833.594830591537,324781.96667953185
T11_F,T11,F,1,S1,2026,53932.807218304806,0.0,9709.278044068578,0.0,44223.52917423622,0.0,0.0,19932.317463953354,53932.807218304806,19932.317463953354,324781.96667953185
T12_F,T12,F,1,S1,2020,68870.47893063416,6903.617300923665,23243.970194528618,0.0,38722.89143518187,0.0,0.0,6903.617300923665,68870.47893063416,0.0,316629.537573332
T12_F,T12,F,1,S1,2021,68870.47893063416,8332.966701702042,12861.82372645958,0.0,47675.68850247253,0.0,0.0,6903.617300923665,68870.47893063416,789.7812271118164,316629.537573332
T12_F,T12,F,1,S1,2022,68870.47893063416,5615.577023405187,10739.092228309783,0.0,52515.80967891918,0.0,0.0,6903.617300923665,68870.47893063416,1848.242889254701,316629.537573332
T12_F,T12,F,1,S1,2023,68870.47893063416,5084.797394875919,5557.119003535252,0.0,58228.562532222975,0.0,0.0,6903.617300923665,68870.47893063416,2477.745135886996,316629.537573332
T12_F,T12,F,1,S1,2024,68870.47893063416,5600.478090892118,7066.995236116296,0.0,56203.00560362573,0.0,0.0,6903.617300923665,68870.47893063416,2675.1904941633634,316629.537573332
T12_F,T12,F,1,S1,2025,68870.47893063416,113.0471363441617,53984.26531919591,0.0,14773.166475094069,0.0,0.0,6903.617300923665,68870.47893063416,6790.570164579504,316629.537573332
T12_F,T12,F,1,S1,2026,68870.47893063416,13.550162221871172,17307.434254665,0.0,51549.49451374728,0.0,0.0,6903.617300923665,68870.47893063416,6890.067138701795,316629.53757333197
T13_F,T13,F,1,S1,2020,73576.05362680474,173.82972100949758,66309.26961813537,0.0,7092.95428765989,0.0,0.0,173.82972100949758,73576.05362680474,0.0,408731.4139520981
T13_F,T13,F,1,S1,2021,73576.05362680474,173.82972100949758,59123.798019678485,0.0,14278.425886116776,0.0,0.0,173.82972100949758,73576.05362680474,0.0,408731.4139520981
T13_F,T13,F,1,S1,2022,73576.05362680474,0.0,39239.453492317945,0.0,34336.60013448679,0.0,0.0,173.82972100949758,73576.05362680474,173.82972100949758,408731.4139520981
T13_F,T13,F,1,S1,2023,73576.05362680474,0.0,20477.066784907325,0.0,53098.986841897415,0.0,0.0,173.82972100949758,73576.05362680474,173.82972100949758,408731.4139520981
T13_F,T13,F,1,S1,2024,73576.05362680474,0.0,14682.612477411009,0.0,58893.44114939373,0.0,0.0,173.82972100949758,73576.05362680474,173.82972100949758,408731.4139520981
T13_F,T13,F,1,S1,2025,73576.05362680474,0.0,55043.6367715873,0.0,18532.416855217427,0.0,0.0,173.82972100949758,73576.05362680474,173.82972100949758,408731.4139520981
T13_F,T13,F,1,S1,2026,73576.05362680474,0.0,5904.790613720464,0.0,67671.26301308429,0.0,0.0,173.82972100949758,73576.05362680474,173.82972100949758,408731.4139520981
T14_F,T14,F,1,S1,2020,68175.87756652832,8477.03230925915,8444.496838767856,0.0,51254.34841850132,0.0,0.0,8477.03230925915,68175.87756652832,0.0,343308.41676034377
T14_F,T14,F,1,S1,2021,68175.87756652832,4874.604041185565,8211.4356218525,0.0,55089.83790349026,0.0,0.0,8477.03230925915,68175.87756652832,3602.4282680735873,343308.41676034377
T14_F,T14,F,1,S1,2022,68175.87756652832,639.571724057665,8009.731218345494,0.0,59526.57462412517,0.0,0.0,8477.03230925915,68175.87756652832,7837.460585201486,343308.41676034377
T14_F,T14,F,1,S1,2023,68175.87756652832,89.04441863415289,6811.506109110514,0.0,61275.32703878365,0.0,0.0,8477.03230925915,68175.87756652832,8387.987890624998,343308.41676034377
T14_F,T14,F,1,S1,2024,68175.87756652832,0.0,17103.505827152025,0.0,51072.3717393763,0.0,0.0,8477.03230925915,68175.87756652832,8477.03230925915,343308.41676034377
T14_F,T14,F,1,S1,2025,68175.87756652832,0.0,31736.582143596574,0.0,36439.29542293175,0.0,0.0,8477.03230925915,68175.87756652832,8477.03230925915,343308.41676034377
T14_F,T14,F,1,S1,2026,68175.87756652832,0.0,12701.206149351834,0.0,55474.6714171765,0.0,0.0,8477.03230925915,68175.87756652832,8477.03230925915,343308.41676034377
T15_F,T15,F,1,S1,2020,55443.74824320474,5840.932894448673,2209.851177499809,0.0,47392.96417125626,0.0,0.0,5840.932894448673,55443.74824320474,0.0,488911.5785274729
T15_F,T15,F,1,S1,2021,55443.74824320474,3338.3952818328257,3471.1858795465223,0.0,48634.16708182539,0.0,0.0,5840.932894448673,55443.74824320474,2502.537612615847,488911.5785274729
T15_F,T15,F,1,S1,2022,55443.74824320474,1747.9827966129078,8478.970237642174,0.0,45216.79520894966,0.0,0.0,5840.932894448673,55443.74824320474,4092.950097835765,488911.5785274729
T15_F,T15,F,1,S1,2023,55443.74824320474,1304.3087649177103,12430.222777662091,0.0,41709.21670062495,0.0,0.0,5840.932894448673,55443.74824320474,4536.624129530963,488911.5785274729
T15_F,T15,F,1,S1,2024,55443.74824320474,98.72327423095703,16086.08269470813,0.0,39258.942274265646,0.0,0.0,5840.932894448673,55443.74824320474,5742.209620217716,488911.5785274729
T15_F,T15,F,1,S1,2025,55443.74824320474,0.0,23573.17649898155,0.0,31870.571744223198,0.0,0.0,5840.932894448673,55443.74824320474,5840.932894448673,488911.5785274729
T15_F,T15,F,1,S1,2026,55443.74824320474,0.0,680.6096807741651,0.0,54763.13856243057,0.0,0.0,5840.932894448673,55443.74824320474,5840.932894448673,488911.5785274729
T16_F,T16,F,1,S1,2020,59355.77334516936,6033.721902884689,8868.813287174,0.0,44453.23815511069,0.0,0.0,6033.721902884689,59355.77334516936,0.0,453260.64242840937
T16_F,T16,F,1,S1,2021,59355.77334516936,1096.0181657379749,12384.904086393472,0.0,45874.85109303793,0.0,0.0,6033.721902884689,59355.77334516936,4937.703737146714,453260.64242840937
T16_F,T16,F,1,S1,2022,59355.77334516936,0.0,17205.697181911095,0.0,42150.07616325827,0.0,0.0,6033.72190288469,59355.77334516936,6033.72190288469,453260.64242840937
T16_F,T16,F,1,S1,2023,59355.77334516936,0.0,28083.82239565381,0.0,31271.950949515547,0.0,0.0,6033.721902884689,59355.77334516936,6033.721902884689,453260.64242840937
T16_F,T16,F,1,S1,2024,59355.77334516936,394.8921813964844,24359.83283233642,0.0,34601.04833143645,0.0,0.0,6033.721902884689,59355.77334516936,6033.721902884689,453260.64242840937
T16_F,T16,F,1,S1,2025,59355.77334516936,0.0,32159.72404578714,0.0,27196.04929938222,0.0,0.0,6033.721902884689,59355.77334516936,6033.721902884689,453260.64242840937
T16_F,T16,F,1,S1,2026,59355.77334516936,0.0,2899.7490625418864,0.0,56456.02428262748,0.0,0.0,6033.721902884689,59355.77334516936,6033.721902884689,453260.64242840937
T17_F,T17,F,1,S1,2020,57861.549933220354,481.9987681968539,7266.757246757957,0.0,50112.79391826554,0.0,0.0,481.9987681968539,57861.549933220354,0.0,364981.5315452426
T17_F,T17,F,1,S1,2021,57861.549933220354,98.72271728515625,5335.279533416151,0.0,52427.54768251904,0.0,0.0,481.9987681968539,57861.549933220354,383.27605091169767,364981.5315452425
T17_F,T17,F,1,S1,2022,57861.549933220354,0.0,4370.508578820322,0.0,53491.04135440003,0.0,0.0,481.9987681968539,57861.549933220354,481.9987681968539,364981.5315452425
T17_F,T17,F,1,S1,2023,57861.549933220354,0.0,1419.6706115722654,0.0,56441.87932164809,0.0,0.0,481.9987681968539,57861.549933220354,481.9987681968539,364981.5315452425
T17_F,T17,F,1,S1,2024,57861.549933220354,0.0,1989.5523188572306,0.0,55871.99761436312,0.0,0.0,481.9987681968539,57861.549933220354,481.9987681968539,364981.5315452425
T17_F,T17,F,1,S1,2025,57861.549933220354,0.0,8320.189537347533,0.0,49541.36039587282,0.0,0.0,481.9987681968539,57861.549933220354,481.9987681968539,364981.5315452425
T17_F,T17,F,1,S1,2026,57861.549933220354,0.0,5917.941981296914,0.0,51943.60795192344,0.0,0.0,481.9987681968539,57861.549933220354,481.9987681968539,364981.5315452425
T18_F,T18,F,1,S1,2020,61486.533189302325,45034.34881322524,4165.698773103602,0.0,12286.48560297349,0.0,0.0,45034.34881322524,61486.533189302325,0.0,528600.4682448442
T18_F,T18,F,1,S1,2021,61486.533189302325,40861.68599838557,3812.620057678222,0.0,16812.22713323855,0.0,0.0,45034.34881322524,61486.533189302325,4370.107532246908,528600.4682448442
T18_F,T18,F,1,S1,2022,61486.533189302325,37599.21218162985,4782.420479389266,0.0,19104.900528283215,0.0,0.0,45034.34881322524,61486.533189302325,7731.303707706227,528600.4682448442
T18_F,T18,F,1,S1,2023,61486.533189302325,33257.37507973465,5100.6521791944315,0.0,23128.50593037325,0.0,0.0,45034.34881322524,61486.533189302325,11776.973733490591,528600.4682448442
T18_F,T18,F,1,S1,2024,61486.533189302325,33216.337205206175,4619.04518662995,0.0,23651.150797466205,0.0,0.0,45034.34881322524,61486.533189302325,11818.011608019064,528600.4682448442
T18_F,T18,F,1,S1,2025,61486.533189302325,27195.0696780934,7668.590564982097,0.0,26622.87294622683,0.0,0.0,45034.34881322524,61486.533189302325,18987.55582688275,528600.4682448442
T18_F,T18,F,1,S1,2026,61486.533189302325,0.0,9165.678668631761,0.0,52320.85452067058,0.0,0.0,45034.34881322524,61486.533189302325,45034.34881322524,528600.4682448442
T19_F,T19,F,1,S1,2020,70578.74438778749,47482.104861300584,15672.761256378773,0.0,7423.878270108093,0.0,0.0,47482.104861300584,70578.74438778749,0.0,887933.4897022921
T19_F,T19,F,1,S1,2021,70578.74438778749,39647.46725368126,15674.30973735136,0.0,15256.967396754842,0.0,0.0,47482.104861300584,70578.74438778749,7933.359424635944,887933.4897022921
T19_F,T19,F,1,S1,2022,70578.74438778749,32345.148286886775,24688.96437171486,0.0,13544.631729185814,0.0,0.0,47482.104861300584,70578.74438778749,15334.400208447027,887933.4897022921
T19_F,T19,F,1,S1,2023,70578.74438778749,24032.763621520997,33007.92151911117,0.0,13538.059247155283,0.0,0.0,47482.104861300584,70578.74438778749,23449.341239779602,887933.4897022921
T19_F,T19,F,1,S1,2024,70578.74438778749,29540.66437727984,23966.16590456494,0.0,17071.91410594267,0.0,0.0,47482.104861300584,70578.74438778749,19915.876961681886,887933.4897022921
T19_F,T19,F,1,S1,2025,70578.74438778749,34781.82578660552,19522.13655892166,0.0,16274.782042260264,0.0,0.0,47482.104861300584,70578.74438778749,16775.360198406142,887933.4897022921
T19_F,T19,F,1,S1,2026,70578.74438778749,0.0,7163.718337533989,0.0,63415.02605025349,0.0,0.0,47482.104861300584,70578.74438778749,47482.104861300584,887933.4897022921
T20_F,T20,F,1,S1,2020,65041.41960356469,62487.428114378694,1130.4616657331878,0.0,1423.5298234528186,0.0,0.0,62487.428114378694,65041.41960356469,0.0,990354.8620023844
T20_F,T20,F,1,S1,2021,65041.41960356469,63375.92446752811,90.97895753149893,0.0,1574.5161785050934,0.0,0.0,62487.428114378694,65041.41960356469,0.0,990354.8620023844
T20_F,T20,F,1,S1,2022,65041.41960356469,58251.68250041289,662.4040322995653,0.0,6127.333070852243,0.0,0.0,62487.428114378694,65041.41960356469,4630.632874402813,990354.8620023844
T20_F,T20,F,1,S1,2024,65041.41960356469,57109.21918029786,1809.125723954743,0.0,6123.074699312097,0.0,0.0,62487.428114378694,65041.41960356469,5476.930712950463,990354.8620023844
T20_F,T20,F,1,S1,2023,65041.4196035647,58732.12861764945,1671.3024460736442,0.0,4637.988539841595,0.0,0.0,62487.428114378694,65041.4196035647,4409.186343832577,990354.8620023844
T20_F,T20,F,1,S1,2025,65041.4196035647,35003.6625790166,1930.688949764476,0.0,28107.068074783623,0.0,0.0,62487.428114378694,65041.4196035647,27681.20913124832,990354.8620023844
T20_F,T20,F,1,S1,2026,65041.4196035647,143.24352440927544,5728.575274927476,0.0,59169.60080422796,0.0,0.0,62487.428114378694,65041.4196035647,62344.184589969416,990354.8620023844
T21_F,T21,F,1,S1,2020,66368.97637059829,66368.97637059829,0.0,0.0,0.0,0.0,0.0,66368.97637059829,66368.97637059829,0.0,877459.7934539195
T21_F,T21,F,1,S1,2021,66368.97637059829,65974.08873632095,0.0,0.0,394.88763427734375,0.0,0.0,66368.97637059829,66368.97637059829,394.88763427734375,877459.7934539195
T21_F,T21,F,1,S1,2022,66368.97637059829,65480.47936895034,493.60936737060547,0.0,394.88763427734375,0.0,0.0,66368.97637059829,66368.97637059829,888.4970016479492,877459.7934539195
T21_F,T21,F,1,S1,2023,66368.97637059829,65974.08873632095,0.0,0.0,394.88763427734375,0.0,0.0,66368.97637059829,66368.97637059829,394.88763427734375,877459.7934539195
T21_F,T21,F,1,S1,2024,66368.97637059829,65974.08873632095,0.0,0.0,394.88763427734375,0.0,0.0,66368.97637059829,66368.97637059829,394.88763427734375,877459.7934539195
T21_F,T21,F,1,S1,2025,66368.97637059829,65884.27122617236,0.0,0.0,484.70514442593446,0.0,0.0,66368.97637059829,66368.97637059829,484.70514442593446,877459.7934539195
T21_F,T21,F,1,S1,2026,66368.97637059829,403.79209388284124,10100.602201334636,0.0,55864.58207538081,0.0,0.0,66368.97637059829,66368.97637059829,65965.18427671544,877459.7934539195
T22_F,T22,F,1,S1,2020,63427.863651021325,63427.863651021325,0.0,0.0,0.0,0.0,0.0,63427.863651021325,63427.863651021325,0.0,744161.1951485437
T22_F,T22,F,1,S1,2021,63427.863651021325,63427.863651021325,0.0,0.0,0.0,0.0,0.0,63427.863651021325,63427.863651021325,0.0,744161.1951485437
T22_F,T22,F,1,S1,2022,63427.863651021325,63427.863651021325,0.0,0.0,0.0,0.0,0.0,63427.863651021325,63427.863651021325,0.0,744161.1951485437
T22_F,T22,F,1,S1,2023,63427.863651021325,63427.863651021325,0.0,0.0,0.0,0.0,0.0,63427.863651021325,63427.863651021325,0.0,744161.1951485437
T22_F,T22,F,1,S1,2024,63427.863651021325,63427.863651021325,0.0,0.0,0.0,0.0,0.0,63427.863651021325,63427.863651021325,0.0,744161.1951485437
T22_F,T22,F,1,S1,2025,63427.863651021325,63427.863651021325,0.0,0.0,0.0,0.0,0.0,63427.863651021325,63427.863651021325,0.0,744161.1951485437
T22_F,T22,F,1,S1,2026,63427.863651021325,168.40807154038373,20551.577582325655,0.0,42707.87799715528,0.0,0.0,63427.863651021325,63427.863651021325,63259.45557948093,744161.1951485437
T23_F,T23,F,1,S1,2020,62501.44834657556,62501.44834657556,0.0,0.0,0.0,0.0,0.0,62501.44834657556,62501.44834657556,0.0,837132.3495866362
T23_F,T23,F,1,S1,2021,62501.44834657556,62501.44834657556,0.0,0.0,0.0,0.0,0.0,62501.44834657556,62501.44834657556,0.0,837132.3495866362
T23_F,T23,F,1,S1,2022,62501.44834657556,62501.44834657556,0.0,0.0,0.0,0.0,0.0,62501.44834657556,62501.44834657556,0.0,837132.3495866362
T23_F,T23,F,1,S1,2023,62501.44834657556,62501.44834657556,0.0,0.0,0.0,0.0,0.0,62501.44834657556,62501.44834657556,0.0,837132.3495866362
T23_F,T23,F,1,S1,2024,62501.44834657556,62501.44834657556,0.0,0.0,0.0,0.0,0.0,62501.44834657556,62501.44834657556,0.0,837132.3495866362
T23_F,T23,F,1,S1,2025,62501.44834657556,62501.44834657556,0.0,0.0,0.0,0.0,0.0,62501.44834657556,62501.44834657556,0.0,837132.3495866362
T23_F,T23,F,1,S1,2026,62501.44834657556,0.0,8221.020802247289,0.0,54280.427544328275,0.0,0.0,62501.44834657556,62501.44834657556,62501.44834657556,837132.3495866362
T24_F,T24,F,1,S1,2020,72325.72460434858,72325.72460434858,0.0,0.0,0.0,0.0,0.0,72325.72460434858,72325.72460434858,0.0,980000.7983982463
T24_F,T24,F,1,S1,2021,72325.72460434858,72325.72460434858,0.0,0.0,0.0,0.0,0.0,72325.72460434858,72325.72460434858,0.0,980000.7983982463
T24_F,T24,F,1,S1,2022,72325.72460434858,72325.72460434858,0.0,0.0,0.0,0.0,0.0,72325.72460434858,72325.72460434858,0.0,980000.7983982463
T24_F,T24,F,1,S1,2023,72325.72460434858,72325.72460434858,0.0,0.0,0.0,0.0,0.0,72325.72460434858,72325.72460434858,0.0,980000.7983982463
T24_F,T24,F,1,S1,2024,72325.72460434858,72325.72460434858,0.0,0.0,0.0,0.0,0.0,72325.72460434858,72325.72460434858,0.0,980000.7983982463
T24_F,T24,F,1,S1,2025,72325.72460434858,65333.48838689469,0.0,0.0,6992.2362174539,0.0,0.0,72325.72460434858,72325.72460434858,6992.2362174539,980000.7983982463
T24_F,T24,F,1,S1,2026,72325.72460434858,383.6610580145143,12888.460796101888,0.0,59053.60275023218,0.0,0.0,72325.72460434858,72325.72460434858,71942.06354633407,980000.7983982463
T25_F,T25,F,1,S1,2020,76048.78518640854,73329.85027005064,13.163021850585936,0.0,2705.7718945073143,0.0,0.0,73329.85027005064,76048.78518640854,0.0,1004713.8148978439
T25_F,T25,F,1,S1,2021,76048.78518640854,69886.55996297201,2552.8515526266656,0.0,3609.373670809877,0.0,0.0,73329.85027005064,76048.78518640854,3456.453328929228,1004713.8148978439
T25_F,T25,F,1,S1,2022,76048.78518640854,70118.46228892008,2392.185437101476,0.0,3538.137460386987,0.0,0.0,73329.85027005064,76048.78518640854,3224.5510029811485,1004713.8148978439
T25_F,T25,F,1,S1,2023,76048.78518640854,69512.57689565023,2907.478823463589,0.0,3628.729467294731,0.0,0.0,73329.85027005064,76048.78518640854,3817.273374400419,1004713.8148978439
T25_F,T25,F,1,S1,2024,76048.78518640854,69410.37694331151,708.8666689704446,0.0,5929.541574126599,0.0,0.0,73329.85027005064,76048.78518640854,4130.081577166389,1004713.8148978439
T25_F,T25,F,1,S1,2025,76048.78518640854,54751.44199197805,8751.468370714374,0.0,12545.874823716109,0.0,0.0,73329.85027005064,76048.78518640854,18591.571299923165,1004713.8148978439
T25_F,T25,F,1,S1,2026,76048.78518640854,310.49211063759003,23444.06422107173,0.0,52294.22885469922,0.0,0.0,73329.85027005064,76048.78518640854,73019.35815941305,1004713.8148978439
T26_F,T26,F,1,S1,2020,87995.74394884295,67975.51248142018,15064.342894370882,0.0,4955.888573051901,0.0,0.0,67975.51248142018,87995.74394884295,0.0,1047837.6655137006
T26_F,T26,F,1,S1,2021,87995.74394884295,45798.119214405735,23448.0288088331,0.0,18749.595925604128,0.0,0.0,67975.51248142018,87995.74394884295,24520.02996033313,1047837.6655137006
T26_F,T26,F,1,S1,2022,87995.74394884295,17346.96803403368,57961.53313580681,0.0,12687.24277900247,0.0,0.0,67975.51248142018,87995.74394884295,52623.908424616806,1047837.6655137006
T26_F,T26,F,1,S1,2023,87995.74394884295,10423.973369463753,64788.514892338775,0.0,12783.25568704044,0.0,0.0,67975.51248142018,87995.74394884295,58379.64999030619,1047837.6655137006
T26_F,T26,F,1,S1,2024,87995.74394884295,27796.09684597838,36272.324789757826,0.0,23927.322313106757,0.0,0.0,67975.51248142018,87995.74394884295,43567.35358808929,1047837.6655137006
T26_F,T26,F,1,S1,2025,87995.74394884295,384.0513146493949,49959.1817156025,0.0,37652.51091859107,0.0,0.0,67975.51248142018,87995.74394884295,67591.4611667708,1047837.6655137006
T26_F,T26,F,1,S1,2026,87995.74394884295,1009.6818018595377,37239.42496062634,0.0,49746.63718635709,0.0,0.0,67975.51248142018,87995.74394884295,66965.83067956065,1047837.6655137006
T27_F,T27,F,1,S1,2022,74547.78237514122,15202.551923504998,49644.45150044759,0.0,9700.778951188628,0.0,0.0,72014.66708837771,74547.78237514122,56812.11516487271,851984.7462076823
T27_F,T27,F,1,S1,2020,74547.78237514124,72014.66708837771,1018.5887304867015,0.0,1514.5265562768072,0.0,0.0,72014.66708837771,74547.78237514124,0.0,851984.7462076824
T27_F,T27,F,1,S1,2021,74547.78237514124,63852.411004907946,6109.59481419582,0.0,4585.776556037454,0.0,0.0,72014.66708837771,74547.78237514124,8162.256083469765,851984.7462076824
T27_F,T27,F,1,S1,2023,74547.78237514124,18240.887608157882,47314.20989191392,0.0,8992.684875069412,0.0,0.0,72014.66708837771,74547.78237514124,53773.77948021982,851984.7462076824
T27_F,T27,F,1,S1,2024,74547.78237514124,6959.768636097628,55058.340244008956,0.0,12529.673495034613,0.0,0.0,72014.66708837771,74547.78237514124,65153.62128400615,851984.7462076824
T27_F,T27,F,1,S1,2025,74547.78237514124,0.0,25329.969884206734,0.0,49217.812490934484,0.0,0.0,72014.66708837771,74547.78237514124,72014.66708837771,851984.7462076824
T27_F,T27,F,1,S1,2026,74547.78237514124,0.0,31262.24696077832,0.0,43285.535414362894,0.0,0.0,72014.66708837771,74547.78237514124,72014.66708837771,851984.7462076824
T28_F,T28,F,1,S1,2020,69650.60441095689,69650.60441095689,0.0,0.0,0.0,0.0,0.0,69650.60441095689,69650.60441095689,0.0,710423.9952744428
T28_F,T28,F,1,S1,2021,69650.60441095689,69650.60441095689,0.0,0.0,0.0,0.0,0.0,69650.60441095689,69650.60441095689,0.0,710423.9952744428
T28_F,T28,F,1,S1,2022,69650.60441095689,48014.06122753665,12660.129813100779,0.0,8976.41337031944,0.0,0.0,69650.60441095689,69650.60441095689,21636.543183420225,710423.9952744428
T28_F,T28,F,1,S1,2023,69650.60441095689,46900.23740901571,20044.59020131429,0.0,2705.776800626867,0.0,0.0,69650.60441095689,69650.60441095689,22750.367001941162,710423.9952744428
T28_F,T28,F,1,S1,2024,69650.60441095689,51081.051499579946,9104.559721643784,0.0,9464.99318973317,0.0,0.0,69650.60441095689,69650.60441095689,18569.55291137695,710423.9952744428
T28_F,T28,F,1,S1,2025,69650.60441095689,0.0,32502.22286460727,0.0,37148.38154634963,0.0,0.0,69650.60441095689,69650.60441095689,69650.60441095689,710423.9952744428
T28_F,T28,F,1,S1,2026,69650.60441095689,0.0,30514.9933355294,0.0,39135.611075427485,0.0,0.0,69650.60441095689,69650.60441095689,69650.60441095689,710423.9952744428
T29_F,T29,F,1,S1,2020,86973.85140036789,86587.47800272025,0.0,0.0,386.3733976476333,0.0,0.0,86587.47800272025,86973.85140036789,0.0,997329.9425474874
T29_F,T29,F,1,S1,2021,86973.85140036789,86587.47800272025,0.0,0.0,386.3733976476333,0.0,0.0,86587.47800272025,86973.85140036789,0.0,997329.9425474874
T29_F,T29,F,1,S1,2022,86973.85140036789,86576.63788550881,0.0,0.0,397.21351485906865,0.0,0.0,86587.47800272025,86973.85140036789,10.840117211435356,997329.9425474874
T29_F,T29,F,1,S1,2023,86973.85140036789,84806.21283533433,0.0,0.0,2167.638565033558,0.0,0.0,86587.47800272025,86973.85140036789,1781.2651673859243,997329.9425474874
T29_F,T29,F,1,S1,2024,86973.85140036789,84411.32243921616,98.72266387939453,0.0,2463.8062972723274,0.0,0.0,86587.47800272025,86973.85140036789,2176.1555635040886,997329.9425474874
T29_F,T29,F,1,S1,2025,86973.85140036789,236.9341498580633,45293.54941654579,0.0,41443.36783396403,0.0,0.0,86587.47800272025,86973.85140036789,86350.54385286219,997329.9425474874
T29_F,T29,F,1,S1,2026,86973.85140036789,25.551714010799632,34581.17797420726,0.0,52367.12171214981,0.0,0.0,86587.47800272025,86973.85140036789,86561.92628870945,997329.9425474874
T30_F,T30,F,1,S1,2020,92430.63649941237,81871.97258665794,3032.1374854592723,0.0,7526.526427295162,0.0,0.0,81871.97258665794,92430.63649941237,0.0,1304425.3403466318
T30_F,T30,F,1,S1,2021,92430.63649941237,82409.33307372447,1855.983432006836,0.0,8165.319993681067,0.0,0.0,81871.97258665794,92430.63649941237,0.0,1304425.3403466318
T30_F,T30,F,1,S1,2022,92430.63649941237,82322.9991963405,1859.4681785134708,0.0,8248.169124558393,0.0,0.0,81871.97258665794,92430.63649941237,0.0,1304425.3403466318
T30_F,T30,F,1,S1,2023,92430.63649941237,82636.58850582346,2260.9399092431167,0.0,7533.108084345799,0.0,0.0,81871.97258665794,92430.63649941237,197.8323226629519,1304425.3403466318
T30_F,T30,F,1,S1,2024,92430.63649941237,83419.78737819893,405.3431013817881,0.0,8605.506019831639,0.0,0.0,81871.97258665792,92430.63649941237,355.7886138616824,1304425.340346632
T30_F,T30,F,1,S1,2025,92430.63649941237,217.18942634732116,31988.435531556363,0.0,60225.011541508706,0.0,0.0,81871.97258665792,92430.63649941237,81654.78316031063,1304425.340346632
T30_F,T30,F,1,S1,2026,92430.63649941237,41.03757072897518,48166.93182818842,0.0,44222.66710049499,0.0,0.0,81871.97258665794,92430.63649941237,81830.93501592896,1304425.3403466318
T31_F,T31,F,1,S1,2020,73814.99125904754,60945.83800072765,0.0,0.0,12869.153258319933,0.0,0.0,60945.83800072765,73814.99125904754,0.0,966009.5182875684
T31_F,T31,F,1,S1,2021,73814.99125904754,60945.83800072765,0.0,0.0,12869.153258319933,0.0,0.0,60945.83800072765,73814.99125904754,0.0,966009.5182875684
T31_F,T31,F,1,S1,2022,73814.99125904754,60945.83800072765,0.0,0.0,12869.153258319933,0.0,0.0,60945.83800072765,73814.99125904754,0.0,966009.5182875684
T31_F,T31,F,1,S1,2023,73814.99125904754,57368.986473442535,1308.169962235993,0.0,15137.83482336905,0.0,0.0,60945.83800072765,73814.99125904754,3576.851527285108,966009.5182875684
T31_F,T31,F,1,S1,2024,73814.99125904754,57801.04248414883,521.1000855688956,0.0,15492.848689329863,0.0,0.0,60945.83800072765,73814.99125904754,3144.7955165788235,966009.5182875684
T31_F,T31,F,1,S1,2025,73814.99125904754,526.9064743640376,22601.642865528785,0.0,50686.44191915475,0.0,0.0,60945.83800072765,73814.99125904754,60418.93152636361,966009.5182875684
T31_F,T31,F,1,S1,2026,73814.99125904754,140.92134949927237,29058.478585127297,0.0,44615.591324420995,0.0,0.0,60945.83800072765,73814.99125904754,60804.91665122838,966009.5182875684
T32_F,T32,F,1,S1,2020,69558.23823311002,69558.23823311002,0.0,0.0,0.0,0.0,0.0,69558.23823311002,69558.23823311002,0.0,1040879.927566588
T32_F,T32,F,1,S1,2021,69558.23823311002,69558.23823311002,0.0,0.0,0.0,0.0,0.0,69558.23823311002,69558.23823311002,0.0,1040879.9275665879
T32_F,T32,F,1,S1,2022,69558.23823311002,69558.23823311002,0.0,0.0,0.0,0.0,0.0,69558.23823311002,69558.23823311002,0.0,1040879.9275665879
T32_F,T32,F,1,S1,2023,69558.23823311002,69558.23823311002,0.0,0.0,0.0,0.0,0.0,69558.23823311002,69558.23823311002,0.0,1040879.927566588
T32_F,T32,F,1,S1,2024,69558.23823311002,69558.23823311002,0.0,0.0,0.0,0.0,0.0,69558.23823311002,69558.23823311002,0.0,1040879.927566588
T32_F,T32,F,1,S1,2025,69558.23823311002,50445.57605958825,4669.764627015356,0.0,14442.897546506398,0.0,0.0,69558.23823311002,69558.23823311002,19112.662173521756,1040879.927566588
T32_F,T32,F,1,S1,2026,69558.23823311002,135.88845367431642,17077.809341101554,0.0,52344.54043833415,0.0,0.0,69558.23823311002,69558.23823311002,69422.34977943571,1040879.927566588
T33_F,T33,F,1,S1,2020,76763.68099840949,76763.68099840949,0.0,0.0,0.0,0.0,0.0,76763.68099840949,76763.68099840949,0.0,831401.7813249177
T33_F,T33,F,1,S1,2021,76763.68099840949,76763.68099840949,0.0,0.0,0.0,0.0,0.0,76763.68099840949,76763.68099840949,0.0,831401.7813249177
T33_F,T33,F,1,S1,2022,76763.68099840949,76763.68099840949,0.0,0.0,0.0,0.0,0.0,76763.68099840949,76763.68099840949,0.0,831401.7813249177
T33_F,T33,F,1,S1,2023,76763.68099840949,76763.68099840949,0.0,0.0,0.0,0.0,0.0,76763.68099840949,76763.68099840949,0.0,831401.7813249177
T33_F,T33,F,1,S1,2024,76763.68099840949,76763.68099840949,0.0,0.0,0.0,0.0,0.0,76763.68099840949,76763.68099840949,0.0,831401.7813249177
T33_F,T33,F,1,S1,2025,76763.68099840949,71687.04138372085,324.0409357706706,0.0,4752.598678917979,0.0,0.0,76763.68099840949,76763.68099840949,5076.639614688649,831401.7813249177
T33_F,T33,F,1,S1,2026,76763.68099840949,317.8472287346335,27819.52804353003,0.0,48626.30572614483,0.0,0.0,76763.68099840949,76763.68099840949,76445.83376967486,831401.7813249177
T34_F,T34,F,1,S1,2020,69954.42489860384,69892.48164933147,0.0,0.0,61.94324927236519,0.0,0.0,69892.48164933147,69954.42489860384,0.0,588138.949546425
T34_F,T34,F,1,S1,2021,69954.42489860384,69892.48164933147,0.0,0.0,61.94324927236519,0.0,0.0,69892.48164933147,69954.42489860384,0.0,588138.949546425
T34_F,T34,F,1,S1,2022,69954.42489860384,69892.48164933147,0.0,0.0,61.94324927236519,0.0,0.0,69892.48164933147,69954.42489860384,0.0,588138.949546425
T34_F,T34,F,1,S1,2023,69954.42489860384,69661.35597920135,0.0,0.0,293.06891940247783,0.0,0.0,69892.48164933147,69954.42489860384,231.1256701301126,588138.949546425
T34_F,T34,F,1,S1,2024,69954.42489860384,69661.35597920135,0.0,0.0,293.06891940247783,0.0,0.0,69892.48164933147,69954.42489860384,231.1256701301126,588138.949546425
T34_F,T34,F,1,S1,2025,69954.42489860384,35228.64767465031,25597.27728573668,0.0,9128.499938216866,0.0,0.0,69892.48164933147,69954.42489860384,34663.833974681176,588138.949546425
T34_F,T34,F,1,S1,2026,69954.42489860384,739.8345089183135,36228.65746615542,0.0,32985.932923530134,0.0,0.0,69892.48164933147,69954.42489860384,69152.64714041316,588138.949546425
T35_F,T35,F,1,S1,2020,74644.9610917335,74644.9610917335,0.0,0.0,0.0,0.0,0.0,74644.9610917335,74644.9610917335,0.0,827219.9982996322
T35_F,T35,F,1,S1,2021,74644.9610917335,74546.23916027597,0.0,0.0,98.72193145751953,0.0,0.0,74644.9610917335,74644.9610917335,98.72193145751953,827219.9982996322
T35_F,T35,F,1,S1,2022,74644.9610917335,70597.36372540049,0.0,0.0,4047.597366333008,0.0,0.0,74644.9610917335,74644.9610917335,4047.597366333008,827219.9982996322
T35_F,T35,F,1,S1,2023,74644.9610917335,69864.8860989141,0.0,0.0,4780.074992819393,0.0,0.0,74644.9610917335,74644.9610917335,4780.074992819393,827219.9982996322
T35_F,T35,F,1,S1,2024,74644.9610917335,69864.8860989141,0.0,0.0,4780.074992819393,0.0,0.0,74644.9610917335,74644.9610917335,4780.074992819393,827219.9982996322
T35_F,T35,F,1,S1,2025,74644.9610917335,39930.87533258177,6471.892615912943,0.0,28242.19314323874,0.0,0.0,74644.9610917335,74644.9610917335,34714.08575915168,827219.9982996322
T35_F,T35,F,1,S1,2026,74644.9610917335,16141.224740361235,24137.296168129113,0.0,34366.44018324309,0.0,0.0,74644.9610917335,74644.9610917335,58503.73635137223,827219.9982996322
T36_F,T36,F,1,S1,2020,81460.81663333665,81460.81663333665,0.0,0.0,0.0,0.0,0.0,81460.81663333665,81460.81663333665,0.0,873152.7175575404
T36_F,T36,F,1,S1,2021,81460.81663333665,81460.81663333665,0.0,0.0,0.0,0.0,0.0,81460.81663333665,81460.81663333665,0.0,873152.7175575404
T36_F,T36,F,1,S1,2022,81460.81663333665,81303.24896820664,58.845954924938724,0.0,98.72171020507812,0.0,0.0,81460.81663333665,81460.81663333665,157.56766513001685,873152.7175575404
T36_F,T36,F,1,S1,2023,81460.81663333665,81362.09492313158,0.0,0.0,98.72171020507812,0.0,0.0,81460.81663333665,81460.81663333665,98.72171020507812,873152.7175575404
T36_F,T36,F,1,S1,2024,81460.81663333665,81362.09492313158,0.0,0.0,98.72171020507812,0.0,0.0,81460.81663333665,81460.81663333665,98.72171020507812,873152.7175575404
T36_F,T36,F,1,S1,2026,81460.81663333665,23190.27570133583,29052.80925394694,0.0,29217.731678053915,0.0,0.0,81460.81663333665,81460.81663333665,58270.54093200085,873152.7175575404
T36_F,T36,F,1,S1,2025,81460.81663333667,30485.998678708544,12192.310106703815,0.0,38782.507847924324,0.0,0.0,81460.81663333667,81460.81663333667,50974.81795462813,873152.7175575404
T37_F,T37,F,1,S1,2020,87769.4558419321,87769.4558419321,0.0,0.0,0.0,0.0,0.0,87769.4558419321,87769.4558419321,0.0,1191682.9945070753
T37_F,T37,F,1,S1,2021,87769.4558419321,78715.36624492571,0.0,0.0,9054.089597006407,0.0,0.0,87769.4558419321,87769.4558419321,9054.089597006407,1191682.9945070753
T37_F,T37,F,1,S1,2022,87769.4558419321,78087.03471907074,0.0,0.0,9682.421122861379,0.0,0.0,87769.4558419321,87769.4558419321,9682.421122861379,1191682.9945070753
T37_F,T37,F,1,S1,2023,87769.4558419321,78087.03471907074,0.0,0.0,9682.421122861379,0.0,0.0,87769.4558419321,87769.4558419321,9682.421122861379,1191682.9945070753
T37_F,T37,F,1,S1,2024,87769.4558419321,78087.03471907074,0.0,0.0,9682.421122861379,0.0,0.0,87769.4558419321,87769.4558419321,9682.421122861379,1191682.9945070753
T37_F,T37,F,1,S1,2025,87769.4558419321,48637.87320951575,12802.806184447047,0.0,26328.77644796932,0.0,0.0,87769.4558419321,87769.4558419321,39131.582632416365,1191682.9945070753
T37_F,T37,F,1,S1,2026,87769.4558419321,20851.888617033106,14672.70768555286,0.0,52244.85953934613,0.0,0.0,87769.4558419321,87769.4558419321,66917.567224899,1191682.9945070753
T38_F,T38,F,1,S1,2020,76660.95851458382,76660.95851458382,0.0,0.0,0.0,0.0,0.0,76660.95851458382,76660.95851458382,0.0,1038499.7016043868
T38_F,T38,F,1,S1,2021,76660.95851458382,59258.940561541385,0.0,0.0,17402.01795304242,0.0,0.0,76660.95851458382,76660.95851458382,17402.01795304242,1038499.7016043868
T38_F,T38,F,1,S1,2022,76660.95851458382,56445.196360808724,0.0,0.0,20215.76215377508,0.0,0.0,76660.95851458382,76660.95851458382,20215.76215377508,1038499.7016043868
T38_F,T38,F,1,S1,2023,76660.95851458382,56105.28617849911,0.0,0.0,20555.672336084695,0.0,0.0,76660.95851458382,76660.95851458382,20555.672336084695,1038499.7016043868
T38_F,T38,F,1,S1,2024,76660.95851458382,55710.4019850787,0.0,0.0,20950.556529505106,0.0,0.0,76660.95851458382,76660.95851458382,20950.556529505106,1038499.7016043868
T38_F,T38,F,1,S1,2025,76660.95851458382,53538.53852072323,2764.190139770508,0.0,20358.229854090067,0.0,0.0,76660.95851458382,76660.95851458382,23122.419993860574,1038499.7016043868
T38_F,T38,F,1,S1,2026,76660.95851458384,4293.012439533309,18120.538229070924,0.0,54247.40784597958,0.0,0.0,76660.95851458384,76660.95851458384,72367.94607505051,1038499.7016043868
T39_F,T39,F,1,S1,2020,77635.9056816849,77635.9056816849,0.0,0.0,0.0,0.0,0.0,77635.9056816849,77635.9056816849,0.0,1298870.2495311063
T39_F,T39,F,1,S1,2021,77635.9056816849,60786.430265359304,0.0,0.0,16849.475416325586,0.0,0.0,77635.9056816849,77635.9056816849,16849.475416325586,1298870.2495311063
T39_F,T39,F,1,S1,2022,77635.9056816849,60786.430265359304,0.0,0.0,16849.475416325586,0.0,0.0,77635.9056816849,77635.9056816849,16849.475416325586,1298870.2495311063
T39_F,T39,F,1,S1,2023,77635.9056816849,60786.430265359304,0.0,0.0,16849.475416325586,0.0,0.0,77635.9056816849,77635.9056816849,16849.475416325586,1298870.2495311063
T39_F,T39,F,1,S1,2024,77635.9056816849,60786.430265359304,0.0,0.0,16849.475416325586,0.0,0.0,77635.9056816849,77635.9056816849,16849.475416325586,1298870.2495311063
T39_F,T39,F,1,S1,2025,77635.9056816849,49483.50203256044,2756.0465883142806,0.0,25396.357060810158,0.0,0.0,77635.9056816849,77635.9056816849,28152.40364912444,1298870.2495311063
T39_F,T39,F,1,S1,2026,77635.9056816849,817.6411028394514,20101.48813605215,0.0,56716.776442793314,0.0,0.0,77635.9056816849,77635.9056816849,76818.26457884547,1298870.2495311063
T40_F,T40,F,1,S1,2020,84354.46275658702,84354.46275658702,0.0,0.0,0.0,0.0,0.0,84354.46275658702,84354.46275658702,0.0,1281281.7777611827
T40_F,T40,F,1,S1,2021,84354.46275658702,75439.03386314242,0.0,0.0,8915.428893444585,0.0,0.0,84354.46275658702,84354.46275658702,8915.428893444585,1281281.7777611827
T40_F,T40,F,1,S1,2022,84354.46275658702,75281.85553909003,98.72050476074219,0.0,8973.886712736243,0.0,0.0,84354.46275658702,84354.46275658702,9072.607217496985,1281281.7777611827
T40_F,T40,F,1,S1,2023,84354.46275658702,75380.57604385077,0.0,0.0,8973.886712736243,0.0,0.0,84354.46275658702,84354.46275658702,8973.886712736243,1281281.7777611827
T40_F,T40,F,1,S1,2024,84354.46275658702,75380.57604385077,0.0,0.0,8973.886712736243,0.0,0.0,84354.46275658702,84354.46275658702,8973.886712736243,1281281.7777611827
T40_F,T40,F,1,S1,2025,84354.46275658702,5275.546229553222,16422.042820889343,0.0,62656.873706144455,0.0,0.0,84354.46275658702,84354.46275658702,79078.9165270338,1281281.7777611827
T40_F,T40,F,1,S1,2026,84354.46275658702,3569.811281032188,27666.870085473158,0.0,53117.781390081684,0.0,0.0,84354.46275658702,84354.46275658702,80784.65147555483,1281281.7777611827
T41_F,T41,F,1,S1,2020,68320.56942820833,62000.92967747709,1525.7108903174308,0.0,4793.9288604137955,0.0,0.0,62000.92967747709,68320.56942820833,0.0,961820.4287176391
T41_F,T41,F,1,S1,2021,68320.56942820833,61829.040457721814,699.558386739095,0.0,5791.970583747417,0.0,0.0,62000.92967747709,68320.56942820833,296.1605529785156,961820.4287176391
T41_F,T41,F,1,S1,2022,68320.56942820833,62043.12774020927,296.1605529785156,0.0,5981.281135020538,0.0,0.0,62000.92967747709,68320.56942820833,296.1605529785156,961820.4287176391
T41_F,T41,F,1,S1,2023,68320.56942820833,62339.28829318778,49.94082228716682,0.0,5931.340312733371,0.0,0.0,62000.92967747709,68320.56942820833,296.1605529785156,961820.4287176391
T41_F,T41,F,1,S1,2024,68320.56942820833,62282.37894026814,98.72026824951172,0.0,5939.470219690661,0.0,0.0,62000.92967747709,68320.56942820833,403.0107281853171,961820.4287176391
T41_F,T41,F,1,S1,2025,68320.56942820833,328.6803330664541,10277.355276519176,0.0,57714.53381862268,0.0,0.0,62000.92967747709,68320.56942820833,61672.24934441064,961820.4287176391
T41_F,T41,F,1,S1,2026,68320.56942820833,233.0572240492877,24810.126755837828,0.0,43277.385448321154,0.0,0.0,62000.92967747709,68320.56942820833,61767.87245342781,961820.4287176391
T42_F,T42,F,1,S1,2020,64882.28318209181,64766.52902909822,17.03405259076287,0.0,98.72010040283203,0.0,0.0,64766.52902909822,64882.28318209181,0.0,950360.6186134489
T42_F,T42,F,1,S1,2021,64882.28318209181,64783.563081688975,0.0,0.0,98.72010040283203,0.0,0.0,64766.52902909822,64882.28318209181,0.0,950360.6186134489
T42_F,T42,F,1,S1,2022,64882.28318209181,63648.863355449605,357.327904734892,0.0,876.0919219073128,0.0,0.0,64766.52902909822,64882.28318209181,1134.6997262393727,950360.6186134489
T42_F,T42,F,1,S1,2023,64882.28318209181,63589.24428776761,0.0,0.0,1293.0388943242092,0.0,0.0,64766.52902909822,64882.28318209181,1194.3187939213772,950360.6186134489
T42_F,T42,F,1,S1,2024,64882.28318209181,63212.55974513036,0.0,0.0,1669.7234369614544,0.0,0.0,64766.52902909822,64882.28318209181,1571.0033365586223,950360.6186134489
T42_F,T42,F,1,S1,2025,64882.28318209181,1691.016754838532,12655.133218114515,0.0,50536.133209138774,0.0,0.0,64766.52902909822,64882.28318209181,63092.54632685045,950360.6186134489
T42_F,T42,F,1,S1,2026,64882.28318209181,628.71143134622,26940.110943842876,0.0,37313.46080690274,0.0,0.0,64766.52902909822,64882.28318209181,64137.817597752,950360.6186134489
T43_F,T43,F,1,S1,2020,65841.88239285341,65690.51191148948,95.62278490253523,0.0,55.747696461397055,0.0,0.0,65690.51191148948,65841.88239285341,0.0,804980.6244171738
T43_F,T43,F,1,S1,2021,65841.88239285341,65736.96831470568,38.7136780981924,0.0,66.20040004954618,0.0,0.0,65690.51191148948,65841.88239285341,10.452703588149127,804980.6244171739
T43_F,T43,F,1,S1,2022,65841.88239285341,65680.05920790133,95.62278490253523,0.0,66.20040004954618,0.0,0.0,65690.51191148948,65841.88239285341,10.452703588149127,804980.6244171738
T43_F,T43,F,1,S1,2023,65841.88239285341,65222.46370735919,63.490432081035536,0.0,555.9282534131817,0.0,0.0,65690.51191148948,65841.88239285341,500.18055695178464,804980.6244171738
T43_F,T43,F,1,S1,2024,65841.88239285341,64792.35520908134,0.0,0.0,1049.5271837720684,0.0,0.0,65690.51191148948,65841.88239285341,993.7794873106714,804980.6244171739
T43_F,T43,F,1,S1,2025,65841.88239285341,557.8642571243586,17622.851897894165,0.0,47661.16623783485,0.0,0.0,65690.51191148948,65841.88239285341,65228.27043926766,804980.6244171739
T43_F,T43,F,1,S1,2026,65841.88239285341,130.46510147393917,46274.05848406622,0.0,19437.35880731321,0.0,0.0,65690.51191148948,65841.88239285341,65560.04681001553,804980.6244171738
T44_F,T44,F,1,S1,2020,67940.88816588162,62025.83104577162,0.0,0.0,5915.057120110008,0.0,0.0,62025.83104577162,67940.88816588162,0.0,836912.2343733247
T44_F,T44,F,1,S1,2021,67940.88816588162,61828.391516352676,98.71975708007812,0.0,6013.7768924488755,0.0,0.0,62025.83104577162,67940.88816588162,197.4395294189453,836912.2343733247
T44_F,T44,F,1,S1,2022,67940.88816588162,55538.19807951688,987.1978302001953,0.0,11415.49225616455,0.0,0.0,62025.83104577162,67940.88816588162,6487.63296625474,836912.2343733247
T44_F,T44,F,1,S1,2023,67940.88816588162,54571.13121062638,98.71978759765625,0.0,13271.03716765759,0.0,0.0,62025.83104577162,67940.88816588162,7454.69983514524,836912.2343733247
T44_F,T44,F,1,S1,2024,67940.88816588162,54571.13121062638,0.0,0.0,13369.756955255247,0.0,0.0,62025.83104577162,67940.88816588162,7454.69983514524,836912.2343733247
T44_F,T44,F,1,S1,2025,67940.88816588162,730.5260219499177,21884.81876077091,0.0,45325.54338316076,0.0,0.0,62025.83104577162,67940.88816588162,61295.3050238217,836912.2343733247
T44_F,T44,F,1,S1,2026,67940.88816588162,244.67004639868642,42405.372255991024,0.0,25290.84586349188,0.0,0.0,62025.83104577162,67940.88816588162,61781.160999372936,836912.2343733247
T45_F,T45,F,1,S1,2020,100337.98219287355,98234.2828022976,0.0,0.0,2103.6993905759327,0.0,0.0,98234.2828022976,100337.98219287355,0.0,1486684.2411692897
T45_F,T45,F,1,S1,2021,100337.98219287355,98234.2828022976,0.0,0.0,2103.6993905759327,0.0,0.0,98234.2828022976,100337.98219287355,0.0,1486684.2411692897
T45_F,T45,F,1,S1,2022,100337.98219287355,98234.2828022976,0.0,0.0,2103.6993905759327,0.0,0.0,98234.2828022976,100337.98219287355,0.0,1486684.2411692897
T45_F,T45,F,1,S1,2023,100337.98219287355,98234.2828022976,0.0,0.0,2103.6993905759327,0.0,0.0,98234.2828022976,100337.98219287355,0.0,1486684.2411692897
T45_F,T45,F,1,S1,2024,100337.98219287355,98234.2828022976,0.0,0.0,2103.6993905759327,0.0,0.0,98234.2828022976,100337.98219287355,0.0,1486684.2411692897
T45_F,T45,F,1,S1,2025,100337.98219287355,301.1918040556066,18156.689532799814,0.0,81880.1008560181,0.0,0.0,98234.2828022976,100337.98219287355,97933.090998242,1486684.2411692897
T45_F,T45,F,1,S1,2026,100337.98219287355,712.7173160627777,45651.11732402128,0.0,53974.147552789465,0.0,0.0,98234.2828022976,100337.98219287355,97521.56548623482,1486684.2411692897
T46_F,T46,F,1,S1,2021,101765.38378846411,101456.83615549124,98.7197265625,0.0,209.8279064103669,0.0,0.0,101765.38378846411,101765.38378846411,308.5476329728669,1486934.4261646946
T46_F,T46,F,1,S1,2023,101765.38378846411,93673.07046505797,1776.9558639526367,0.0,6315.357459453508,0.0,0.0,101765.38378846411,101765.38378846411,8092.313323406145,1486934.4261646946
T46_F,T46,F,1,S1,2025,101765.38378846411,74.33026194852941,36806.21327628341,0.0,64884.840250232155,0.0,0.0,101765.38378846411,101765.38378846411,101691.05352651558,1486934.4261646946
T46_F,T46,F,1,S1,2020,101765.38378846413,101765.38378846413,0.0,0.0,0.0,0.0,0.0,101765.38378846413,101765.38378846413,0.0,1486934.4261646944
T46_F,T46,F,1,S1,2022,101765.38378846413,94801.18638877122,3850.071876525879,0.0,3114.1255231670298,0.0,0.0,101765.38378846413,101765.38378846413,6964.197399692909,1486934.4261646944
T46_F,T46,F,1,S1,2024,101765.38378846413,93056.36180168601,0.0,0.0,8709.02198677811,0.0,0.0,101765.38378846413,101765.38378846413,8709.02198677811,1486934.4261646944
T46_F,T46,F,1,S1,2026,101765.38378846413,207.117914686016,42650.04464359657,0.0,58908.2212301815,0.0,0.0,101765.38378846413,101765.38378846413,101558.26587377812,1486934.4261646946
T47_F,T47,F,1,S1,2020,130169.67281760421,124954.55365884819,0.0,0.0,5215.1191587560315,0.0,0.0,124954.55365884819,130169.67281760421,0.0,1669453.7103619745
T47_F,T47,F,1,S1,2021,130169.67281760421,124954.55365884819,0.0,0.0,5215.1191587560315,0.0,0.0,124954.55365884819,130169.67281760421,0.0,1669453.7103619745
T47_F,T47,F,1,S1,2022,130169.67281760421,121725.83356155695,0.0,0.0,8443.839256047268,0.0,0.0,124954.55365884819,130169.67281760421,3228.720097291236,1669453.7103619745
T47_F,T47,F,1,S1,2023,130169.67281760421,120147.08994266286,73.9431365966797,0.0,9948.639738344678,0.0,0.0,124954.55365884819,130169.67281760421,4807.463716185327,1669453.7103619745
T47_F,T47,F,1,S1,2024,130169.67281760421,118913.67187649595,209.4409309536803,0.0,11046.560010154575,0.0,0.0,124954.55365884819,130169.67281760421,6040.881782352223,1669453.7103619745
T47_F,T47,F,1,S1,2025,130169.67281760421,180.01847794476677,28610.5574117025,0.0,101379.096927957,0.0,0.0,124954.55365884819,130169.67281760421,124774.53518090342,1669453.7103619745
T47_F,T47,F,1,S1,2026,130169.67281760421,279.89964285457836,46716.1611373303,0.0,83173.61203741937,0.0,0.0,124954.55365884819,130169.67281760421,124674.65401599361,1669453.7103619745
