seg_id,land,side,treated,year,land_ha,veg_ha,PLAND,NP,PD,MPA,ED,LPI
T01,B2,S1,1,2020,210.08,1.09,0.5188499619192688,4,1.9040365575019038,0.2725,7.806549885757806,0.2237242955064737
T01,B3,S1,1,2020,2667.76,184.13,6.902045161483792,185,6.934656790715806,0.9952972972972972,48.771253785947756,1.2111284373406903
T01,corridor,S1,1,2020,135.52,7.54,5.563754427390791,9,6.641086186540732,0.8377777777777777,44.4952774498229,3.623081463990555
T02,B2,S1,1,2020,53.120000000000005,0.0,0.0,0,0.0,,0.0,0.0
T02,B3,S1,1,2020,262.84000000000003,11.85,4.50844620301324,37,14.077005022066654,0.3202702702702703,57.2591690762441,0.612539948257495
T02,corridor,S1,1,2020,59.82,0.62,1.0364426613172852,2,3.3433634236041456,0.31,11.70177198261451,0.5850885991307255
T03,B2,S1,1,2020,36.12,0.0,0.0,0,0.0,,0.0,0.0
T03,B3,S1,1,2020,143.37,6.46,4.505824091511474,25,17.437399734951523,0.2584,60.47290228081188,0.446397433214759
T03,corridor,S1,1,2020,67.29,0.0,0.0,0,0.0,,0.0,0.0
T04,B2,S1,1,2020,60.32,0.37,0.613395225464191,1,1.6578249336870026,0.37,3.9787798408488064,0.613395225464191
T04,B3,S1,1,2020,531.9,25.29,4.7546531302876485,85,15.980447452528672,0.2975294117647059,58.732844519646555,0.9024252679075014
T04,corridor,S1,1,2020,86.74,1.26,1.4526170163707632,1,1.1528706479133042,1.26,9.684113442471755,1.4526170163707632
T05,B2,S1,1,2020,47.800000000000004,0.8300000000000001,1.7364016736401673,1,2.092050209205021,0.8300000000000001,8.99581589958159,1.7364016736401673
T05,B3,S1,1,2020,175.03,3.8000000000000003,2.171056390333086,14,7.9986288064903155,0.2714285714285714,31.251785408215735,0.32565845854996284
T05,corridor,S1,1,2020,87.16,0.0,0.0,0,0.0,,0.0,0.0
T06,B2,S1,1,2020,52.78,1.51,2.860932171276999,5,9.473285335354301,0.302,27.0935960591133,0.9094353921940129
T06,B3,S1,1,2020,368.26,11.55,3.1363710421984465,22,5.974040080377994,0.525,35.05675338076359,0.6327051539673058
T06,corridor,S1,1,2020,96.06,0.0,0.0,0,0.0,,0.0,0.0
T07,B2,S1,1,2020,50.38,0.8,1.5879317189360858,6,11.909487892020643,0.13333333333333333,25.406907502977372,0.3374354902739182
T07,B3,S1,1,2020,342.63,36.76,10.728774479759508,33,9.631380789773225,1.113939393939394,79.15243849049996,5.618305460701047
T07,corridor,S1,1,2020,97.33,0.32,0.3287783828213295,1,1.0274324463166546,0.32,4.931675742319943,0.3287783828213295
T08,B2,S1,1,2020,45.72,1.6400000000000001,3.5870516185476817,7,15.31058617672791,0.23428571428571426,43.52580927384077,1.0279965004374454
T08,B3,S1,1,2020,197.37,11.64,5.897552819577443,29,14.693215787607032,0.4013793103448276,63.53549171606627,0.7245275371130364
T08,corridor,S1,1,2020,96.60000000000001,7.4,7.6604554865424435,8,8.281573498964802,0.925,54.968944099378874,4.699792960662526
T09,B2,S1,1,2020,51.01,1.32,2.5877278964908843,4,7.8415996863360125,0.33,28.229758870809647,0.7841599686336013
T09,B3,S1,1,2020,240.13,15.96,6.64639986673885,25,10.411027360179903,0.6384000000000001,62.17465539499438,2.0738766501478367
T09,corridor,S1,1,2020,103.13,8.13,7.883254145253564,12,11.635799476389025,0.6775,53.13681760884321,3.413167846407447
T10,B2,S1,1,2020,56.14,1.37,2.44032775204845,6,10.687566797292483,0.22833333333333333,27.075169219807623,0.8371927324545778
T10,B3,S1,1,2020,314.34000000000003,12.81,4.075205191830502,29,9.225679200865304,0.44172413793103443,49.94591843227079,0.7380543360692244
T10,corridor,S1,1,2020,108.06,13.25,12.261706459374421,11,10.179529890801406,1.2045454545454546,88.6544512307977,3.9330001850823617
T11,B2,S1,1,2020,58.99,0.54,0.915409391422275,3,5.0856077301237494,0.18,11.18833700627225,0.38989659264282084
T11,B3,S1,1,2020,333.81,21.04,6.3029867289775625,28,8.388005152631736,0.7514285714285714,57.2481351667116,1.557772385488751
T11,corridor,S1,1,2020,104.28,6.68,6.4058304564633675,17,16.302263137706177,0.3929411764705883,67.03107019562715,1.9946298427311087
T12,B2,S1,1,2020,69.26,19.02,27.461738377129656,1,1.443834825295986,19.02,27.72162864568293,27.461738377129656
T12,B3,S1,1,2020,595.8100000000001,105.54,17.713700676390125,38,6.377872140447457,2.777368421052632,85.98378677766401,5.461472617109481
T12,corridor,S1,1,2020,107.95,16.36,15.155164427975915,7,6.484483557202409,2.337142857142857,57.98981009726725,11.43121815655396
T13,B2,S1,1,2020,47.93,5.0600000000000005,10.557062382641352,13,27.12288754433549,0.3892307692307692,98.26830794909243,4.339662007093678
T13,B3,S1,1,2020,331.0,24.0,7.2507552870090635,32,9.667673716012084,0.75,60.69486404833837,1.7371601208459215
T13,corridor,S1,1,2020,95.04,16.42,17.276936026936028,8,8.417508417508417,2.0525,51.34680134680134,15.446127946127946
T14,B2,S1,1,2020,44.75,4.65,10.391061452513966,4,8.938547486033519,1.1625,46.927374301675975,8.983240223463687
T14,B3,S1,1,2020,226.22,14.700000000000001,6.498099195473433,29,12.819379365219698,0.506896551724138,65.42303951905225,1.0034479710016797
T14,corridor,S1,1,2020,78.24,13.09,16.730572597137016,10,12.78118609406953,1.3090000000000002,122.18813905930472,7.106339468302658
T15,B2,S1,1,2020,43.35,1.32,3.0449826989619377,5,11.534025374855824,0.264,32.98731257208766,0.8304498269896193
T15,B3,S1,1,2020,182.93,16.62,9.085442518996338,18,9.839829442956322,0.9233333333333333,54.9390477231728,3.6844694691958675
T15,corridor,S1,1,2020,70.81,14.69,20.745657393023585,7,9.88560937720661,2.0985714285714288,113.82573082897895,14.800169467589324
T16,B2,S1,1,2020,48.19,4.88,10.126582278481013,9,18.67607387424777,0.5422222222222223,97.32309607802449,3.5277028429134676
T16,B3,S1,1,2020,326.09000000000003,34.59,10.607500996657365,49,15.026526419086753,0.7059183673469387,84.8845410776166,1.5363856604005028
T16,corridor,S1,1,2020,85.02,17.75,20.877440602211244,11,12.938132204187252,1.6136363636363638,111.8560338743825,11.314984709480122
T17,B2,S1,1,2020,49.18,30.43,61.874745831638876,4,8.13338755591704,7.6075,81.94387962586417,58.397722651484344
T17,B3,S1,1,2020,312.79,55.03,17.593273442245597,63,20.14130886537293,0.8734920634920635,133.92371878896384,6.298155311870584
T17,corridor,S1,1,2020,101.9,16.27,15.966633954857704,15,14.720314033366044,1.0846666666666667,95.7801766437684,9.950932286555446
T18,B2,S1,1,2020,72.45,41.89,57.819185645272604,6,8.281573498964804,6.9816666666666665,88.0607315389924,55.45893719806763
T18,B3,S1,1,2020,372.34000000000003,103.24000000000001,27.727345974109685,86,23.097169253907715,1.2004651162790698,144.62587957243377,14.188644787022614
T18,corridor,S1,1,2020,104.93,48.68,46.39283331744973,11,10.483179262365386,4.425454545454546,102.35395025254931,41.88506623463261
T19,B2,S1,1,2020,96.21000000000001,57.84,60.118490801372,4,4.157571977964868,14.46,49.57904583723105,30.30869971936389
T19,B3,S1,1,2020,818.9300000000001,258.22,31.53138851916525,90,10.989950301002526,2.869111111111111,115.19910126628649,9.098457743641093
T19,corridor,S1,1,2020,108.46000000000001,71.74,66.14420062695925,10,9.219988936013277,7.1739999999999995,108.98026922367693,34.132399041121154
T20,B2,S1,1,2020,89.17,48.550000000000004,54.446562745317934,4,4.48581361444432,12.137500000000001,10.765952674666368,53.93069417965683
T20,B3,S1,1,2020,372.8,132.7,35.59549356223176,51,13.680257510729612,2.6019607843137256,152.36051502145924,12.162017167381974
T20,corridor,S1,1,2020,105.33,86.42,82.04690021836134,7,6.645779929744612,12.345714285714287,72.62888066078041,80.16709389537644
T21,B2,S1,1,2020,86.35000000000001,51.84,60.034742327735955,7,8.106543138390272,7.405714285714286,40.9959467284308,56.965836711059644
T21,B3,S1,1,2020,399.89,84.5,21.13081097301758,53,13.253644752306885,1.5943396226415096,130.38585611043038,7.7746380254570004
T21,corridor,S1,1,2020,106.73,86.04,80.61463506043287,10,9.3694368968425,8.604,71.67619226084513,77.80380399138012
T22,B2,S1,1,2020,84.60000000000001,52.26,61.773049645390074,10,11.820330969267138,5.226,36.28841607565011,58.78250591016548
T22,B3,S1,1,2020,392.74,117.55,29.930742985181034,45,11.4579620104904,2.6122222222222224,126.3176656312064,24.983449610429293
T22,corridor,S1,1,2020,106.38,86.95,81.73528858808046,6,5.640157924421884,14.491666666666667,44.933258131227674,80.64485805602557
T23,B2,S1,1,2020,81.81,55.660000000000004,68.0356924581347,5,6.111722283339445,11.132000000000001,34.59234812370126,61.91174673022858
T23,B3,S1,1,2020,405.04,121.06,29.888406083349793,60,14.813351767726644,2.017666666666667,134.43116729211928,19.45239976298637
T23,corridor,S1,1,2020,107.09,90.42,84.43365393594173,5,4.668970025212438,18.084,55.84088150154076,83.22905966943692
T24,B2,S1,1,2020,78.78,59.96,76.1106879918761,5,6.346788525006347,11.992,17.897943640517898,74.32089362782432
T24,B3,S1,1,2020,642.57,226.0,35.171265387428605,63,9.80437928941594,3.5873015873015874,116.00292575128,11.211229904913083
T24,corridor,S1,1,2020,106.58,88.22,82.77350347157065,4,3.7530493525989868,22.055,47.851379245637084,82.44511165321823
T25,B2,S1,1,2020,58.49,51.56,88.15182082407249,2,3.4193879295606084,25.78,64.45546247221748,87.6560095742862
T25,B3,S1,1,2020,506.47,291.76,57.60657097162714,37,7.305467253736647,7.885405405405406,164.59020277607755,47.467767093806145
T25,corridor,S1,1,2020,107.72,91.84,85.25807649461566,3,2.784998143334571,30.613333333333337,108.80059413293725,48.30115113256591
T26,B2,S1,1,2020,34.1,32.99,96.74486803519062,1,2.932551319648094,32.99,25.219941348973606,96.74486803519062
T26,B3,S1,1,2020,45.99,25.11,54.59882583170254,8,17.395085888236572,3.13875,210.48053924766253,31.985214176994997
T26,corridor,S1,1,2020,78.66,58.980000000000004,74.98093058733791,2,2.5425883549453343,29.490000000000002,66.61581489956777,74.62496821764556
T27,B2,S1,1,2020,48.89,47.01,96.15463284925343,1,2.045408058907752,47.01,48.885252607895275,96.15463284925343
T27,B3,S1,1,2020,276.24,115.55,41.8295684911671,43,15.566174341152621,2.6872093023255816,113.23486823052419,26.922241529105126
T27,corridor,S1,1,2020,81.29,69.99,86.09915118710788,1,1.230163611760364,69.99,37.39697379751507,86.09915118710788
T28,B2,S1,1,2020,51.6,42.51,82.38372093023256,5,9.689922480620154,8.502,118.21705426356588,77.38372093023256
T28,B3,S1,1,2020,456.3,261.07,57.21455182993645,57,12.491781722550954,4.580175438596491,162.69997808459345,17.91584483892176
T28,corridor,S1,1,2020,87.14,71.23,81.74202432866652,1,1.1475786091347258,71.23,63.92012852880422,81.74202432866652
T29,B2,S1,1,2020,49.5,40.09,80.98989898989899,1,2.0202020202020203,40.09,116.76767676767676,80.98989898989899
T29,B3,S1,1,2020,395.37,227.96,57.65738422237398,49,12.393454232744011,4.652244897959184,165.92053013632798,19.93828565647368
T29,corridor,S1,1,2020,82.98,55.85,67.30537478910581,4,4.820438659918052,13.9625,123.16220776090624,62.26801638949144
T30,B2,S1,1,2020,46.06,43.47,94.37689969604864,1,2.1710811984368212,43.47,65.566652192792,94.37689969604864
T30,B3,S1,1,2020,388.3,216.81,55.8356940509915,27,6.95338655678599,8.03,139.14499098635076,30.543394282771054
T30,corridor,S1,1,2020,74.7,42.83,57.336010709504684,6,8.032128514056225,7.138333333333334,145.78313253012047,40.9103078982597
T31,B2,S1,1,2020,45.7,42.61,93.23851203501094,2,4.3763676148796495,21.305,68.92778993435448,91.94748358862144
T31,B3,S1,1,2020,405.13,205.13,50.63313010638561,16,3.9493495914891517,12.820625,114.16088662898329,38.397551403253274
T31,corridor,S1,1,2020,75.43,48.75,64.62945777542092,3,3.977197401564364,16.25,132.83839321224977,62.70714569799814
T32,B2,S1,1,2020,47.19,45.37,96.14325068870524,1,2.1190930281839373,45.37,41.74613265522357,96.14325068870524
T32,B3,S1,1,2020,324.69,120.5,37.11232252302196,44,13.551387477286026,2.7386363636363638,115.06359912531954,24.999230034802427
T32,corridor,S1,1,2020,81.03,66.63,82.22880414661236,1,1.2341108231519191,66.63,95.52017771195854,82.22880414661236
T33,B2,S1,1,2020,50.46,44.47,88.12921125644074,2,3.963535473642489,22.235,61.03844629409433,87.53468093539438
T33,B3,S1,1,2020,410.86,116.11,28.260234629800905,49,11.926203572993233,2.369591836734694,97.16205033344691,16.282918755780557
T33,corridor,S1,1,2020,83.08,65.32000000000001,78.62301396244584,3,3.610977371208474,21.773333333333337,107.60712566201252,77.31102551757343
T34,B2,S1,1,2020,50.06,49.980000000000004,99.84019176987614,1,1.9976028765481422,49.980000000000004,3.1961646024770274,99.84019176987614
T34,B3,S1,1,2020,400.2,176.15,44.01549225387306,62,15.492253873063468,2.8411290322580647,126.16191904047976,32.03648175912044
T34,corridor,S1,1,2020,80.25,62.84,78.30529595015577,1,1.2461059190031152,62.84,32.89719626168224,78.30529595015577
T35,B2,S1,1,2020,45.51,45.15,99.2089650626236,1,2.197319270490002,45.15,8.789277081960009,99.2089650626236
T35,B3,S1,1,2020,282.49,141.9,50.231866614747425,14,4.9559276434564055,10.135714285714286,73.77252292116535,48.086657934794154
T35,corridor,S1,1,2020,76.33,65.64,85.99502161666449,1,1.3101008777675882,65.64,27.381108345342593,85.99502161666449
T36,B2,S1,1,2020,50.18,47.42,94.4998007174173,1,1.9928258270227182,47.42,25.50817058589079,94.4998007174173
T36,B3,S1,1,2020,436.26,167.26,38.33952230321368,42,9.627286480539128,3.9823809523809524,136.8908449089992,26.77073304909916
T36,corridor,S1,1,2020,80.69,67.24,83.3312678150948,2,2.4786218862312555,33.62,26.02552980542818,82.79836410955508
T37,B2,S1,1,2020,50.76,50.03,98.56185973207249,1,1.9700551615445234,50.03,10.638297872340425,98.56185973207249
T37,B3,S1,1,2020,409.58,202.5,49.44089066848967,47,11.475169686019825,4.308510638297872,145.0510278822208,43.06118462815567
T37,corridor,S1,1,2020,84.14,68.15,80.99595911575945,4,4.753981459472308,17.0375,47.65866413120989,77.22842880912765
T38,B2,S1,1,2020,49.34,49.34,100.0,1,2.026753141467369,49.34,0.0,100.0
T38,B3,S1,1,2020,377.99,247.73000000000002,65.53877086695415,30,7.936717902590016,8.257666666666667,101.2725204370486,51.33469139395222
T38,corridor,S1,1,2020,83.33,68.69,82.43129725189007,1,1.2000480019200768,68.69,59.402376095043806,82.43129725189007
T39,B2,S1,1,2020,52.2,50.08,95.93869731800767,2,3.8314176245210727,25.04,14.75095785440613,95.01915708812261
T39,B3,S1,1,2020,468.54,290.85,62.07580996286336,29,6.189439535578606,10.029310344827586,113.73628718999444,34.37486660690656
T39,corridor,S1,1,2020,91.01,74.4,81.74925832326117,2,2.1975607076145476,37.2,54.1698714426986,72.78321063619383
T40,B2,S1,1,2020,49.980000000000004,49.77,99.5798319327731,1,2.000800320128051,49.77,8.60344137655062,99.5798319327731
T40,B3,S1,1,2020,399.99,213.59,53.39883497087427,52,13.000325008125202,4.1075,165.67914197854947,39.86849671241781
T40,corridor,S1,1,2020,96.58,73.09,75.67819424311452,2,2.070822116380203,36.545,74.5495961896873,75.01553116587286
T41,B2,S1,1,2020,49.44,48.93,98.96844660194175,1,2.022653721682848,48.93,14.76537216828479,98.96844660194175
T41,B3,S1,1,2020,395.0,249.54,63.1746835443038,26,6.582278481012659,9.597692307692308,155.21518987341773,44.90126582278481
T41,corridor,S1,1,2020,97.09,63.67,65.5783293851066,6,6.179833144505098,10.611666666666668,58.09043155834792,61.293645071583065
T42,B2,S1,1,2020,50.24,48.13,95.80015923566879,1,1.9904458598726114,48.13,51.552547770700635,95.80015923566879
T42,B3,S1,1,2020,404.66,172.21,42.556714278653686,60,14.827262393120149,2.8701666666666665,198.19107398803934,8.157465526614937
T42,corridor,S1,1,2020,96.93,71.15,73.40348705251212,4,4.126689363458166,17.7875,72.42339832869081,65.29454245331682
T43,B2,S1,1,2020,53.300000000000004,53.27,99.9437148217636,1,1.8761726078799248,53.27,1.8761726078799248,99.9437148217636
T43,B3,S1,1,2020,483.82,250.77,51.83125955934025,62,12.814683146624779,4.044677419354839,156.93853085858376,39.522963085445
T43,corridor,S1,1,2020,103.01,77.81,75.53635569362199,4,3.883118143869527,19.4525,69.70197068245801,74.31317347830307
T44,B2,S1,1,2020,50.53,49.9,98.7532159113398,1,1.9790223629527013,49.9,22.165050465070255,98.7532159113398
T44,B3,S1,1,2020,423.71000000000004,234.46,55.335016874749236,37,8.73238771801468,6.336756756756756,131.31623044063156,41.88477968421798
T44,corridor,S1,1,2020,103.37,66.59,64.4190771016736,6,5.804391989939053,11.098333333333333,78.5527715971752,60.51078649511464
T45,B2,S1,1,2020,53.120000000000005,52.43,98.70105421686748,1,1.8825301204819276,52.43,0.5647590361445782,98.70105421686748
T45,B3,S1,1,2020,472.16,306.27,64.86572348356489,24,5.083022704168078,12.76125,140.82090816672314,35.86072517790579
T45,corridor,S1,1,2020,109.59,72.58,66.22867049913313,6,5.474952094169176,12.096666666666668,50.64330687106488,61.66621042065882
T46,B2,S1,1,2020,51.230000000000004,50.6,98.77025180558266,1,1.9519812609798946,50.6,0.0,98.77025180558266
T46,B3,S1,1,2020,404.92,251.38,62.08139879482367,36,8.890645065691988,6.982777777777779,181.22098192235504,26.736145411439296
T46,corridor,S1,1,2020,110.26,68.27,61.91728641393071,5,4.534736078360239,13.654000000000002,25.303827317250136,60.80174133865409
T47,B2,S1,1,2020,166.82,133.87,80.24817168205252,4,2.3977940294928666,33.4675,56.468049394557006,79.62474523438436
T47,B3,S1,1,2020,2632.98,1912.01,72.61771832676283,92,3.494139720013065,20.78271739130435,103.6885961913877,61.76803469832661
T47,corridor,S1,1,2020,205.49,107.36,52.24585137962918,12,5.8397002287215924,8.946666666666667,72.7529320161565,49.83210861842426
T01,B2,S1,1,2024,216.26,0.0,0.0,0,0.0,,0.0,0.0
T01,B3,S1,1,2024,2685.31,142.9,5.321545743322,125,4.654956038595172,1.1432,41.79033333209201,1.1484707538422008
T01,corridor,S1,1,2024,145.31,5.19,3.5716743513866906,8,5.505471061867731,0.64875,31.037093111279333,1.8099236115890165
T02,B2,S1,1,2024,53.28,0.0,0.0,0,0.0,,0.0,0.0
T02,B3,S1,1,2024,278.41,1.3,0.4669372508171402,4,1.4367300025142773,0.325,6.752631011817104,0.2945296505154269
T02,corridor,S1,1,2024,86.84,0.14,0.16121602947950253,1,1.1515430677107323,0.14,1.6121602947950253,0.16121602947950253
T03,B2,S1,1,2024,36.35,0.0,0.0,0,0.0,,0.0,0.0
T03,B3,S1,1,2024,145.88,0.24,0.16451878256100905,2,1.3709898546750754,0.12,3.016177680285166,0.09596928982725528
T03,corridor,S1,1,2024,69.39,0.0,0.0,0,0.0,,0.0,0.0
T04,B2,S1,1,2024,60.32,0.0,0.0,0,0.0,,0.0,0.0
T04,B3,S1,1,2024,535.77,4.3,0.8025831980140732,24,4.479534128450641,0.17916666666666667,12.78533699161954,0.10452246299718163
T04,corridor,S1,1,2024,85.66,0.0,0.0,0,0.0,,0.0,0.0
T05,B2,S1,1,2024,47.800000000000004,0.38,0.7949790794979079,1,2.092050209205021,0.38,7.3221757322175725,0.7949790794979079
T05,B3,S1,1,2024,184.81,0.46,0.2489042800714247,3,1.6232887830745089,0.15333333333333335,4.382879714301174,0.10821925220496727
T05,corridor,S1,1,2024,87.43,0.0,0.0,0,0.0,,0.0,0.0
T06,B2,S1,1,2024,52.74,0.22,0.41714069017823285,1,1.8960940462646947,0.22,3.7921880925293894,0.41714069017823285
T06,B3,S1,1,2024,373.35,2.99,0.800857104593545,14,3.749832596759073,0.21357142857142858,12.240524976563545,0.18213472612829784
T06,corridor,S1,1,2024,96.03,0.0,0.0,0,0.0,,0.0,0.0
T07,B2,S1,1,2024,50.370000000000005,0.0,0.0,0,0.0,,0.0,0.0
T07,B3,S1,1,2024,395.01,29.98,7.5896812738918005,58,14.68317257790942,0.516896551724138,90.37745879851143,1.1468064099643047
T07,corridor,S1,1,2024,96.60000000000001,0.0,0.0,0,0.0,,0.0,0.0
T08,B2,S1,1,2024,45.660000000000004,0.13,0.28471309680245294,1,2.190100744634253,0.13,3.5041611914148048,0.28471309680245294
T08,B3,S1,1,2024,215.51,8.99,4.171500162405457,32,14.848498909563363,0.2809375,57.72353951092757,0.41761403183146956
T08,corridor,S1,1,2024,95.26,2.36,2.477430191056057,5,5.248792777661138,0.47200000000000003,26.138988032752465,1.4591643921897963
T09,B2,S1,1,2024,51.24,0.27,0.5269320843091335,1,1.95160031225605,0.27,5.854800936768149,0.5269320843091335
T09,B3,S1,1,2024,260.25,5.87,2.25552353506244,19,7.300672430355427,0.30894736842105264,31.508165225744477,0.6301633045148896
T09,corridor,S1,1,2024,102.31,4.36,4.2615580099697,5,4.887107809598279,0.872,26.19489785944678,1.974391555077705
T10,B2,S1,1,2024,56.56,0.15,0.2652050919377652,1,1.768033946251768,0.15,3.0056577086280054,0.2652050919377652
T10,B3,S1,1,2024,315.07,11.48,3.643634747833815,19,6.030405941536801,0.6042105263157894,46.33890881391437,0.9966039292855556
T10,corridor,S1,1,2024,108.12,5.38,4.975952645209027,14,12.948575656677765,0.38428571428571434,50.68442471328154,1.674065852756197
T11,B2,S1,1,2024,59.4,0.0,0.0,0,0.0,,0.0,0.0
T11,B3,S1,1,2024,336.76,28.240000000000002,8.385794037296591,14,4.157263332937403,2.0171428571428573,48.61028625727521,5.5766718137546025
T11,corridor,S1,1,2024,104.28,1.75,1.6781741465285769,8,7.671653241273495,0.21875,23.1108553893364,0.3835826620636747
T12,B2,S1,1,2024,68.85000000000001,20.09,29.179375453885257,1,1.4524328249818443,20.09,28.75816993464052,29.179375453885257
T12,B3,S1,1,2024,619.07,74.24,11.992181821118775,33,5.330576509926179,2.2496969696969695,68.65136414298867,4.5746038412457395
T12,corridor,S1,1,2024,108.2,14.700000000000001,13.585951940850277,6,5.545286506469501,2.45,52.2181146025878,10.730129390018485
T13,B2,S1,1,2024,47.910000000000004,0.31,0.6470465456063452,2,4.174493842621581,0.155,6.470465456063452,0.43832185347526614
T13,B3,S1,1,2024,330.69,8.97,2.7125102059330493,25,7.559950406725332,0.3588,33.59641960748738,0.5866521515618858
T13,corridor,S1,1,2024,94.79,3.9,4.114358054647115,9,9.494672433801034,0.43333333333333335,35.130288005063825,2.6268593733516195
T14,B2,S1,1,2024,44.75,2.91,6.5027932960893855,2,4.4692737430167595,1.455,27.70949720670391,6.033519553072626
T14,B3,S1,1,2024,226.27,3.99,1.7633800327042912,15,6.629248243249215,0.266,26.56118796128519,0.2519114332434702
T14,corridor,S1,1,2024,77.8,1.44,1.8508997429305913,3,3.856041131105399,0.48,19.794344473007712,1.1311053984575836
T15,B2,S1,1,2024,43.35,0.15,0.3460207612456747,1,2.306805074971165,0.15,4.61361014994233,0.3460207612456747
T15,B3,S1,1,2024,182.93,1.8800000000000001,1.0277155195976604,6,3.2799431476521073,0.31333333333333335,13.174438309735963,0.2733285956376756
T15,corridor,S1,1,2024,70.12,5.2700000000000005,7.515687393040502,7,9.982886480319452,0.7528571428571429,72.58984597832287,3.0661722760981176
T16,B2,S1,1,2024,48.19,1.93,4.004980286366466,4,8.300477277443454,0.4825,40.04980286366466,2.3448848308777754
T16,B3,S1,1,2024,325.97,8.0,2.45421357793662,21,6.442310642083627,0.38095238095238093,26.474828971991286,0.42335184219406696
T16,corridor,S1,1,2024,84.10000000000001,3.66,4.351961950059453,6,7.13436385255648,0.61,44.1141498216409,2.211652794292509
T17,B2,S1,1,2024,48.09,24.62,51.195674776460805,6,12.476606363069244,4.1033333333333335,184.23788729465585,46.16344354335621
T17,B3,S1,1,2024,312.79,30.84,9.859650244573036,41,13.107835928258575,0.7521951219512195,74.45890213881518,1.9310080245532146
T17,corridor,S1,1,2024,100.18,11.450000000000001,11.429427031343582,8,7.985625873427829,1.4312500000000001,80.85446196845677,8.764224396087043
T18,B2,S1,1,2024,70.4,36.95,52.48579545454545,3,4.261363636363636,12.316666666666668,119.31818181818181,51.81818181818182
T18,B3,S1,1,2024,372.34000000000003,77.82000000000001,20.900252457431378,67,17.994306279207176,1.1614925373134328,117.36584841811246,11.865499274856314
T18,corridor,S1,1,2024,104.93,27.37,26.084056037358238,7,6.6711140760507,3.91,140.3793004860383,23.03440388830649
T19,B2,S1,1,2024,95.43,22.080000000000002,23.13737818296133,12,12.574662055957246,1.84,60.88232212092633,13.643508330713612
T19,B3,S1,1,2024,818.9300000000001,121.11,14.788809788382402,79,9.646734153102217,1.5330379746835443,86.77176315435995,2.6668946063766135
T19,corridor,S1,1,2024,108.46000000000001,41.26,38.04167434999078,17,15.67398119122257,2.427058823529412,150.10141987829613,16.310160427807485
T20,B2,S1,1,2024,89.43,38.97,43.5759812143576,1,1.1181930001118192,38.97,111.14838421111483,43.5759812143576
T20,B3,S1,1,2024,372.8,67.93,18.22156652360515,60,16.094420600858367,1.1321666666666668,141.362660944206,2.7387339055793993
T20,corridor,S1,1,2024,105.33,71.27,67.66353365612837,5,4.746985664103295,14.254000000000001,81.74309313585873,66.76160637994873
T21,B2,S1,1,2024,86.34,50.17,58.10748204771832,3,3.4746351633078527,16.723333333333333,44.12786657400973,56.54389622422979
T21,B3,S1,1,2024,399.89,37.79,9.45009877716372,37,9.252544449723674,1.0213513513513512,63.34241916527045,4.153642251619195
T21,corridor,S1,1,2024,106.73,77.68,72.78178581467253,5,4.68471844842125,15.536,68.39688934695025,71.74177831912301
T22,B2,S1,1,2024,83.41,49.85,59.7650161851097,4,4.795588058985733,12.4625,9.35139671502218,59.3933581105383
T22,B3,S1,1,2024,392.74,96.21000000000001,24.497122778428476,22,5.601670316239751,4.373181818181818,81.86077303050364,21.915262005397974
T22,corridor,S1,1,2024,106.38,76.67,72.07181801090431,4,3.7601052829479227,19.1675,49.06937394247039,71.61120511374318
T23,B2,S1,1,2024,81.63,52.120000000000005,63.84907509494059,7,8.575278696557639,7.445714285714286,19.600637020703175,62.04826656866348
T23,B3,S1,1,2024,405.04,88.44,21.834880505629073,47,11.603792218052538,1.8817021276595745,107.17460003950227,15.702152873790244
T23,corridor,S1,1,2024,107.09,83.16,77.65430945933328,5,4.668970025212438,16.632,48.09039125968811,76.41236343262676
T24,B2,S1,1,2024,78.69,58.28,74.06277798957936,3,3.812428516965307,19.42666666666667,19.443385436523066,73.51632990214767
T24,B3,S1,1,2024,642.57,169.32,26.35043652831598,59,9.181879017072069,2.869830508474576,112.54804923977153,8.006909753023017
T24,corridor,S1,1,2024,106.58,85.15,79.89303809345093,8,7.5060987051979735,10.64375,65.39688496903734,78.25107900168888
T25,B2,S1,1,2024,58.550000000000004,46.980000000000004,80.23911187019641,2,3.4158838599487615,23.490000000000002,92.22886421861656,64.5602049530316
T25,B3,S1,1,2024,506.47,240.48000000000002,47.481588248069976,39,7.70035737556025,6.166153846153847,179.0431812348214,20.17098742274962
T25,corridor,S1,1,2024,107.71000000000001,63.97,59.39095719988859,17,15.78312134435057,3.7629411764705885,159.59520935846254,32.70819793891004
T26,B2,S1,1,2024,34.1,31.04,91.02639296187684,1,2.932551319648094,31.04,76.24633431085044,91.02639296187684
T26,B3,S1,1,2024,45.99,20.47,44.50967601652533,9,19.569471624266143,2.2744444444444447,194.60752337464666,25.570776255707763
T26,corridor,S1,1,2024,78.54,40.27,51.27323656735422,5,6.366182836771071,8.054,116.75579322638146,47.95008912655972
T27,B2,S1,1,2024,48.89,45.79,93.65923501738597,1,2.045408058907752,45.79,61.36224176723256,93.65923501738597
T27,B3,S1,1,2024,276.24,91.14,32.99304952215465,36,13.032145960034752,2.5316666666666667,96.72748334781349,22.838835794960904
T27,corridor,S1,1,2024,80.32000000000001,45.29,56.38695219123506,4,4.9800796812748995,11.3225,68.60059760956175,53.84711155378486
T28,B2,S1,1,2024,51.92,41.730000000000004,80.37365177195686,3,5.778120184899846,13.91,165.83204930662558,77.04160246533128
T28,B3,S1,1,2024,456.3,155.1,33.99079552925707,77,16.874863028709182,2.0142857142857142,162.96296296296296,8.91080429541968
T28,corridor,S1,1,2024,86.35000000000001,58.83,68.12970469021424,4,4.63231036479444,14.7075,92.76201505500867,64.6670526925304
T29,B2,S1,1,2024,49.5,37.22,75.1919191919192,3,6.0606060606060606,12.406666666666668,137.57575757575756,68.04040404040404
T29,B3,S1,1,2024,395.37,157.13,39.74251966512381,61,15.42858588157928,2.5759016393442624,200.62220198801123,10.655841363785822
T29,corridor,S1,1,2024,82.52,53.980000000000004,65.41444498303441,4,4.847309743092584,13.495000000000001,156.68928744546778,63.245273873000485
T30,B2,S1,1,2024,49.550000000000004,39.58,79.87891019172552,1,2.0181634712411705,39.58,113.21897073662966,79.87891019172552
T30,B3,S1,1,2024,388.3,216.85,55.845995364408964,31,7.983517898532063,6.995161290322581,181.38037599793972,36.28380118465104
T30,corridor,S1,1,2024,81.10000000000001,35.18,43.378545006165226,7,8.631319358816276,5.025714285714286,144.1430332922318,40.715166461159065
T31,B2,S1,1,2024,48.19,39.34,81.63519402365635,3,6.22535795808259,13.113333333333333,110.39634778999793,80.7843951027184
T31,B3,S1,1,2024,405.13,156.33,38.587613852343694,27,6.664527435637943,5.79,141.41139881025845,29.72872904993459
T31,corridor,S1,1,2024,76.69,43.82,57.13913156865302,2,2.6079019428869477,21.91,183.5962967792411,56.96961794236537
T32,B2,S1,1,2024,46.99,41.32,87.93360289423282,1,2.1281123643328366,41.32,84.48606086401361,87.93360289423282
T32,B3,S1,1,2024,324.69,89.13,27.45079922387508,22,6.775693738643013,4.051363636363637,73.97825618282053,22.32591086882873
T32,corridor,S1,1,2024,78.99,56.97,72.12305355108242,4,5.06393214330928,14.2425,145.46145081655908,70.55323458665654
T33,B2,S1,1,2024,50.45,42.93,85.09415262636274,2,3.9643211100099105,21.465,63.42913776015857,81.98216055500495
T33,B3,S1,1,2024,410.86,77.04,18.750912719661198,23,5.598013922017232,3.3495652173913046,65.52110207856691,12.741566470330525
T33,corridor,S1,1,2024,76.87,50.230000000000004,65.34408742032002,6,7.805385716144139,8.371666666666666,167.16534408742032,63.015480681670354
T34,B2,S1,1,2024,50.06,48.31,96.50419496604076,1,1.9976028765481422,48.31,48.14222932481022,96.50419496604076
T34,B3,S1,1,2024,400.2,113.04,28.245877061469265,49,12.243878060969516,2.306938775510204,109.32033983008496,21.454272863568217
T34,corridor,S1,1,2024,80.03,58.11,72.61027114831938,3,3.7485942771460703,19.37,75.09683868549294,72.28539297763339
T35,B2,S1,1,2024,45.52,44.89,98.61599297012302,1,2.196836555360281,44.89,19.991212653778557,98.61599297012302
T35,B3,S1,1,2024,282.49,123.76,43.810400368154625,9,3.185953485079118,13.751111111111111,88.8173032673723,40.656306417926295
T35,corridor,S1,1,2024,76.56,58.76,76.75026123301986,2,2.612330198537095,29.38,87.51306165099268,76.4367816091954
T36,B2,S1,1,2024,51.36,47.35,92.1923676012461,1,1.9470404984423677,47.35,24.727414330218068,92.1923676012461
T36,B3,S1,1,2024,439.24,127.34,28.990984427647756,42,9.561970676623258,3.0319047619047623,131.79582915945724,22.338584828339858
T36,corridor,S1,1,2024,81.32000000000001,66.04,81.21003443187408,1,1.2297097884899162,66.04,27.05361534677816,81.21003443187408
T37,B2,S1,1,2024,50.76,49.56,97.63593380614657,1,1.9700551615445234,49.56,12.411347517730498,97.63593380614657
T37,B3,S1,1,2024,409.58,149.82,36.57893451828703,47,11.475169686019825,3.187659574468085,144.73362957175644,22.53772156843596
T37,corridor,S1,1,2024,84.56,64.42,76.18259224219489,5,5.912961210974456,12.884,54.99053926206244,75.0236518448439
T38,B2,S1,1,2024,49.34,49.26,99.8378597486826,1,2.026753141467369,49.26,4.053506282934738,99.8378597486826
T38,B3,S1,1,2024,377.99,167.99,44.44297468186989,26,6.8784888489113465,6.461153846153847,95.63745072620969,41.44818645995926
T38,corridor,S1,1,2024,83.85000000000001,59.81,71.32975551580203,3,3.577817531305903,19.936666666666667,92.78473464519975,70.87656529516994
T39,B2,S1,1,2024,52.2,51.82,99.272030651341,1,1.9157088122605364,51.82,13.409961685823754,99.272030651341
T39,B3,S1,1,2024,468.54,223.82,47.76966747769667,43,9.177444828616553,5.205116279069768,141.43936483544627,30.413625304136254
T39,corridor,S1,1,2024,91.53,63.940000000000005,69.85687752649405,3,3.2776138970829236,21.313333333333336,176.007866273353,63.203321315415714
T40,B2,S1,1,2024,49.980000000000004,48.300000000000004,96.63865546218487,1,2.000800320128051,48.300000000000004,23.20928371348539,96.63865546218487
T40,B3,S1,1,2024,399.99,153.11,38.278456961424034,51,12.750318757968948,3.002156862745098,205.15512887822194,22.395559888997226
T40,corridor,S1,1,2024,97.43,69.35000000000001,71.17930822128707,7,7.184645386431283,9.907142857142857,99.25074412398645,65.73950528584625
T41,B2,S1,1,2024,49.44,48.050000000000004,97.18851132686085,3,6.067961165048544,16.01666666666667,29.53074433656958,96.39967637540452
T41,B3,S1,1,2024,395.0,172.61,43.69873417721519,68,17.21518987341772,2.5383823529411766,222.1772151898734,28.954430379746835
T41,corridor,S1,1,2024,97.25,60.36,62.066838046272494,3,3.0848329048843186,20.12,49.87146529562982,60.84318766066838
T42,B2,S1,1,2024,50.24,43.17,85.92754777070064,2,3.9808917197452227,21.585,100.71656050955414,85.42993630573248
T42,B3,S1,1,2024,404.66,81.99,20.261454060198684,78,19.275441111056193,1.051153846153846,128.72534967627143,6.331241041862304
T42,corridor,S1,1,2024,96.9,64.12,66.17131062951496,9,9.287925696594426,7.124444444444444,112.38390092879256,62.002063983488135
T43,B2,S1,1,2024,53.300000000000004,40.28,75.57223264540337,3,5.628517823639775,13.426666666666668,141.08818011257034,70.35647279549718
T43,B3,S1,1,2024,483.82,133.95,27.685916249844983,65,13.434748460171138,2.060769230769231,143.21441858542434,7.362242156173783
T43,corridor,S1,1,2024,102.59,73.72,71.85885563895117,3,2.9242616239399553,24.573333333333334,87.72784871819866,65.69841115118433
T44,B2,S1,1,2024,50.53,45.88,90.79754601226993,1,1.9790223629527013,45.88,69.06788046704928,90.79754601226993
T44,B3,S1,1,2024,423.71000000000004,142.02,33.518208208444456,51,12.03653442212834,2.7847058823529416,141.25227160085907,20.735880673101885
T44,corridor,S1,1,2024,102.73,60.480000000000004,58.87277328920471,8,7.787403874233427,7.5600000000000005,115.35091988708264,56.643628930205395
T45,B2,S1,1,2024,52.9,52.32,98.90359168241966,1,1.890359168241966,52.32,5.671077504725898,98.90359168241966
T45,B3,S1,1,2024,472.81,245.11,51.841120111672765,40,8.460057951396967,6.12775,203.50669402085404,30.951122015185803
T45,corridor,S1,1,2024,109.63,69.04,62.97546292073338,8,7.297272644349174,8.63,51.080908510444225,60.84101067226124
T46,B2,S1,1,2024,51.19,44.04,86.0324282086345,1,1.9535065442469233,44.04,106.27075600703263,86.0324282086345
T46,B3,S1,1,2024,404.98,201.99,49.87653711294385,56,13.827843350288903,3.6069642857142856,232.06084251074125,20.749172798656723
T46,corridor,S1,1,2024,110.88,63.02,56.83621933621934,2,1.8037518037518039,31.51,47.07792207792208,56.70093795093795
T47,B2,S1,1,2024,168.31,106.41,63.222624918305506,9,5.347275860020201,11.823333333333332,95.89448042302894,32.8679222862575
T47,B3,S1,1,2024,2636.28,1679.95,63.72426297661857,176,6.676073861653542,9.545170454545454,133.13456840699772,54.675906959807
T47,corridor,S1,1,2024,207.56,98.42,47.41761418385045,8,3.854307188282906,12.3025,73.42455193678936,38.29735979957603
T01,B2,S1,1,2026,223.91,0.6900000000000001,0.30815952838193916,2,0.8932160242954759,0.34500000000000003,4.689384127551248,0.16524496449466303
T01,B3,S1,1,2026,2655.77,152.01,5.723763729539832,123,4.631425161064399,1.2358536585365854,47.07862503153511,1.5551045459508919
T01,corridor,S1,1,2026,142.71,3.52,2.4665405367528552,5,3.5036087169784875,0.7040000000000001,22.63331231168103,1.723775488753416
T02,B2,S1,1,2026,99.54,0.0,0.0,0,0.0,,0.0,0.0
T02,B3,S1,1,2026,284.29,1.25,0.43969186394174964,3,1.055260473460199,0.41666666666666663,5.487354461993035,0.28492032783425375
T02,corridor,S1,1,2026,106.9,0.0,0.0,0,0.0,,0.0,0.0
T03,B2,S1,1,2026,89.27,0.0,0.0,0,0.0,,0.0,0.0
T03,B3,S1,1,2026,153.94,0.24,0.15590489801221255,2,1.2992074834351046,0.12,2.8582564635572303,0.09094452384045731
T03,corridor,S1,1,2026,106.12,0.0,0.0,0,0.0,,0.0,0.0
T04,B2,S1,1,2026,60.32,0.0,0.0,0,0.0,,0.0,0.0
T04,B3,S1,1,2026,530.45,4.73,0.8916957300405316,20,3.770383636535017,0.2365,13.347158073333961,0.13196342727872562
T04,corridor,S1,1,2026,98.5,0.0,0.0,0,0.0,,0.0,0.0
T05,B2,S1,1,2026,49.33,0.0,0.0,0,0.0,,0.0,0.0
T05,B3,S1,1,2026,189.85,1.76,0.9270476692125362,10,5.267316302343956,0.17600000000000002,15.801948907031868,0.16328680537266263
T05,corridor,S1,1,2026,98.07000000000001,0.0,0.0,0,0.0,,0.0,0.0
T06,B2,S1,1,2026,52.74,0.0,0.0,0,0.0,,0.0,0.0
T06,B3,S1,1,2026,374.40000000000003,5.08,1.356837606837607,14,3.739316239316239,0.3628571428571429,18.349358974358974,0.44337606837606836
T06,corridor,S1,1,2026,95.41,0.0,0.0,0,0.0,,0.0,0.0
T07,B2,S1,1,2026,50.35,0.0,0.0,0,0.0,,0.0,0.0
T07,B3,S1,1,2026,386.06,29.17,7.55582033880744,47,12.174273429000673,0.6206382978723405,88.12101745842615,2.5643682329171633
T07,corridor,S1,1,2026,96.56,0.0,0.0,0,0.0,,0.0,0.0
T08,B2,S1,1,2026,45.69,0.0,0.0,0,0.0,,0.0,0.0
T08,B3,S1,1,2026,241.12,19.14,7.937956204379562,39,16.17451891174519,0.4907692307692308,94.26841406768413,2.4510617120106173
T08,corridor,S1,1,2026,94.88,2.09,2.2027824620573355,3,3.161888701517707,0.6966666666666668,25.084317032040474,1.7390387858347387
T09,B2,S1,1,2026,50.92,0.27,0.5302435192458759,1,1.9638648860958365,0.27,5.891594658287509,0.5302435192458759
T09,B3,S1,1,2026,270.73,9.22,3.40560706238688,28,10.34240756473239,0.3292857142857143,45.72821630406678,0.9492852657629373
T09,corridor,S1,1,2026,101.72,2.89,2.8411325206449076,3,2.949272512780181,0.9633333333333333,17.990562327959104,1.9661816751867873
T10,B2,S1,1,2026,56.2,0.1,0.17793594306049823,1,1.779359430604982,0.1,2.3131672597864767,0.17793594306049823
T10,B3,S1,1,2026,351.39,12.71,3.617063661458778,29,8.252938330629785,0.43827586206896557,48.72079455875239,0.9362816244059308
T10,corridor,S1,1,2026,107.87,2.62,2.428849541114304,7,6.489292667099286,0.37428571428571433,29.850746268656714,0.8899601372021878
T11,B2,S1,1,2026,58.96,0.0,0.0,0,0.0,,0.0,0.0
T11,B3,S1,1,2026,339.38,32.45,9.561553420944074,16,4.714479344687371,2.028125,55.454063291885205,6.178914491130886
T11,corridor,S1,1,2026,104.28,0.66,0.6329113924050633,3,2.8768699654775602,0.22,8.918296892980438,0.28768699654775604
T12,B2,S1,1,2026,67.71000000000001,20.23,29.877418402008566,1,1.476886722788362,20.23,27.765470388421203,29.877418402008566
T12,B3,S1,1,2026,628.4,70.12,11.158497772119668,47,7.479312539783578,1.4919148936170215,82.81349458943349,4.490770210057288
T12,corridor,S1,1,2026,107.3,12.13,11.30475302889096,4,3.7278657968313142,3.0325,39.422180801491145,10.223671947809878
T13,B2,S1,1,2026,47.92,0.31,0.6469115191986644,2,4.173622704507513,0.155,6.469115191986644,0.43823038397328884
T13,B3,S1,1,2026,330.02,14.61,4.427004423974305,33,9.99939397612266,0.44272727272727275,61.511423550087876,1.3393127689230955
T13,corridor,S1,1,2026,92.78,3.17,3.4166846303082563,7,7.544729467557663,0.45285714285714285,28.346626428109506,1.767622332399224
T14,B2,S1,1,2026,44.75,2.91,6.5027932960893855,2,4.4692737430167595,1.455,27.70949720670391,6.033519553072626
T14,B3,S1,1,2026,226.15,5.43,2.4010612425381384,14,6.190581472474022,0.38785714285714284,29.139951359717003,0.5571523325226619
T14,corridor,S1,1,2026,76.84,0.93,1.2103071317022385,2,2.6028110359187924,0.465,14.575741801145236,0.7938573659552316
T15,B2,S1,1,2026,43.35,0.13,0.29988465974625145,1,2.306805074971165,0.13,4.61361014994233,0.29988465974625145
T15,B3,S1,1,2026,182.93,1.03,0.5630569070136118,4,2.1866287651014047,0.2575,8.145192150002734,0.2733285956376756
T15,corridor,S1,1,2026,69.74,4.36,6.2517923716661885,8,11.471178663607686,0.545,64.66876971608833,2.408947519357614
T16,B2,S1,1,2026,48.19,2.6,5.395310230338245,10,20.751193193608632,0.26,69.9315210624611,1.1413156256484749
T16,B3,S1,1,2026,325.77,7.83,2.40353623722258,27,8.288055990422691,0.29,29.83700156552169,0.42975105135525066
T16,corridor,S1,1,2026,82.42,3.58,4.343605920892987,12,14.55957291919437,0.29833333333333334,51.079834991506914,1.2739626304295073
T17,B2,S1,1,2026,48.04,24.52,51.04079933388843,12,24.979184013322232,2.0433333333333334,250.2081598667777,34.075770191507075
T17,B3,S1,1,2026,312.79,34.61,11.064931743342179,48,15.345759135522234,0.7210416666666667,95.39946929249656,2.6343553182646504
T17,corridor,S1,1,2026,98.87,9.14,9.2444624254071,10,10.114291493880852,0.914,94.87205421260241,4.672802670172954
T18,B2,S1,1,2026,68.89,38.06,55.2474960081289,4,5.806357961968355,9.515,142.5460879663231,54.4781535781681
T18,B3,S1,1,2026,372.3,76.19,20.46467902229385,63,16.921837228041902,1.2093650793650794,120.11818426000536,13.843674456083804
T18,corridor,S1,1,2026,104.93,22.01,20.97588868769656,15,14.295244448680071,1.4673333333333332,158.77251501000666,10.406937958639093
T19,B2,S1,1,2026,94.02,21.86,23.250372261221017,11,11.699638374813869,1.9872727272727273,72.00595617953627,13.497128270580728
T19,B3,S1,1,2026,817.76,99.37,12.151486988847584,98,11.983956172960282,1.0139795918367347,84.0466640579143,2.483613774212483
T19,corridor,S1,1,2026,108.43,35.68,32.906022318546526,25,23.056349718712532,1.4272,158.8121368624919,8.244950659411602
T20,B2,S1,1,2026,88.4,37.75,42.703619909502265,1,1.1312217194570136,37.75,130.88235294117646,42.703619909502265
T20,B3,S1,1,2026,372.8,56.64,15.193133047210301,66,17.703862660944207,0.8581818181818182,124.08798283261802,3.1035407725321886
T20,corridor,S1,1,2026,105.33,63.300000000000004,60.09683850754771,4,3.7975885312826354,15.825000000000001,93.5156175828349,43.96658122092471
T21,B2,S1,1,2026,85.37,50.730000000000004,59.423685135293425,4,4.685486704931474,12.682500000000001,50.837530748506495,57.25664753426262
T21,B3,S1,1,2026,399.89,35.72,8.932456425517017,37,9.252544449723674,0.9654054054054055,63.392432919052744,3.8760659181274852
T21,corridor,S1,1,2026,106.73,67.7,63.431087791623725,7,6.55860582778975,9.67142857142857,90.6961491614354,45.99456572659983
T22,B2,S1,1,2026,82.85000000000001,51.120000000000005,61.70187085093543,3,3.6210018105009047,17.04,20.398310199155098,59.85515992757996
T22,B3,S1,1,2026,392.74,96.39,24.54295462647044,23,5.8562916942506495,4.190869565217391,78.32153587615215,22.174975810969087
T22,corridor,S1,1,2026,106.38,67.51,63.46117691295356,4,3.7601052829479227,16.8775,56.213573980071445,45.459672870840386
T23,B2,S1,1,2026,80.77,51.300000000000004,63.51368082208741,4,4.952333787297264,12.825000000000001,9.904667574594528,62.7089265816516
T23,B3,S1,1,2026,405.04,89.57000000000001,22.11386529725459,41,10.122457041279873,2.1846341463414634,103.44657317795773,16.781058660873
T23,corridor,S1,1,2026,107.09,72.85000000000001,68.02689326734523,8,7.4703520403399,9.106250000000001,69.75441217667382,45.569147446073394
T24,B2,S1,1,2026,78.13,56.21,71.94419557148342,5,6.399590426212723,11.242,45.437092026110335,60.15615000639959
T24,B3,S1,1,2026,642.57,160.71,25.010504692095804,71,11.049379834103677,2.2635211267605637,119.95580248066358,6.480227835099678
T24,corridor,S1,1,2026,106.58,73.39,68.85907299680991,7,6.567836367048227,10.484285714285713,83.88065303058735,48.24544942765997
T25,B2,S1,1,2026,58.050000000000004,45.06,77.62273901808786,2,3.445305770887166,22.53,114.90094745908698,62.39448751076658
T25,B3,S1,1,2026,506.47,237.88,46.968231089699295,43,8.490137619207456,5.532093023255814,186.3091594763757,18.137303295358066
T25,corridor,S1,1,2026,107.54,52.300000000000004,48.633066765854565,20,18.59773107680863,2.615,197.2289380695555,24.15845266877441
T26,B2,S1,1,2026,34.1,31.28,91.73020527859238,2,5.865102639296188,15.64,90.6158357771261,91.34897360703812
T26,B3,S1,1,2026,45.99,19.61,42.6397042835399,7,15.220700152207002,2.8014285714285716,184.38791041530766,24.701021961295933
T26,corridor,S1,1,2026,78.55,39.480000000000004,50.26098026734564,5,6.365372374283896,7.896000000000001,116.10439210693826,48.147676639083386
T27,B2,S1,1,2026,48.89,45.67,93.41378605031704,1,2.045408058907752,45.67,63.20310902024954,93.41378605031704
T27,B3,S1,1,2026,276.2,87.77,31.777697320782043,38,13.758146270818248,2.3097368421052633,97.68283852280956,22.002172338884865
T27,corridor,S1,1,2026,80.56,44.88,55.71002979145978,2,2.4826216484607744,22.44,66.28599801390268,53.699106256206555
T28,B2,S1,1,2026,51.01,42.19,82.7092726916291,2,3.9207998431680062,21.095,172.7112330915507,82.37600470495981
T28,B3,S1,1,2026,456.3,144.99,31.775147928994084,74,16.217400832785447,1.9593243243243244,163.8614946307254,8.36730221345606
T28,corridor,S1,1,2026,86.92,52.7,60.63046479521399,5,5.752416014726185,10.540000000000001,110.10124252185918,50.63276576161988
T29,B2,S1,1,2026,49.5,37.22,75.1919191919192,2,4.040404040404041,18.61,140.8080808080808,67.93939393939394
T29,B3,S1,1,2026,395.37,144.92000000000002,36.65427321243392,62,15.68151351898222,2.3374193548387097,189.49338594228192,7.011154108809469
T29,corridor,S1,1,2026,81.41,39.660000000000004,48.716373909839085,8,9.82680260410269,4.9575000000000005,158.70286205625845,44.232895221717236
T30,B2,S1,1,2026,47.980000000000004,37.09,77.30304293455606,2,4.168403501458941,18.545,109.62901208837015,71.2588578574406
T30,B3,S1,1,2026,388.3,208.9,53.79860932268864,31,7.983517898532063,6.738709677419355,158.38269379345866,36.234869945918106
T30,corridor,S1,1,2026,78.97,20.77,26.30112701025706,4,5.065214638470305,5.1925,103.83690008864126,14.701785488160061
T31,B2,S1,1,2026,46.68,37.6,80.5484147386461,1,2.1422450728363325,37.6,102.3993144815767,80.5484147386461
T31,B3,S1,1,2026,405.11,153.88,37.98474488410555,30,7.405396065266224,5.129333333333333,153.24232924390907,25.933697020562317
T31,corridor,S1,1,2026,72.95,29.98,41.09664153529815,7,9.595613433858807,4.282857142857143,178.75257025359835,31.19945167923235
T32,B2,S1,1,2026,46.37,41.050000000000004,88.52706491265904,2,4.313133491481562,20.525000000000002,92.5167133922795,87.51347854216088
T32,B3,S1,1,2026,324.69,88.65,27.30296590594105,25,7.699651975730697,3.5460000000000003,79.6144014290554,22.153438664572363
T32,corridor,S1,1,2026,73.33,35.660000000000004,48.62948315832538,12,16.36438019909996,2.971666666666667,200.7363971089595,18.7235783444702
T33,B2,S1,1,2026,48.660000000000004,42.96,88.28606658446363,3,6.165228113440197,14.32,82.4085491163173,84.75133579942458
T33,B3,S1,1,2026,410.86,76.38,18.59027405929027,27,6.571581560628925,2.8288888888888892,71.67891739278586,12.559022538090835
T33,corridor,S1,1,2026,68.39,33.45,48.910659453136425,9,13.159818686942536,3.716666666666667,197.83594092703612,38.92381927182337
T34,B2,S1,1,2026,50.06,48.300000000000004,96.48421893727527,1,1.9976028765481422,48.300000000000004,48.741510187774665,96.48421893727527
T34,B3,S1,1,2026,400.2,109.87,27.45377311344328,40,9.995002498750624,2.74675,96.92653673163419,21.639180409795102
T34,corridor,S1,1,2026,78.01,39.230000000000004,50.28842456095372,6,7.691321625432637,6.538333333333334,137.54646840148698,45.28906550442251
T35,B2,S1,1,2026,45.52,42.81,94.04657293497364,1,2.196836555360281,42.81,43.27768014059754,94.04657293497364
T35,B3,S1,1,2026,282.49,122.9,43.50596481291373,10,3.5399483167545753,12.290000000000001,90.23328259407413,40.684626004460334
T35,corridor,S1,1,2026,76.12,47.35,62.2044140830268,6,7.882291119285338,7.891666666666667,139.91066736731474,30.09721492380452
T36,B2,S1,1,2026,51.02,47.28,92.66954135633085,1,1.960015680125441,47.28,26.85221481771854,92.66954135633085
T36,B3,S1,1,2026,438.28000000000003,131.78,30.06753673450762,56,12.777220041982293,2.353214285714286,162.0197134252076,24.58017705576344
T36,corridor,S1,1,2026,80.44,59.35,73.78170064644455,2,2.486325211337643,29.675,64.52013923421184,64.17205370462456
T37,B2,S1,1,2026,50.76,49.2,96.92671394799055,1,1.9700551615445234,49.2,15.563435776201734,96.92671394799055
T37,B3,S1,1,2026,409.39,140.28,34.265614695034074,57,13.923153960770904,2.4610526315789474,155.89047118884193,11.272869391045214
T37,corridor,S1,1,2026,84.05,58.1,69.12552052349791,4,4.7590719809637125,14.525,82.6888756692445,60.059488399762046
T38,B2,S1,1,2026,49.34,49.26,99.8378597486826,1,2.026753141467369,49.26,4.053506282934738,99.8378597486826
T38,B3,S1,1,2026,377.99,166.83,44.136088256303076,21,5.555702531813011,7.944285714285715,91.43099023783698,41.39527500727532
T38,corridor,S1,1,2026,83.66,53.63,64.10470953860866,4,4.781257470714798,13.4075,106.74157303370787,55.61797752808989
T39,B2,S1,1,2026,52.2,51.82,99.272030651341,1,1.9157088122605364,51.82,13.793103448275861,99.272030651341
T39,B3,S1,1,2026,468.32,217.74,46.49385035872908,36,7.6870515886573285,6.048333333333334,146.4810386060813,28.138879398701743
T39,corridor,S1,1,2026,91.60000000000001,56.64,61.83406113537118,7,7.641921397379912,8.09142857142857,193.9956331877729,48.76637554585153
T40,B2,S1,1,2026,49.980000000000004,47.800000000000004,95.63825530212085,1,2.000800320128051,47.800000000000004,29.211684673869545,95.63825530212085
T40,B3,S1,1,2026,399.99,151.14000000000001,37.785944648616216,60,15.000375009375235,2.519,196.87992199804995,25.063126578164454
T40,corridor,S1,1,2026,96.86,63.43,65.4862688416271,4,4.129671691100557,15.8575,135.65971505265333,50.19615940532728
T41,B2,S1,1,2026,49.44,47.83,96.74352750809061,3,6.067961165048544,15.943333333333333,33.57605177993528,95.99514563106796
T41,B3,S1,1,2026,395.0,176.86,44.7746835443038,68,17.21518987341772,2.600882352941176,240.27848101265823,30.174683544303797
T41,corridor,S1,1,2026,96.78,52.26,53.998760074395534,7,7.232899359371771,7.465714285714285,69.3325067162637,48.997726803058484
T42,B2,S1,1,2026,50.24,39.46,78.54299363057325,1,1.9904458598726114,39.46,136.7436305732484,78.54299363057325
T42,B3,S1,1,2026,404.66,77.66,19.19141995749518,77,19.028320071170857,1.0085714285714287,124.17832254238125,6.304057727474917
T42,corridor,S1,1,2026,96.41,56.33,58.427549009438856,10,10.372368011617052,5.633,141.27165231822426,47.598796805310656
T43,B2,S1,1,2026,53.27,28.59,53.66998310493711,5,9.386146048432513,5.718,106.43889618922469,42.256429510043176
T43,B3,S1,1,2026,483.82,122.28,25.273862180149642,58,11.987929395229632,2.1082758620689654,138.62593526518125,7.7425488818155515
T43,corridor,S1,1,2026,102.37,65.53,64.01289440265703,5,4.884243430692585,13.106,102.5691120445443,49.467617466054506
T44,B2,S1,1,2026,50.53,42.32,83.75222640015832,4,7.916089451810805,10.58,91.82663764100535,68.85018800712449
T44,B3,S1,1,2026,423.71000000000004,134.25,31.684406787661374,68,16.04871256283779,1.974264705882353,144.06079629935567,17.188643175757004
T44,corridor,S1,1,2026,103.27,52.31,50.65362641619057,12,11.620025176721217,4.359166666666667,111.55224169652368,42.66485910719473
T45,B2,S1,1,2026,52.910000000000004,52.32,98.88489888489889,1,1.8900018900018898,52.32,5.292005292005292,98.88489888489889
T45,B3,S1,1,2026,472.81,238.5,50.443095535204414,45,9.517565195321588,5.3,204.92375372771303,30.107231234533955
T45,corridor,S1,1,2026,109.84,56.480000000000004,51.42024763292061,10,9.104151493080845,5.648,74.01675163874727,44.837946103423164
T46,B2,S1,1,2026,51.17,41.38,80.86769591557554,5,9.771350400625366,8.276,132.69493844049248,78.5811999218292
T46,B3,S1,1,2026,404.95,198.49,49.015927892332385,55,13.581923694283246,3.6089090909090906,209.2604025188295,23.042350907519445
T46,corridor,S1,1,2026,110.35000000000001,51.13,46.33439057544177,5,4.531037607612143,10.226,61.350249207068416,43.41640235613956
T47,B2,S1,1,2026,164.87,79.91,48.468490325711166,16,9.704615757869837,4.994375,127.31242797355492,25.765754837144417
T47,B3,S1,1,2026,2627.03,1537.9,58.541394654800285,201,7.651225909106481,7.651243781094528,139.23708522552081,47.52857789975752
T47,corridor,S1,1,2026,205.72,81.32000000000001,39.529457515069026,17,8.263659342796034,4.7835294117647065,95.85844837643398,30.609566400933307
CW01,B2,W,0,2020,101.63,72.85000000000001,71.6815900816688,9,8.85565285840795,8.094444444444445,128.89894716127128,46.21666830660238
CW01,B3,W,0,2020,400.55,260.75,65.09799026338784,16,3.9945075521158406,16.296875,84.758457121458,34.97690675321433
CW01,corridor,W,0,2020,108.65,61.03,56.17119190059825,11,10.124252185918085,5.548181818181819,270.68568798895535,52.83018867924528
CW02,B2,W,0,2020,99.99000000000001,76.15,76.15761576157615,12,12.001200120012,6.345833333333334,154.015401540154,49.99499949995
CW02,B3,W,0,2020,495.2,338.39,68.33400646203555,43,8.683360258481422,7.869534883720931,149.35379644588045,34.11752827140549
CW02,corridor,W,0,2020,107.02,64.56,60.32517286488507,10,9.344047841524949,6.456,253.9712203326481,57.054756120351335
CW03,B2,W,0,2020,97.46000000000001,72.73,74.62548737943771,13,13.338805663862097,5.594615384615385,140.26267186538067,50.01026061974143
CW03,B3,W,0,2020,481.53000000000003,355.84000000000003,73.89778414636679,23,4.776441758561252,15.471304347826088,119.97175669221023,39.725458434573135
CW03,corridor,W,0,2020,104.18,62.730000000000004,60.213092724131315,14,13.438279900172777,4.480714285714286,192.64734114033402,52.04453829909772
CW04,B2,W,0,2020,100.02,72.36,72.34553089382123,15,14.997000599880025,4.824,125.67486502699461,49.99000199960008
CW04,B3,W,0,2020,490.94,393.7,80.19309895302888,14,2.8516723021143116,28.121428571428574,106.73402045056423,46.025990956124986
CW04,corridor,W,0,2020,106.92,63.38,59.277964833520386,23,21.51141040029929,2.755652173913044,173.5877291432847,50.11223344556678
CW05,B2,W,0,2020,102.55,70.62,68.86396879570941,15,14.62701121404193,4.708,150.95075572891272,49.43929790346173
CW05,B3,W,0,2020,481.07,338.77,70.42010518219801,39,8.106928305651984,8.686410256410257,121.27133265429147,36.1506641445112
CW05,corridor,W,0,2020,109.69,56.96,51.928161181511534,13,11.851581730330933,4.381538461538462,142.31014677728143,48.37268666241225
CW06,B2,W,0,2020,100.0,83.15,83.15,2,2.0,41.575,170.8,49.99
CW06,B3,W,0,2020,470.04,285.87,60.818228235894814,23,4.893200578674155,12.429130434782607,160.66717726150966,26.740277423198027
CW06,corridor,W,0,2020,106.94,63.300000000000004,59.192070319805495,13,12.156349354778381,4.869230769230769,200.67327473349542,54.00224424911165
CW07,B2,W,0,2020,99.95,80.89,80.93046523261631,4,4.00200100050025,20.2225,180.39019509754877,50.015007503751875
CW07,B3,W,0,2020,460.47,332.46,72.20014333181315,22,4.777727104914543,15.111818181818183,166.56894043042976,37.52253132668795
CW07,corridor,W,0,2020,106.91,80.99,75.75530820316153,6,5.612197175194089,13.498333333333333,223.4589841923113,74.24001496585913
CW08,B2,W,0,2020,97.53,80.43,82.4669332513073,6,6.151953245155337,13.405000000000001,125.49984620116886,48.87726853275915
CW08,B3,W,0,2020,414.03000000000003,303.13,73.21450136463541,26,6.279738183223437,11.658846153846154,145.4483974591213,40.18307852088013
CW08,corridor,W,0,2020,104.26,75.04,71.97391137540764,14,13.42796854018799,5.36,175.61864569345866,64.78035680030692
CW09,B2,W,0,2020,102.5,82.04,80.0390243902439,6,5.853658536585366,13.673333333333332,172.6829268292683,49.795121951219514
CW09,B3,W,0,2020,461.07,310.15000000000003,67.26744312143492,15,3.2533021016331576,20.676666666666666,140.7812262780055,59.01490012362548
CW09,corridor,W,0,2020,109.63,96.57000000000001,88.08720240809997,2,1.8243181610872936,48.285000000000004,156.70893003739852,87.8956490011858
CW10,B2,W,0,2020,100.05,66.72,66.68665667166417,29,28.985507246376812,2.300689655172414,155.42228885557222,49.985007496251875
CW10,B3,W,0,2020,471.81,386.06,81.8253110362222,7,1.483648078675738,55.15142857142857,127.65731968377101,74.1866429282974
CW10,corridor,W,0,2020,106.96000000000001,58.57,54.75878833208676,16,14.958863126402392,3.660625,254.67464472700073,38.154450261780106
CW11,B2,W,0,2020,97.36,60.89,62.54108463434675,21,21.569433032046014,2.8995238095238096,84.531635168447,56.224322103533275
CW11,B3,W,0,2020,634.57,540.22,85.13166396142269,18,2.8365664938462265,30.01222222222222,83.6471941629765,57.02444174795531
CW11,corridor,W,0,2020,104.21000000000001,62.1,59.59121005661645,9,8.636407254582092,6.9,197.67776604932348,49.74570578639286
CW12,B2,W,0,2020,102.60000000000001,59.33,57.826510721247566,21,20.46783625730994,2.8252380952380953,83.91812865497076,49.863547758284604
CW12,B3,W,0,2020,482.22,267.15,55.4000248849073,48,9.953962921488117,5.565625,129.1319314835552,27.920865994774168
CW12,corridor,W,0,2020,109.69,71.81,65.46631415808187,9,8.204941197921414,7.978888888888889,235.48181238034462,54.726957790135835
CW13,B2,W,0,2020,99.95,57.34,57.368684342171086,9,9.004502251125562,6.371111111111111,85.34267133566783,49.57478739369685
CW13,B3,W,0,2020,412.0,226.13,54.88592233009709,46,11.16504854368932,4.915869565217391,141.82038834951456,33.883495145631066
CW13,corridor,W,0,2020,106.91,76.32000000000001,71.3871480684688,13,12.159760546253858,5.870769230769231,215.2277616686933,67.00963427181742
CW14,B2,W,0,2020,97.46000000000001,69.56,71.37287092140366,7,7.182433819002667,9.937142857142858,177.9191463164375,49.25097475887544
CW14,B3,W,0,2020,355.40000000000003,245.35,69.03489026449071,22,6.190208216094541,11.152272727272727,114.40630275745637,48.289251547552055
CW14,corridor,W,0,2020,104.29,80.91,77.58174321603222,5,4.794323520951194,16.182000000000002,180.17067791734584,76.90094927605715
CW15,B2,W,0,2020,100.0,67.02,67.02,18,18.0,3.723333333333333,156.0,50.0
CW15,B3,W,0,2020,359.41,258.72,71.98464149578476,13,3.6170390361982134,19.90153846153846,122.45068306391029,44.31707520658858
CW15,corridor,W,0,2020,106.89,73.89,69.12714005051923,8,7.484329684722612,9.23625,246.51510899055103,54.53269716531013
CW16,B2,W,0,2020,100.01,75.95,75.94240575942406,12,11.998800119988001,6.329166666666667,116.2883711628837,49.975002499750026
CW16,B3,W,0,2020,258.88,187.25,72.33080964153275,19,7.339307787391842,9.855263157894736,168.64956736711991,46.83637206427689
CW16,corridor,W,0,2020,107.0,74.61,69.72897196261682,10,9.345794392523365,7.461,188.22429906542055,64.42990654205607
CW17,B2,W,0,2020,99.95,75.34,75.37768884442221,8,8.0040020010005,9.4175,119.75987993996998,51.93596798399199
CW17,B3,W,0,2020,434.21000000000004,321.09000000000003,73.94808963404805,26,5.98788604592248,12.349615384615387,150.45715206927522,54.97109693466295
CW17,corridor,W,0,2020,106.92,105.03,98.23232323232324,1,0.9352787130564908,105.03,29.36775158997381,98.23232323232324
CW18,B2,W,0,2020,100.06,60.64,60.60363781730961,15,14.991005396761942,4.042666666666666,98.74075554667199,49.9500299820108
CW18,B3,W,0,2020,368.28000000000003,265.89,72.19778429455849,12,3.2583903551645483,22.1575,156.59280981861625,56.29412403605952
CW18,corridor,W,0,2020,106.97,77.89,72.81480789006264,7,6.5438908105076194,11.127142857142857,185.84649901841638,71.47798448163036
CW19,B2,W,0,2020,83.43,48.79,58.48016301090735,7,8.390267289943665,6.97,153.0624475608294,37.54045307443366
CW19,B3,W,0,2020,368.69,165.13,44.78830453768749,50,13.561528655510049,3.3026,144.430280181182,17.85782093357563
CW19,corridor,W,0,2020,106.9,75.4,70.533208606174,7,6.5481758652946676,10.77142857142857,148.55004677268474,66.52946679139383
CW20,B2,W,0,2020,36.19,18.52,51.17435755733628,3,8.289582757667864,6.173333333333334,119.36999171041725,49.488809063277145
CW20,B3,W,0,2020,397.98,144.04,36.19277350620634,50,12.563445399266294,2.8808,121.38800944771093,16.789788431579478
CW20,corridor,W,0,2020,101.85000000000001,51.800000000000004,50.85910652920962,13,12.763868433971526,3.9846153846153847,199.90181639666173,46.00883652430044
CW21,B2,W,0,2020,29.34,7.49,25.52828902522154,4,13.6332651670075,1.8725,93.38786639400136,12.985685071574641
CW21,B3,W,0,2020,332.17,142.39000000000001,42.86660444952886,41,12.343077339916308,3.472926829268293,157.75054941746694,18.186470783032785
CW21,corridor,W,0,2020,97.02,72.82000000000001,75.05668934240363,3,3.0921459492888066,24.273333333333337,214.4918573490002,74.69593898165327
CW22,B2,W,0,2020,23.03,4.97,21.580547112462007,7,30.3951367781155,0.71,152.84411636995222,4.776378636561008
CW22,B3,W,0,2020,399.58,183.59,45.94574303018169,51,12.763401571650233,3.5998039215686277,159.0419940937985,15.646428750187697
CW22,corridor,W,0,2020,99.55,89.29,89.69362129583124,2,2.0090406830738323,44.645,150.8789552988448,89.2817679558011
CW23,B2,W,0,2020,18.64,3.7600000000000002,20.17167381974249,3,16.094420600858367,1.2533333333333334,60.08583690987124,15.55793991416309
CW23,B3,W,0,2020,395.08,217.59,55.07492153487901,32,8.099625392325605,6.7996875,163.9921028652425,24.774729168775945
CW23,corridor,W,0,2020,101.27,95.45,94.2529870642836,2,1.9749185346104474,47.725,59.64253974523551,94.07524439616866
CW24,B2,W,0,2020,27.45,13.72,49.98178506375228,1,3.6429872495446265,13.72,145.3551912568306,49.98178506375228
CW24,B3,W,0,2020,406.15000000000003,218.06,53.68952357503385,46,11.325864828265418,4.740434782608696,169.0754647297796,24.697771759202265
CW24,corridor,W,0,2020,109.68,85.86,78.28227571115974,3,2.735229759299781,28.62,159.8285922684172,77.89934354485777
CW25,B2,W,0,2020,13.23,6.49,49.055177626606195,4,30.23431594860166,1.6225,208.61678004535148,24.94331065759637
CW25,B3,W,0,2020,399.87,183.29,45.83739715407508,79,19.75642083677195,2.320126582278481,177.53269812689123,20.339110210818514
CW25,corridor,W,0,2020,92.0,54.230000000000004,58.94565217391305,4,4.3478260869565215,13.557500000000001,214.7826086956522,58.41304347826087
CW26,B2,W,0,2020,35.56,28.17,79.21822272215972,1,2.8121484814398197,28.17,291.6197975253093,79.21822272215972
CW26,B3,W,0,2020,388.63,200.3,51.54002521678718,48,12.351079432879603,4.172916666666667,176.95494429148548,38.028458945526594
CW26,corridor,W,0,2020,73.38,40.410000000000004,55.069501226492235,6,8.176614881439084,6.735,200.87217225402017,45.17579721995094
CW27,B2,W,0,2020,5.87,4.78,81.43100511073254,3,51.10732538330494,1.5933333333333335,241.90800681431006,38.67120954003407
CW27,B3,W,0,2020,355.44,220.39000000000001,62.00483907269863,46,12.941706054467701,4.791086956521739,134.73441368444745,44.16497861805087
CW27,corridor,W,0,2020,88.34,53.88,60.99162327371519,4,4.527960153950645,13.47,193.4570975775413,57.833371066334614
CW28,B2,W,0,2020,28.97,23.56,81.32550914739386,1,3.4518467380048325,23.56,169.48567483603728,81.32550914739386
CW28,B3,W,0,2020,369.72,183.67000000000002,49.67813480471708,69,18.66277182732879,2.6618840579710144,147.27361246348588,38.64275668073137
CW28,corridor,W,0,2020,91.25,76.57000000000001,83.91232876712328,1,1.095890410958904,76.57000000000001,47.45205479452055,83.91232876712328
CW29,B2,W,0,2020,35.62,16.71,46.91184727681078,1,2.8074115665356545,16.71,174.62099943851769,46.91184727681078
CW29,B3,W,0,2020,389.83,220.13,56.468204088961855,34,8.721750506631096,6.474411764705883,77.57227509427186,38.940050791370595
CW29,corridor,W,0,2020,85.05,55.65,65.4320987654321,2,2.3515579071134627,27.825,103.82128159905938,65.30276308054086
CW30,B2,W,0,2020,6.0200000000000005,4.04,67.10963455149502,4,66.44518272425249,1.01,348.83720930232556,47.674418604651166
CW30,B3,W,0,2020,374.81,239.22,63.82433766441664,31,8.27085723433206,7.716774193548387,108.98855420079506,36.581201141911905
CW30,corridor,W,0,2020,61.49,30.03,48.83720930232558,5,8.131403480240689,6.006,195.31631159538136,21.987315010570825
CW31,B2,W,0,2020,13.89,8.86,63.78689704823614,1,7.199424046076314,8.86,191.50467962562993,63.78689704823614
CW31,B3,W,0,2020,399.98,247.61,61.905595279763986,37,9.250462523126156,6.6921621621621625,151.907595379769,34.18920946047302
CW31,corridor,W,0,2020,68.74,34.9,50.77102123945301,2,2.909514111143439,17.45,157.84114052953157,50.02909514111143
CW32,B2,W,0,2020,13.08,9.13,69.80122324159021,2,15.290519877675841,4.565,205.65749235474007,66.13149847094802
CW32,B3,W,0,2020,385.26,230.53,59.837512329336036,31,8.046514042464828,7.436451612903226,119.37392929450242,21.629548876083685
CW32,corridor,W,0,2020,93.71000000000001,43.660000000000004,46.590545299327715,2,2.1342439440828085,21.830000000000002,135.84462704087076,31.127947924447763
CW33,B2,W,0,2020,36.14,19.59,54.205866076369674,3,8.301051466519093,6.53,293.58052019922525,47.42667404537908
CW33,B3,W,0,2020,360.29,261.15,72.48327735990452,25,6.938854811401926,10.446,90.0940908712426,24.64126120625052
CW33,corridor,W,0,2020,81.99,21.830000000000002,26.625198194901817,9,10.976948408342482,2.4255555555555555,164.77619221856324,12.769849981705086
CW34,B2,W,0,2020,7.53,5.64,74.9003984063745,1,13.280212483399733,5.64,305.4448871181939,74.9003984063745
CW34,B3,W,0,2020,332.33,260.65,78.43107754340565,11,3.309962988595673,23.695454545454545,79.74001745253213,74.95260734811784
CW34,corridor,W,0,2020,61.71,21.34,34.58110516934046,6,9.722897423432183,3.556666666666667,170.15070491006318,18.554529249716417
CW35,B2,W,0,2020,24.560000000000002,17.01,69.25895765472313,5,20.35830618892508,3.402,192.58957654723125,65.39087947882736
CW35,B3,W,0,2020,383.73,289.69,75.49318531258957,10,2.6059990097203762,28.969,98.53282255752742,70.91183905350115
CW35,corridor,W,0,2020,52.93,22.67,42.83015303230682,4,7.557150954090308,5.6675,113.35726431135463,25.410920083128662
CW36,B2,W,0,2020,22.89,20.31,88.72870249017038,2,8.73743993010048,10.155,89.1218872870249,72.95762341633902
CW36,B3,W,0,2020,387.08,325.85,84.18156453446316,9,2.3251007543660225,36.205555555555556,57.869174330887674,77.74361889015191
CW36,corridor,W,0,2020,82.98,19.06,22.96939021450952,7,8.435767654856592,2.722857142857143,125.33140515786936,13.31646179802362
CW37,B2,W,0,2020,18.44,9.67,52.44034707158352,2,10.845986984815617,4.835,166.48590021691973,34.219088937093275
CW37,B3,W,0,2020,361.88,326.33,90.17630153642091,5,1.3816734829225157,65.266,53.55366419807671,83.15463689620869
CW37,corridor,W,0,2020,84.59,4.61,5.449816763210781,4,4.728691334673129,1.1525,27.544627024470977,3.6883792410450407
CW38,B2,W,0,2020,48.050000000000004,45.29,94.25598335067637,2,4.1623309053069715,22.645,52.44536940686784,89.9063475546306
CW38,B3,W,0,2020,355.15000000000003,315.48,88.83007180064762,12,3.3788540053498517,26.29,65.69055328734336,83.80684217936083
CW38,corridor,W,0,2020,86.09,14.14,16.424671855035427,7,8.131025670809617,2.02,73.06307352770357,9.896619816471135
CW39,B2,W,0,2020,32.15,25.16,78.25816485225505,2,6.2208398133748055,12.58,167.02954898911355,77.44945567651634
CW39,B3,W,0,2020,339.39,297.75,87.73092901971184,12,3.5357553257314596,24.8125,91.42873979787265,84.39847962520993
CW39,corridor,W,0,2020,82.99,31.76,38.26967104470418,9,10.844680081937584,3.5288888888888894,181.10615736835766,23.73779973490782
CW40,B2,W,0,2020,19.42,16.04,82.59526261585994,3,15.447991761071059,5.346666666666667,117.91967044284242,74.76828012358393
CW40,B3,W,0,2020,370.18,336.18,90.81527905343347,2,0.5402777027392079,168.09,65.2115187206224,88.748716840456
CW40,corridor,W,0,2020,83.62,42.28,50.56206649127003,3,3.587658454915092,14.093333333333334,194.69026548672565,49.96412341545085
CW41,B2,W,0,2020,20.95,16.29,77.75656324582339,4,19.093078758949883,4.0725,147.9713603818616,50.214797136038186
CW41,B3,W,0,2020,395.71000000000004,359.22,90.77860049025801,3,0.7581309544868716,119.74000000000001,68.73720654014303,84.0691415430492
CW41,corridor,W,0,2020,83.48,38.46,46.07091518926689,7,8.385241974125538,5.494285714285715,129.1327264015333,33.36128413991375
CW42,B2,W,0,2020,11.61,10.53,90.69767441860465,1,8.613264427217915,10.53,112.8337639965547,90.69767441860465
CW42,B3,W,0,2020,369.08,351.37,95.20158231277772,3,0.8128319063617644,117.12333333333333,40.26227376178606,92.61406741085943
CW42,corridor,W,0,2020,81.39,57.99,71.24953925543679,1,1.2286521685710776,57.99,80.23098660769136,71.24953925543679
CW43,B2,W,0,2020,25.16,20.7,82.27344992050874,3,11.92368839427663,6.9,131.95548489666137,80.88235294117646
CW43,B3,W,0,2020,400.16,376.72,94.14234306277488,1,0.2499000399840064,376.72,40.533786485405834,94.14234306277488
CW43,corridor,W,0,2020,65.4,42.64,65.19877675840979,1,1.5290519877675839,42.64,140.0611620795107,65.19877675840979
CW44,B2,W,0,2020,24.94,23.18,92.9430633520449,1,4.0096230954290295,23.18,105.05212510024057,92.9430633520449
CW44,B3,W,0,2020,400.98,374.5,93.3961793605666,7,1.7457229787021795,53.5,51.44895007232281,92.56820789066786
CW44,corridor,W,0,2020,67.62,40.26,59.53859804791482,3,4.436557231588287,13.42,130.43478260869566,59.09494232475599
CW45,B2,W,0,2020,24.6,21.46,87.23577235772358,1,4.0650406504065035,21.46,159.7560975609756,87.23577235772358
CW45,B3,W,0,2020,320.09000000000003,294.86,92.11784185697772,5,1.5620606704364397,58.972,74.47905276640944,44.649942203755195
CW45,corridor,W,0,2020,87.94,44.97,51.13713895838072,7,7.959972708664999,6.424285714285714,151.35319536047305,47.08892426654537
CW46,B2,W,0,2020,37.69,36.27,96.23242239320774,1,2.6532236667551077,36.27,53.32979570177766,96.23242239320774
CW46,B3,W,0,2020,361.19,350.02,96.90744483512833,4,1.1074503723801876,87.505,38.151665328497465,38.074143802430854
CW46,corridor,W,0,2020,64.32000000000001,24.060000000000002,37.406716417910445,6,9.328358208955223,4.01,151.1194029850746,32.10509950248756
CW47,B2,W,0,2020,26.57,23.17,87.20361309747835,2,7.527286413248024,11.585,161.8366578848325,79.0741437711705
CW47,B3,W,0,2020,391.25,366.5,93.6741214057508,3,0.7667731629392971,122.16666666666666,59.01597444089457,56.14568690095847
CW47,corridor,W,0,2020,65.46000000000001,38.49,58.79926672777268,4,6.110601894286586,9.6225,151.6956920256645,32.35563703024748
CW48,B2,W,0,2020,11.700000000000001,9.75,83.33333333333333,2,17.094017094017094,4.875,168.37606837606836,60.51282051282051
CW48,B3,W,0,2020,381.84000000000003,329.64,86.32935260842238,6,1.571338780641106,54.94,109.96752566520007,49.470982610517495
CW48,corridor,W,0,2020,80.26,53.21,66.29703463742835,2,2.4919013207077,26.605,124.09668577124346,65.68651881385497
CW49,B2,W,0,2020,23.78,21.8,91.67367535744323,2,8.410428931875526,10.9,80.74011774600504,84.10428931875526
CW49,B3,W,0,2020,377.32,336.82,89.26640517332768,9,2.385243294816071,37.42444444444445,87.24689918371674,49.12806106222835
CW49,corridor,W,0,2020,82.18,57.94,70.50377220734973,2,2.433682161109759,28.97,66.19615478218545,70.30907763446093
CW50,B2,W,0,2020,20.82,18.3,87.89625360230548,2,9.606147934678194,9.15,125.84053794428434,51.585014409221905
CW50,B3,W,0,2020,369.94,344.63,93.15835000270314,4,1.0812564199599934,86.1575,71.36292371735958,32.5241931123966
CW50,corridor,W,0,2020,48.51,27.75,57.20470006184292,2,4.1228612657184085,13.875,183.87961245104103,56.833642547928264
CW51,B2,W,0,2020,34.64,33.02,95.32332563510393,1,2.886836027713626,33.02,67.55196304849885,95.32332563510393
CW51,B3,W,0,2020,383.2,343.76,89.70772442588726,7,1.826722338204593,49.10857142857143,66.44050104384134,55.72025052192067
CW51,corridor,W,0,2020,45.89,22.330000000000002,48.65983874482458,2,4.3582479843103075,11.165000000000001,64.93789496622358,43.146655044672045
CW52,B2,W,0,2020,11.14,9.32,83.6624775583483,4,35.90664272890485,2.33,185.8168761220826,79.26391382405745
CW52,B3,W,0,2020,371.85,287.56,77.3322576307651,15,4.033884630899556,19.170666666666666,125.61516740621218,64.32163506790373
CW52,corridor,W,0,2020,60.5,33.11,54.72727272727273,2,3.3057851239669422,16.555,129.91735537190084,49.04132231404959
CW53,B2,W,0,2020,26.23,24.84,94.70072436141822,2,7.624857033930613,12.42,90.73579870377431,83.41593595120092
CW53,B3,W,0,2020,348.48,301.25,86.44685491276401,6,1.721763085399449,50.20833333333333,129.62006427915517,56.51113406795225
CW53,corridor,W,0,2020,64.06,32.2,50.26537620980331,2,3.1220730565095223,16.1,188.7293162660006,48.73556041211364
CW54,B2,W,0,2020,38.46,37.28,96.931877275091,1,2.6001040041601664,37.28,33.28133125325013,96.931877275091
CW54,B3,W,0,2020,396.28000000000003,359.87,90.81205208438477,9,2.2711214292924193,39.98555555555556,73.88715049964671,55.67528010497628
CW54,corridor,W,0,2020,50.57,15.34,30.334190231362467,7,13.842198932173226,2.1914285714285713,155.8236108364643,15.542811943840222
CW55,B2,W,0,2020,31.71,30.23,95.33270261747083,2,6.30715862503942,15.115,56.76442762535478,58.90886155786818
CW55,B3,W,0,2020,338.93,313.44,92.47927300622547,10,2.9504617472634465,31.344,63.96601068067152,40.69571888000472
CW55,corridor,W,0,2020,59.0,29.89,50.66101694915254,2,3.389830508474576,14.945,143.89830508474577,46.57627118644068
CW56,B2,W,0,2020,14.69,14.21,96.73247106875425,2,13.614703880190607,7.105,81.0074880871341,95.64329475833901
CW56,B3,W,0,2020,309.40000000000003,286.62,92.63736263736264,10,3.232062055591467,28.662,44.95798319327731,56.65158371040724
CW56,corridor,W,0,2020,51.370000000000005,21.6,42.04788787229901,2,3.8933229511387966,10.8,190.5781584582441,41.48335604438388
CW57,B2,W,0,2020,34.56,32.87,95.10995370370371,1,2.893518518518518,32.87,46.875,95.10995370370371
CW57,B3,W,0,2020,347.54,237.87,68.44392012430224,18,5.17925994130172,13.215,47.85060712435978,63.52937791333372
CW57,corridor,W,0,2020,48.59,11.83,24.34657336900597,9,18.522329697468614,1.3144444444444445,171.22864786993208,9.03478081909858
CW58,B2,W,0,2020,11.13,9.72,87.33153638814017,3,26.954177897574123,3.24,155.4357592093441,59.20934411500449
CW58,B3,W,0,2020,360.23,222.63,61.80218193931655,15,4.16400632928962,14.842,46.775671099020066,52.93007245371013
CW58,corridor,W,0,2020,62.56,21.32,34.07928388746803,9,14.38618925831202,2.368888888888889,153.9322250639386,10.374040920716112
CW59,B2,W,0,2020,32.65,30.94,94.76263399693721,1,3.0627871362940278,30.94,61.86830015313936,94.76263399693721
CW59,B3,W,0,2020,346.97,193.61,55.8002132749229,23,6.628815171340461,8.417826086956522,78.01827247312447,29.561633570625702
CW59,corridor,W,0,2020,78.86,43.37,54.99619579000761,2,2.53613999492772,21.685,140.24854171950292,54.577732690844535
CW60,B2,W,0,2020,2.5100000000000002,0.31,12.350597609561753,1,39.840637450199196,0.31,179.2828685258964,12.350597609561753
CW60,B3,W,0,2020,343.82,206.85,60.162294223721716,17,4.944447676109593,12.16764705882353,110.78471293118493,42.92653132453028
CW60,corridor,W,0,2020,53.69,13.47,25.088470851182716,9,16.76289811883032,1.4966666666666666,142.11212516297263,11.491897932575899
CW61,B2,W,0,2020,28.91,6.890000000000001,23.83258388101003,3,10.377032168799722,2.2966666666666664,105.49982704946385,20.754064337599445
CW61,B3,W,0,2020,363.92,82.35000000000001,22.62859969224005,42,11.540998021543196,1.9607142857142859,73.06550890305562,17.363706309078918
CW61,corridor,W,0,2020,47.99,5.74,11.960825171910814,8,16.670139612419252,0.7175,90.64388414252969,8.460095853302771
CW62,B2,W,0,2020,12.74,4.79,37.59811616954474,2,15.698587127158556,2.395,153.84615384615384,20.87912087912088
CW62,B3,W,0,2020,378.3,101.53,26.83848797250859,31,8.194554586307163,3.2751612903225804,88.63335976738038,18.131112873380914
CW62,corridor,W,0,2020,61.410000000000004,12.02,19.57335938772187,5,8.141996417521575,2.404,107.80003256798567,18.17293600390816
CW63,B2,W,0,2020,7.61,6.46,84.88830486202366,2,26.281208935611037,3.23,207.62155059132718,54.139290407358736
CW63,B3,W,0,2020,369.23,104.67,28.34818405871679,32,8.666684722259838,3.2709375,110.06689597269994,23.22942339463207
CW63,corridor,W,0,2020,78.01,36.58,46.891424176387645,1,1.281886937572106,36.58,72.81117805409562,46.891424176387645
CW64,B2,W,0,2020,3.61,1.85,51.24653739612188,3,83.10249307479225,0.6166666666666667,174.5152354570637,24.930747922437675
CW64,B3,W,0,2020,355.61,136.77,38.46067320941481,29,8.155001265431231,4.716206896551724,117.51638030426591,30.986192739236806
CW64,corridor,W,0,2020,67.91,24.09,35.473420703872776,3,4.417611544691503,8.03,82.02032101310559,34.92858194669415
CW65,B2,W,0,2020,17.25,13.83,80.17391304347827,3,17.391304347826086,4.61,102.02898550724638,77.73913043478261
CW65,B3,W,0,2020,365.18,302.98,82.96730379538857,9,2.464538036037023,33.66444444444444,94.30965551235008,44.89566788980777
CW65,corridor,W,0,2020,65.44,9.120000000000001,13.93643031784841,11,16.809290953545233,0.8290909090909091,106.66259168704157,4.660757946210269
CW66,B2,W,0,2020,93.46000000000001,38.72,41.42948855125187,4,4.279905842071474,9.68,68.37149582709179,39.12903916113846
CW66,B3,W,0,2020,2034.29,813.24,39.97660117289079,100,4.9157199809270065,8.1324,90.2624502897817,22.229377325750015
CW66,corridor,W,0,2020,140.57,9.38,6.672832040976026,13,9.248061464039269,0.7215384615384616,52.42939460766878,1.7784733584690902
CW01,B2,W,0,2024,101.63,67.21000000000001,66.13204762373314,12,11.807537144543934,5.600833333333334,125.8486667322641,46.21666830660238
CW01,B3,W,0,2024,398.23,250.42000000000002,62.88325841850187,13,3.264445169876704,19.263076923076923,90.52557567235014,34.904452200989375
CW01,corridor,W,0,2024,108.65,54.27,49.94937873907041,12,11.044638748274275,4.5225,300.3221352968246,43.230556833870224
CW02,B2,W,0,2024,99.99000000000001,72.51,72.51725172517251,11,11.001100110011,6.591818181818182,151.4151415141514,49.99499949995
CW02,B3,W,0,2024,494.06,277.83,56.234060640408046,44,8.905800914868639,6.314318181818181,168.6232441403878,26.695138242318748
CW02,corridor,W,0,2024,107.02,61.42,57.391141842646235,14,13.081666978134928,4.387142857142857,286.5819472995702,43.63670341992151
CW03,B2,W,0,2024,97.46000000000001,71.08,72.93248512210137,10,10.260619741432382,7.108,187.66673507079827,50.01026061974143
CW03,B3,W,0,2024,480.46000000000004,298.53000000000003,62.13420472047621,41,8.53348873995754,7.281219512195122,171.79369770636472,24.96149523373434
CW03,corridor,W,0,2024,104.18,61.02,58.57170282203878,11,10.558648492992896,5.547272727272728,143.3096563639854,52.97561912075254
CW04,B2,W,0,2024,100.02,72.48,72.46550689862028,10,9.998000399920016,7.247999999999999,181.2637472505499,49.99000199960008
CW04,B3,W,0,2024,489.89,382.7,78.11957786441855,21,4.286676600869583,18.223809523809525,132.62160893261753,44.09561330094511
CW04,corridor,W,0,2024,106.92,56.7,53.03030303030303,15,14.029180695847362,3.7800000000000002,144.21997755331088,49.63524130190797
CW05,B2,W,0,2024,102.55,82.0,79.96099463676255,9,8.776206728425159,9.11111111111111,226.91370063383715,49.43929790346173
CW05,B3,W,0,2024,481.21000000000004,376.07,78.15091124457098,26,5.4030464869807355,14.464230769230769,147.19145487417134,42.52197585253839
CW05,corridor,W,0,2024,109.69,56.27,51.29911568967089,19,17.32154252894521,2.961578947368421,149.32992980216974,47.55219254262011
CW06,B2,W,0,2024,100.0,80.32000000000001,80.32,4,4.0,20.080000000000002,237.8,49.99
CW06,B3,W,0,2024,465.53000000000003,339.5,72.92763087233905,22,4.725796404098554,15.431818181818183,204.7343887611969,35.12770390737439
CW06,corridor,W,0,2024,106.94,59.47,55.610622779128484,15,14.02655694782121,3.9646666666666666,206.2838975126239,43.7161024873761
CW07,B2,W,0,2024,99.95,69.64,69.67483741870936,20,20.01000500250125,3.4819999999999998,219.40970485242622,50.015007503751875
CW07,B3,W,0,2024,454.82,334.86,73.62473066267974,26,5.716547205487886,12.87923076923077,142.38599885669055,37.84574117233191
CW07,corridor,W,0,2024,106.91,64.38,60.21887568983257,23,21.51342250491067,2.799130434782609,241.41801515293238,45.355906837526895
CW08,B2,W,0,2024,97.53,75.19,77.09422741720496,8,8.202604326873782,9.39875,218.4968727571004,48.87726853275915
CW08,B3,W,0,2024,412.48,301.92,73.19627618308766,23,5.576027928626842,13.12695652173913,141.70384018619083,39.80799069045772
CW08,corridor,W,0,2024,104.26,63.07,60.4929982735469,15,14.387109150201418,4.204666666666666,194.51371571072318,47.16094379436025
CW09,B2,W,0,2024,102.5,73.42,71.62926829268292,18,17.5609756097561,4.078888888888889,245.9512195121951,49.80487804878049
CW09,B3,W,0,2024,459.24,311.68,67.86865255639752,34,7.403536277327759,9.167058823529413,170.7168365124989,61.767267659611534
CW09,corridor,W,0,2024,109.63,87.79,80.07844568092675,5,4.5607954027182345,17.558,176.86764571741313,79.20277296360486
CW10,B2,W,0,2024,100.05,57.83,57.80109945027486,25,24.987506246876563,2.3132,107.54622688655672,49.87506246876562
CW10,B3,W,0,2024,471.75,369.78000000000003,78.38473767885533,21,4.451510333863275,17.60857142857143,135.58028616852147,74.7154213036566
CW10,corridor,W,0,2024,106.96000000000001,39.34,36.78010471204188,23,21.50336574420344,1.7104347826086956,173.1488406881077,29.69334330590875
CW11,B2,W,0,2024,97.36,55.39,56.891947411668035,8,8.216926869350862,6.92375,28.553820870994247,55.49506984387839
CW11,B3,W,0,2024,634.33,496.79,78.31727964939385,18,2.8376397143442684,27.599444444444444,162.32875632557185,50.24671700849716
CW11,corridor,W,0,2024,104.21000000000001,43.35,41.598694942903755,6,5.7576048363880625,7.2250000000000005,134.72795317148066,40.12090970156415
CW12,B2,W,0,2024,102.60000000000001,53.85,52.485380116959064,7,6.82261208576998,7.692857142857144,30.994152046783622,49.87329434697856
CW12,B3,W,0,2024,479.5,240.57,50.17101147028154,48,10.010427528675704,5.011875,150.17726798748697,25.991657977059436
CW12,corridor,W,0,2024,109.69,52.56,47.91685659586106,13,11.851581730330933,4.0430769230769235,141.9454827240405,40.322727687118245
CW13,B2,W,0,2024,99.95,57.42,57.44872436218109,16,16.008004002001,3.58875,103.65182591295647,50.00500250125062
CW13,B3,W,0,2024,409.45,191.47,46.76273049212358,31,7.571132006349982,6.176451612903226,128.95347417267067,32.917328123091956
CW13,corridor,W,0,2024,106.91,66.41,62.117669067439905,14,13.09512674211954,4.743571428571428,202.8809278832663,59.40510709942943
CW14,B2,W,0,2024,97.46000000000001,65.83,67.54565975784938,10,10.260619741432382,6.582999999999999,194.43874410014362,49.81530884465422
CW14,B3,W,0,2024,352.32,257.0,72.94504995458674,15,4.2574931880108995,17.133333333333333,120.57220708446867,47.89963669391462
CW14,corridor,W,0,2024,104.29,53.27,51.078722792214016,6,5.753188225141432,8.878333333333334,178.7323808610605,34.24105858663343
CW15,B2,W,0,2024,100.0,70.21000000000001,70.21,12,12.0,5.850833333333334,193.7,50.0
CW15,B3,W,0,2024,355.35,275.27,77.4644716476713,16,4.502603067398339,17.204375,125.9321795412973,43.84128324187421
CW15,corridor,W,0,2024,106.89,53.230000000000004,49.79885863972308,17,15.90420058003555,3.1311764705882354,292.6372906726541,30.68575170736271
CW16,B2,W,0,2024,100.01,75.21000000000001,75.2024797520248,15,14.998500149985,5.014,130.88691130886912,50.00499950005
CW16,B3,W,0,2024,252.34,174.36,69.09724974241104,17,6.736942220813188,10.256470588235295,197.07537449472932,42.997542997543
CW16,corridor,W,0,2024,107.0,68.85000000000001,64.34579439252336,12,11.214953271028037,5.7375,205.60747663551402,40.925233644859816
CW17,B2,W,0,2024,99.95,75.59,75.62781390695348,10,10.005002501250624,7.559,171.98599299649825,49.324662331165584
CW17,B3,W,0,2024,434.66,302.2,69.52560622095432,26,5.981686835687664,11.623076923076924,144.25067869139096,52.35816500253071
CW17,corridor,W,0,2024,106.92,104.07000000000001,97.334455667789,1,0.9352787130564908,104.07000000000001,50.130939019827906,97.334455667789
CW18,B2,W,0,2024,100.06,59.160000000000004,59.124525284829105,11,10.993403957625425,5.378181818181819,157.30561663002197,46.02238656805916
CW18,B3,W,0,2024,368.68,232.27,63.00043398068786,25,6.780948247802972,9.2908,181.24118476727784,27.424867093414342
CW18,corridor,W,0,2024,106.97,77.81,72.74002056651398,7,6.5438908105076194,11.115714285714287,281.01336823408434,71.69299803683276
CW19,B2,W,0,2024,84.91,50.38,59.33341184783889,4,4.710870333294077,12.595,175.00883288187492,37.53385938052055
CW19,B3,W,0,2024,368.54,129.96,35.26347207901449,29,7.868888044716991,4.481379310344828,87.50746187659412,15.72149563141043
CW19,corridor,W,0,2024,106.9,75.60000000000001,70.72029934518241,4,3.7418147801683816,18.900000000000002,231.43124415341438,68.0823199251637
CW20,B2,W,0,2024,38.7,20.51,52.997416020671835,2,5.167958656330749,10.255,128.68217054263565,52.19638242894057
CW20,B3,W,0,2024,398.64,113.75,28.534517359020672,27,6.773028296207104,4.212962962962963,92.71523178807948,10.172085089303632
CW20,corridor,W,0,2024,101.76,58.78,57.763364779874216,6,5.89622641509434,9.796666666666667,326.74921383647796,52.800707547169814
CW21,B2,W,0,2024,28.89,5.46,18.89927310488058,4,13.845621322256836,1.365,102.80373831775701,9.345794392523365
CW21,B3,W,0,2024,333.26,104.12,31.242873432155076,34,10.202244493788633,3.0623529411764707,113.48496669267239,12.917841925223549
CW21,corridor,W,0,2024,96.74000000000001,64.56,66.73557990489974,6,6.2021914409758105,10.76,323.44428364688855,57.639032458135205
CW22,B2,W,0,2024,23.150000000000002,3.27,14.125269978401727,7,30.237580993520517,0.46714285714285714,134.7732181425486,3.801295896328294
CW22,B3,W,0,2024,399.33,131.6,32.95519995993289,40,10.016778103323066,3.29,115.86908071018958,12.245511231312449
CW22,corridor,W,0,2024,97.18,80.71000000000001,83.05206832681621,1,1.029018316526034,80.71000000000001,239.65836591891335,83.05206832681621
CW23,B2,W,0,2024,16.490000000000002,0.87,5.275924802910855,3,18.192844147968465,0.29,34.56640388114008,3.3353547604608855
CW23,B3,W,0,2024,394.43,155.55,39.43665542681845,43,10.901807671830236,3.6174418604651164,140.7093780899019,13.822478006236848
CW23,corridor,W,0,2024,98.07000000000001,94.38,96.23738146222087,1,1.0196798205363515,94.38,41.093096767614966,96.23738146222087
CW24,B2,W,0,2024,25.060000000000002,13.02,51.95530726256983,1,3.990422984836392,13.02,129.2897047086991,51.95530726256983
CW24,B3,W,0,2024,404.95,149.8,36.99222126188418,45,11.112483022595383,3.3288888888888892,134.06593406593407,12.875663662180516
CW24,corridor,W,0,2024,109.54,97.09,88.63428884425781,1,0.912908526565638,97.09,125.25104984480555,88.63428884425781
CW25,B2,W,0,2024,12.56,5.0600000000000005,40.28662420382165,6,47.77070063694267,0.8433333333333333,217.35668789808918,14.171974522292993
CW25,B3,W,0,2024,399.87,111.12,27.789031435216444,41,10.253332333008228,2.710243902439024,77.27511441218395,15.077400155050391
CW25,corridor,W,0,2024,90.12,62.11,68.91921881935197,4,4.438526409232135,15.5275,254.54948956946293,54.371948513093656
CW26,B2,W,0,2024,34.93,29.36,84.05382192957343,1,2.86286859433152,29.36,220.1545949040939,84.05382192957343
CW26,B3,W,0,2024,388.83,129.15,33.21502970449811,42,10.801635676259549,3.075,121.02975593447009,27.22783735822853
CW26,corridor,W,0,2024,71.19,41.730000000000004,58.61778339654446,6,8.428150021070376,6.955,234.02163225172075,49.37491220677062
CW27,B2,W,0,2024,5.24,3.62,69.08396946564885,3,57.25190839694656,1.2066666666666668,322.5190839694656,38.16793893129771
CW27,B3,W,0,2024,355.99,156.33,43.914154891991345,26,7.3035759431444705,6.012692307692308,88.79462906261412,33.85207449647462
CW27,corridor,W,0,2024,87.84,55.870000000000005,63.604280510018214,2,2.2768670309653913,27.935000000000002,240.55100182149363,61.56648451730419
CW28,B2,W,0,2024,28.82,25.8,89.52116585704373,1,3.4698126301179735,25.8,125.26023594725885,89.52116585704373
CW28,B3,W,0,2024,370.52,141.47,38.181474684227574,29,7.826837957465185,4.878275862068966,74.8407643312102,32.945589981647416
CW28,corridor,W,0,2024,91.9,77.99,84.8639825897715,1,1.088139281828074,77.99,55.71273122959739,84.8639825897715
CW29,B2,W,0,2024,33.74,24.62,72.96976882039122,1,2.9638411381149967,24.62,280.3793716656787,72.96976882039122
CW29,B3,W,0,2024,390.84000000000003,194.44,49.74925800839218,11,2.8144509262102138,17.67636363636364,65.34643332309896,35.07061713233036
CW29,corridor,W,0,2024,84.60000000000001,59.68,70.54373522458629,3,3.5460992907801416,19.893333333333334,84.51536643026004,70.2482269503546
CW30,B2,W,0,2024,5.55,4.13,74.41441441441441,3,54.054054054054056,1.3766666666666667,389.1891891891892,47.387387387387385
CW30,B3,W,0,2024,376.25,205.67000000000002,54.66312292358804,17,4.51827242524917,12.098235294117647,88.45182724252491,25.762126245847178
CW30,corridor,W,0,2024,67.88,29.63,43.65055981143194,5,7.365939893930466,5.926,191.36711844431352,19.12197996464349
CW31,B2,W,0,2024,15.36,9.36,60.9375,1,6.510416666666667,9.36,144.53125,60.9375
CW31,B3,W,0,2024,399.98,218.54,54.63773188659433,28,7.000350017500875,7.805000000000001,136.50682534126705,22.8136406820341
CW31,corridor,W,0,2024,74.74,31.09,41.597538132191595,4,5.351886540005352,7.7725,171.52796360717153,22.986352689322985
CW32,B2,W,0,2024,13.08,10.58,80.8868501529052,3,22.93577981651376,3.526666666666667,162.07951070336392,75.61162079510703
CW32,B3,W,0,2024,388.26,220.45000000000002,56.77896255086797,19,4.893627981249678,11.602631578947369,107.01591716890744,22.649770772162984
CW32,corridor,W,0,2024,93.22,53.78,57.69148251448187,5,5.36365586783952,10.755999999999998,244.79725380819568,56.854752199098904
CW33,B2,W,0,2024,34.74,27.57,79.36096718480138,1,2.8785261945883707,27.57,194.87622337363268,79.36096718480138
CW33,B3,W,0,2024,360.96,239.27,66.28712322695036,22,6.094858156028369,10.87590909090909,96.93594858156028,27.016843971631207
CW33,corridor,W,0,2024,83.01,27.04,32.57438862787616,3,3.614022406938923,9.013333333333334,162.39007348512226,27.153355017467774
CW34,B2,W,0,2024,7.47,5.5200000000000005,73.89558232931726,1,13.386880856760376,5.5200000000000005,314.5917001338688,73.89558232931726
CW34,B3,W,0,2024,332.55,253.52,76.23515260863029,12,3.6084799278304014,21.126666666666665,77.04104645917907,73.40550293188994
CW34,corridor,W,0,2024,61.120000000000005,15.33,25.081806282722514,7,11.452879581151832,2.19,174.5746073298429,7.9188481675392675
CW35,B2,W,0,2024,24.34,21.04,86.44207066557108,1,4.108463434675431,21.04,155.71076417419886,86.44207066557108
CW35,B3,W,0,2024,383.57,307.25,80.10271919076048,8,2.08566884792867,38.40625,89.81411476392836,76.1842688427145
CW35,corridor,W,0,2024,52.33,15.32,29.275750047773744,3,5.732849226065355,5.106666666666667,180.96694056946302,17.523409134339765
CW36,B2,W,0,2024,22.04,19.28,87.47731397459165,3,13.611615245009075,6.426666666666667,116.60617059891108,72.36842105263158
CW36,B3,W,0,2024,387.44,321.42,82.95994218459633,14,3.613462729712988,22.958571428571428,78.36052033863308,78.15919884369193
CW36,corridor,W,0,2024,81.84,19.55,23.888074291300097,13,15.884652981427175,1.5038461538461538,229.83870967741936,8.55327468230694
CW37,B2,W,0,2024,18.490000000000002,8.76,47.37696051919957,2,10.816657652785288,4.38,171.44402379664683,32.341806381828015
CW37,B3,W,0,2024,363.92,319.56,87.81050780391294,14,3.8469993405143987,22.825714285714284,56.41349747197186,84.12837986370631
CW37,corridor,W,0,2024,84.06,4.28,5.091601237211515,6,7.1377587437544605,0.7133333333333333,25.339043540328337,4.139900071377587
CW38,B2,W,0,2024,47.870000000000005,42.800000000000004,89.40881554209317,2,4.1779820346772505,21.400000000000002,53.47817004386881,88.57321913515771
CW38,B3,W,0,2024,356.24,319.43,89.6670783741298,13,3.649225241410285,24.571538461538463,51.08915337974399,85.19537390523243
CW38,corridor,W,0,2024,86.35000000000001,12.870000000000001,14.904458598726114,7,8.106543138390272,1.8385714285714287,47.01795020266357,10.677475390851187
CW39,B2,W,0,2024,31.2,22.76,72.94871794871794,1,3.2051282051282053,22.76,149.67948717948718,72.94871794871794
CW39,B3,W,0,2024,339.89,303.09000000000003,89.17296772485216,10,2.942128335638001,30.309,75.70096207596576,87.13701491659066
CW39,corridor,W,0,2024,82.7,38.02,45.973397823458285,9,10.882708585247883,4.224444444444445,248.00483675937122,40.16928657799274
CW40,B2,W,0,2024,19.25,14.85,77.14285714285714,3,15.584415584415584,4.95,177.14285714285714,70.18181818181819
CW40,B3,W,0,2024,369.69,350.85,94.90383835105088,2,0.5409938056209257,175.425,36.21953528632097,92.91298114636588
CW40,corridor,W,0,2024,83.35000000000001,47.58,57.08458308338332,7,8.398320335932812,6.797142857142857,284.4631073785243,55.356928614277145
CW41,B2,W,0,2024,21.44,15.65,72.99440298507463,4,18.656716417910445,3.9125,149.72014925373134,67.02425373134328
CW41,B3,W,0,2024,395.05,352.64,89.2646500442982,3,0.7593975446146057,117.54666666666667,78.59764586761169,88.79635489178585
CW41,corridor,W,0,2024,82.98,44.26,53.33815377199325,8,9.640877319836104,5.5325,215.5941190648349,48.7587370450711
CW42,B2,W,0,2024,11.700000000000001,10.17,86.92307692307692,1,8.547008547008547,10.17,102.56410256410255,86.92307692307692
CW42,B3,W,0,2024,368.1,353.84000000000003,96.12605270306982,3,0.8149959250203749,117.94666666666666,50.50258082042923,93.79244770442814
CW42,corridor,W,0,2024,80.99,59.5,73.46585998271391,4,4.9388813433757255,14.875,101.49401160637116,71.76194591924929
CW43,B2,W,0,2024,24.98,20.57,82.34587670136109,2,8.00640512409928,10.285,103.68294635708567,81.82546036829464
CW43,B3,W,0,2024,400.16,372.24,93.02279088364654,2,0.4998000799680128,186.12,60.75069972011195,92.9578168732507
CW43,corridor,W,0,2024,65.52,41.160000000000004,62.82051282051282,1,1.5262515262515264,41.160000000000004,151.0989010989011,62.82051282051282
CW44,B2,W,0,2024,25.25,22.37,88.5940594059406,1,3.9603960396039604,22.37,86.33663366336634,88.5940594059406
CW44,B3,W,0,2024,401.15000000000003,369.52,92.11516888944286,5,1.2464165524118158,73.904,70.29789355602642,91.36981179110059
CW44,corridor,W,0,2024,67.88,40.44,59.5757218621096,1,1.4731879787860933,40.44,199.46965232763702,59.5757218621096
CW45,B2,W,0,2024,24.78,19.66,79.33817594834544,1,4.035512510088781,19.66,196.52945924132365,79.33817594834544
CW45,B3,W,0,2024,321.46,275.63,85.7431717787594,8,2.488645554656878,34.45375,116.81080072170722,42.313196043053566
CW45,corridor,W,0,2024,87.15,51.370000000000005,58.944348823866896,6,6.884681583476763,8.561666666666666,216.982214572576,57.693631669535286
CW46,B2,W,0,2024,38.5,35.61,92.49350649350649,1,2.5974025974025974,35.61,65.71428571428571,92.49350649350649
CW46,B3,W,0,2024,364.59000000000003,339.63,93.15395375627418,5,1.3714034943361035,67.926,74.74149044131764,36.440933651498945
CW46,corridor,W,0,2024,64.18,24.88,38.76597070738548,12,18.697413524462448,2.0733333333333333,187.75319414147708,32.876285447179804
CW47,B2,W,0,2024,27.16,22.37,82.36377025036819,2,7.363770250368188,11.185,167.15758468335787,75.40500736377025
CW47,B3,W,0,2024,392.92,345.75,87.99501170721776,6,1.5270284027282908,57.625,105.16135600122162,36.7504835589942
CW47,corridor,W,0,2024,65.27,35.96,55.09422399264593,6,9.192584648383638,5.993333333333334,184.7709514325111,31.990194576375057
CW48,B2,W,0,2024,11.92,9.21,77.26510067114094,2,16.778523489932887,4.605,167.78523489932886,56.04026845637584
CW48,B3,W,0,2024,384.66,311.61,81.00920293245983,8,2.0797587479852337,38.95125,145.45312743721726,33.76748297197525
CW48,corridor,W,0,2024,78.82000000000001,54.54,69.19563562547577,1,1.268713524486171,54.54,137.90916011164677,69.19563562547577
CW49,B2,W,0,2024,24.76,21.3,86.02584814216478,2,8.077544426494345,10.65,78.35218093699515,79.32148626817448
CW49,B3,W,0,2024,382.12,320.81,83.95530199937193,6,1.5701873756934994,53.468333333333334,110.25332356327856,47.93782057992254
CW49,corridor,W,0,2024,82.07000000000001,56.18,68.45375898623126,2,2.4369440721335445,28.09,84.31826489582063,68.33191178262459
CW50,B2,W,0,2024,21.63,17.73,81.96948682385576,2,9.246417013407305,8.865,129.44983818770228,47.942672214516875
CW50,B3,W,0,2024,371.45,333.22,89.70790146722304,5,1.3460761879122358,66.64399999999999,106.09772513124243,31.646251177816666
CW50,corridor,W,0,2024,48.92,23.37,47.77187244480785,2,4.088307440719542,11.685,225.87898609975468,47.50613246116108
CW51,B2,W,0,2024,35.37,32.97,93.21458863443597,1,2.8272547356516826,32.97,61.634153237206675,93.21458863443597
CW51,B3,W,0,2024,383.52,342.96,89.42428035043805,6,1.5644555694618274,57.160000000000004,65.55068836045056,56.44555694618273
CW51,corridor,W,0,2024,45.69,21.47,46.99058875027358,4,8.754650908295032,5.3675,70.25607353906763,43.00722258699934
CW52,B2,W,0,2024,11.21,9.27,82.69402319357717,4,35.68242640499554,2.3175,126.67261373773415,79.92863514719001
CW52,B3,W,0,2024,381.45,258.21,67.69170271333071,15,3.9323633503735747,17.214000000000002,112.09857124131604,36.1462839166339
CW52,corridor,W,0,2024,60.13,32.74,54.44869449526027,3,4.989190088142358,10.913333333333332,134.37551970730084,48.34525195409945
CW53,B2,W,0,2024,27.02,24.32,90.00740192450037,2,7.401924500370097,12.16,89.93338267949667,79.82975573649149
CW53,B3,W,0,2024,355.72,291.34000000000003,81.90149555830429,14,3.935679748116496,20.81,115.45597661081749,54.37984931968964
CW53,corridor,W,0,2024,63.81,35.63,55.83764300266416,2,3.134304967873374,17.815,238.05046230998275,55.68092775427049
CW54,B2,W,0,2024,38.69,37.01,95.6577927112949,1,2.584647195657793,37.01,35.40966658051176,95.6577927112949
CW54,B3,W,0,2024,398.5,345.07,86.5922208281054,8,2.0075282308657467,43.13375,79.67377666248431,53.75909661229611
CW54,corridor,W,0,2024,50.44,17.88,35.448057097541636,8,15.860428231562253,2.235,226.01110229976211,15.483743061062649
CW55,B2,W,0,2024,31.89,29.66,93.00721229225462,2,6.271558482282847,14.83,58.32549388523048,57.4788334901223
CW55,B3,W,0,2024,344.38,303.48,88.12358441256751,9,2.6133921830536035,33.72,69.10970439630641,39.34316743132586
CW55,corridor,W,0,2024,60.22,28.38,47.12720026569246,2,3.3211557622052474,14.19,149.78412487545665,43.34108269677848
CW56,B2,W,0,2024,14.23,12.91,90.72382290934645,3,21.082220660576247,4.303333333333334,84.32888264230499,88.96697118763177
CW56,B3,W,0,2024,312.13,281.52,90.19318873546278,4,1.2815173165027394,70.38,49.56268221574344,55.726780508121614
CW56,corridor,W,0,2024,51.980000000000004,20.51,39.45748364755675,4,7.695267410542516,5.1275,226.43324355521352,38.360908041554445
CW57,B2,W,0,2024,34.11,31.89,93.49164467897977,1,2.9316915860451482,31.89,47.4934036939314,93.49164467897977
CW57,B3,W,0,2024,350.49,229.1,65.36563097377956,14,3.994407829039345,16.364285714285714,30.015121686781363,62.726468658164286
CW57,corridor,W,0,2024,48.08,9.11,18.94758735440932,6,12.479201331114808,1.5183333333333335,150.37437603993345,7.258735440931781
CW58,B2,W,0,2024,11.09,9.120000000000001,82.23624887285843,3,27.051397655545536,3.04,154.19296663660955,56.53742110009017
CW58,B3,W,0,2024,365.51,210.21,57.511422396104074,7,1.9151322809225466,30.03,51.024595770293566,51.08204973872124
CW58,corridor,W,0,2024,61.660000000000004,20.34,32.98734998378203,6,9.730781706130392,3.39,193.80473564709698,14.985403827440804
CW59,B2,W,0,2024,31.330000000000002,29.68,94.73348228534951,1,3.1918289179699966,29.68,64.15576125119694,94.73348228534951
CW59,B3,W,0,2024,351.06,157.3,44.80715547199909,17,4.842477069446818,9.252941176470587,74.77354298410528,27.895516435936877
CW59,corridor,W,0,2024,78.08,45.63,58.440061475409834,3,3.8422131147540983,15.21,136.6547131147541,58.04303278688525
CW60,B2,W,0,2024,2.46,0.23,9.34959349593496,1,40.65040650406504,0.23,158.53658536585365,9.34959349593496
CW60,B3,W,0,2024,347.93,90.09,25.893139424596903,26,7.472767510706176,3.465,102.72181185870721,8.501710114103412
CW60,corridor,W,0,2024,52.22,11.620000000000001,22.25201072386059,9,17.234775947912677,1.291111111111111,157.7939486786672,10.436614324013787
CW61,B2,W,0,2024,28.91,6.3,21.791767554479417,2,6.918021445866482,3.15,94.43099273607749,19.750951227948807
CW61,B3,W,0,2024,367.39,63.25,17.216037453387408,12,3.2662837856229077,5.270833333333334,39.08652930128746,16.27698086502082
CW61,corridor,W,0,2024,47.9,4.95,10.334029227557412,8,16.701461377870565,0.61875,102.92275574112735,3.862212943632568
CW62,B2,W,0,2024,12.48,4.2700000000000005,34.21474358974359,2,16.025641025641026,2.1350000000000002,136.2179487179487,21.07371794871795
CW62,B3,W,0,2024,379.5,84.54,22.276679841897234,31,8.168642951251647,2.7270967741935483,76.23188405797102,17.07246376811594
CW62,corridor,W,0,2024,60.7,10.23,16.85337726523888,4,6.589785831960461,2.5575,114.00329489291597,15.107084019769358
CW63,B2,W,0,2024,7.88,4.43,56.21827411167513,2,25.380710659898476,2.215,147.20812182741116,49.111675126903556
CW63,B3,W,0,2024,371.64,86.79,23.353245075879883,32,8.610483263373157,2.7121875,100.79646970186202,11.177483586266279
CW63,corridor,W,0,2024,76.47,30.78,40.25107885445273,3,3.9231071008238527,10.26,106.97005361579704,39.51876552896561
CW64,B2,W,0,2024,3.56,1.33,37.359550561797754,3,84.26966292134831,0.44333333333333336,235.95505617977528,16.01123595505618
CW64,B3,W,0,2024,354.2,104.25,29.432523997741388,37,10.446075663466969,2.817567567567568,132.72162619988708,21.902879728966685
CW64,corridor,W,0,2024,68.14,21.73,31.89022600528324,2,2.9351335485764602,10.865,98.03346052245377,31.670090989140007
CW65,B2,W,0,2024,17.14,8.15,47.54959159859977,2,11.668611435239207,4.075,158.10968494749125,29.346557759626606
CW65,B3,W,0,2024,369.25,274.22,74.26404874746108,14,3.7914691943127963,19.587142857142858,113.12119160460392,36.77454299255247
CW65,corridor,W,0,2024,66.04,6.97,10.554209569957601,10,15.142337976983645,0.6970000000000001,114.6274984857662,3.5887341005451243
CW66,B2,W,0,2024,93.79,36.65,39.076660624800084,8,8.529693997227849,4.58125,90.30813519564985,35.995308668301526
CW66,B3,W,0,2024,2051.19,776.04,37.83364778494435,86,4.192688146880591,9.023720930232559,94.28673111705888,22.43624432646415
CW66,corridor,W,0,2024,141.09,7.4,5.244879155149196,10,7.087674533985399,0.74,55.992628818484654,2.0270749167198243
CW01,B2,W,0,2026,101.63,60.76,59.78549640854079,15,14.759421430679918,4.050666666666666,103.11915772901703,46.21666830660238
CW01,B3,W,0,2026,394.73,248.84,63.04055936969574,20,5.066754490411167,12.442,98.19370202416842,35.431814151445295
CW01,corridor,W,0,2026,108.65,50.57,46.54394845835251,16,14.726184997699033,3.160625,252.83018867924528,41.573861021629085
CW02,B2,W,0,2026,99.99000000000001,68.74,68.74687468746875,12,12.001200120012,5.7283333333333335,130.5130513051305,49.99499949995
CW02,B3,W,0,2026,490.94,289.71,59.011284474681226,56,11.406689208457246,5.173392857142857,206.09443109137572,27.392349370595184
CW02,corridor,W,0,2026,107.02,52.65,49.196411885628855,14,13.081666978134928,3.7607142857142857,244.3468510558774,39.00205569052513
CW03,B2,W,0,2026,97.46000000000001,66.24,67.96634516724811,16,16.41699158629181,4.14,148.26595526369792,50.01026061974143
CW03,B3,W,0,2026,474.99,307.41,64.719257247521,43,9.052822164677151,7.149069767441861,206.06749615781385,32.29962736057601
CW03,corridor,W,0,2026,104.18,56.71,54.43463236705702,14,13.438279900172777,4.050714285714285,173.73776156651948,49.2033019773469
CW04,B2,W,0,2026,100.02,62.7,62.6874625074985,15,14.997000599880025,4.18,107.67846430713858,49.99000199960008
CW04,B3,W,0,2026,485.07,372.15000000000003,76.72088564537077,26,5.360051126641515,14.313461538461539,146.84478528872123,42.08670913476406
CW04,corridor,W,0,2026,106.92,51.78,48.4287317620651,16,14.964459408903853,3.23625,167.78900112233444,44.40703329592218
CW05,B2,W,0,2026,102.55,62.730000000000004,61.17016089712335,27,26.328620185275476,2.3233333333333337,133.39834227206242,49.43929790346173
CW05,B3,W,0,2026,477.41,351.94,73.71860664837351,29,6.074443350579166,12.135862068965517,183.49008190025344,38.53501183469135
CW05,corridor,W,0,2026,109.69,53.06,48.37268666241225,17,15.49822226274045,3.121176470588235,145.95678730969095,44.58929711003738
CW06,B2,W,0,2026,100.0,68.69,68.69,15,15.0,4.5793333333333335,164.7,49.98
CW06,B3,W,0,2026,461.75,291.34000000000003,63.09474824038982,25,5.414185165132648,11.653599999999999,186.37791012452627,26.992961559285327
CW06,corridor,W,0,2026,106.94,57.06,53.357022629511874,23,21.50738731999252,2.4808695652173913,215.2608939592295,41.65887413502899
CW07,B2,W,0,2026,99.95,62.27,62.30115057528764,26,26.013006503251624,2.395,134.6673336668334,50.015007503751875
CW07,B3,W,0,2026,450.82,311.37,69.06747704183488,33,7.319994676367508,9.435454545454546,170.28969433476774,31.99946763675081
CW07,corridor,W,0,2026,106.91,67.58,63.21204751660275,14,13.09512674211954,4.827142857142857,253.20362922083996,53.596483023103545
CW08,B2,W,0,2026,97.53,64.47,66.10273761919409,18,18.45585973546601,3.581666666666667,151.4405823849072,48.87726853275915
CW08,B3,W,0,2026,406.6,323.67,79.60403344810625,17,4.181013280865716,19.039411764705882,156.59124446630594,40.16232169208067
CW08,corridor,W,0,2026,104.26,65.07000000000001,62.41127949357376,15,14.387109150201418,4.338,239.88106656435832,48.6572031459812
CW09,B2,W,0,2026,102.5,62.7,61.170731707317074,24,23.414634146341463,2.6125000000000003,111.21951219512195,49.863414634146345
CW09,B3,W,0,2026,453.32,306.46,67.6034589252625,24,5.294273360981205,12.769166666666667,180.86561369452042,30.040589429100855
CW09,corridor,W,0,2026,109.63,84.32000000000001,76.9132536714403,5,4.5607954027182345,16.864,212.53306576666972,75.79129800237162
CW10,B2,W,0,2026,100.05,62.22,62.18890554722638,15,14.992503748125937,4.148000000000001,141.62918540729635,49.87506246876562
CW10,B3,W,0,2026,466.78000000000003,379.26,81.25026779210764,13,2.7850379193624404,29.173846153846153,144.97193538712025,74.06272762329148
CW10,corridor,W,0,2026,106.96000000000001,46.09,43.0908750934929,18,16.828721017202692,2.5605555555555557,207.6477187733732,33.7509349289454
CW11,B2,W,0,2026,97.36,57.78,59.346754313886606,14,14.37962202136401,4.127142857142857,64.09202958093672,55.49506984387839
CW11,B3,W,0,2026,631.82,495.44,78.4147383748536,19,3.0071855908328318,26.075789473684214,176.3476939634706,73.95619005412934
CW11,corridor,W,0,2026,104.21000000000001,46.54,44.65982151425007,4,3.838403224258708,11.635,123.5965838211304,43.32597639382017
CW12,B2,W,0,2026,102.60000000000001,54.59,53.20662768031189,9,8.771929824561402,6.065555555555555,38.59649122807017,49.87329434697856
CW12,B3,W,0,2026,479.24,261.43,54.550955679826394,35,7.303230114347717,7.469428571428572,174.6723979634421,25.978632835322593
CW12,corridor,W,0,2026,109.69,54.86,50.01367490199654,9,8.204941197921414,6.095555555555555,154.89105661409428,43.085057890418454
CW13,B2,W,0,2026,99.95,58.58,58.609304652326166,16,16.008004002001,3.66125,105.25262631315657,50.00500250125062
CW13,B3,W,0,2026,402.87,209.81,52.078834363442304,36,8.935885024946012,5.828055555555555,169.58324025119765,33.546801697818154
CW13,corridor,W,0,2026,106.91,68.7,64.25965765597232,12,11.224394350388177,5.7250000000000005,204.84519689458423,60.57431484426153
CW14,B2,W,0,2026,97.46000000000001,69.96000000000001,71.78329571106094,8,8.208495793145905,8.745000000000001,193.20746973117176,50.01026061974143
CW14,B3,W,0,2026,349.22,251.86,72.1207261897944,23,6.586106179485711,10.950434782608696,114.42643605749956,48.665597617547675
CW14,corridor,W,0,2026,104.29,50.38,48.30760379710423,9,8.629782337712149,5.597777777777778,130.50148624029148,35.15198005561415
CW15,B2,W,0,2026,100.0,73.73,73.73,9,9.0,8.192222222222222,198.5,50.0
CW15,B3,W,0,2026,351.77,252.4,71.75142849020666,19,5.401256502828553,13.284210526315789,131.81908633482107,44.40117121983114
CW15,corridor,W,0,2026,106.89,43.13,40.34989241276078,18,16.839741790625876,2.3961111111111113,174.66554401721396,29.02984376461783
CW16,B2,W,0,2026,100.01,79.19,79.18208179182082,9,8.999100089991,8.79888888888889,145.1854814518548,50.00499950005
CW16,B3,W,0,2026,250.53,175.20000000000002,69.93174470123338,19,7.583922085179419,9.221052631578948,215.6228794954696,49.05600127729214
CW16,corridor,W,0,2026,107.0,69.0,64.48598130841121,8,7.4766355140186915,8.625,209.34579439252337,41.4392523364486
CW17,B2,W,0,2026,99.95,86.91,86.95347673836919,3,3.0015007503751874,28.97,146.47323661830916,35.86793396698349
CW17,B3,W,0,2026,428.25,312.3,72.92469352014011,32,7.472270869819031,9.759375,163.85288966725045,53.62288382953882
CW17,corridor,W,0,2026,106.92,104.83,98.04526748971193,2,1.8705574261129816,52.415,38.15937149270483,96.4552936775159
CW18,B2,W,0,2026,100.06,70.11,70.06795922446533,16,15.990405756546073,4.381875,159.30441734959024,49.76014391365181
CW18,B3,W,0,2026,360.69,241.29,66.89678116942527,16,4.43594222185256,15.080625,186.28184867892097,49.79067897640633
CW18,corridor,W,0,2026,106.97,96.18,89.91305973637469,1,0.9348415443582313,96.18,163.2233336449472,89.91305973637469
CW19,B2,W,0,2026,80.8,55.29,68.42821782178218,4,4.9504950495049505,13.8225,211.26237623762378,39.82673267326733
CW19,B3,W,0,2026,364.15000000000003,128.39000000000001,35.25744885349444,40,10.984484415762735,3.20975,113.11272827131675,15.872579980777152
CW19,corridor,W,0,2026,106.9,84.27,78.83068288119738,5,4.677268475210477,16.854000000000003,227.689429373246,78.05425631431244
CW20,B2,W,0,2026,35.95,21.26,59.13769123783032,2,5.563282336578581,10.63,140.7510431154381,58.24756606397775
CW20,B3,W,0,2026,397.17,116.65,29.370294835964447,36,9.06412871062769,3.2402777777777776,108.240803686079,9.643225822695571
CW20,corridor,W,0,2026,100.68,65.75,65.30591974572904,7,6.952721493841874,9.392857142857144,373.1624950337703,63.70679380214541
CW21,B2,W,0,2026,26.42,5.2700000000000005,19.947009841029523,5,18.925056775170326,1.054,123.0128690386071,10.711582134746404
CW21,B3,W,0,2026,331.96,104.24000000000001,31.401373659477045,35,10.54343896855043,2.978285714285714,126.97312929268587,13.405229545728401
CW21,corridor,W,0,2026,94.94,64.54,67.97977670107436,2,2.106593638087213,32.27,349.9052032862861,67.82178217821782
CW22,B2,W,0,2026,20.6,3.64,17.66990291262136,7,33.980582524271846,0.52,179.61165048543688,4.563106796116505
CW22,B3,W,0,2026,399.13,136.81,34.2770525893819,41,10.272342344599505,3.336829268292683,146.91955002129632,11.895873524916693
CW22,corridor,W,0,2026,96.49000000000001,79.92,82.82723598300342,1,1.0363768266141569,79.92,251.94320654990153,82.82723598300342
CW23,B2,W,0,2026,14.66,0.67,4.570259208731241,3,20.463847203274216,0.22333333333333333,42.97407912687585,2.251023192360164
CW23,B3,W,0,2026,393.71000000000004,154.63,39.275100962637474,46,11.68372660079754,3.361521739130435,151.12646364075079,13.78933732950649
CW23,corridor,W,0,2026,96.77,90.18,93.19003823499018,1,1.0333781130515656,90.18,60.14260617960112,93.19003823499018
CW24,B2,W,0,2026,24.12,10.61,43.98839137645108,1,4.1459369817578775,10.61,204.39469320066334,43.98839137645108
CW24,B3,W,0,2026,404.34000000000003,155.81,38.534401741108965,49,12.1185141217787,3.179795918367347,167.5570064796953,12.474650046990156
CW24,corridor,W,0,2026,109.42,81.96000000000001,74.90403948089929,3,2.7417291171632243,27.32,160.84810820690916,74.69384024858344
CW25,B2,W,0,2026,10.42,4.67,44.81765834932821,5,47.98464491362764,0.934,245.6813819577735,16.986564299424185
CW25,B3,W,0,2026,399.87,106.46000000000001,26.623652687123315,44,11.003576162252733,2.419545454545455,80.92630104784055,14.47220346612649
CW25,corridor,W,0,2026,89.62,62.36,69.58268243695603,2,2.231644722160232,31.18,261.10243249274714,57.152421334523545
CW26,B2,W,0,2026,34.36,20.330000000000002,59.16763678696158,3,8.731082654249127,6.776666666666666,322.17694994179277,57.217694994179276
CW26,B3,W,0,2026,388.01,126.48,32.59709801293781,36,9.27811138888173,3.513333333333333,117.6516069173475,27.321460787093116
CW26,corridor,W,0,2026,69.3,46.86,67.61904761904762,5,7.2150072150072155,9.372,199.7113997113997,59.97113997113997
CW27,B2,W,0,2026,4.91,3.7800000000000002,76.9857433808554,3,61.09979633401222,1.26,338.0855397148676,39.5112016293279
CW27,B3,W,0,2026,354.82,158.87,44.77481539935742,32,9.018657347387407,4.9646875,107.60385547601601,33.653683557860326
CW27,corridor,W,0,2026,87.48,61.43,70.2217649748514,3,3.429355281207133,20.476666666666667,226.4517604023777,68.18701417466849
CW28,B2,W,0,2026,28.05,21.97,78.32442067736186,1,3.5650623885918002,21.97,208.9126559714795,78.32442067736186
CW28,B3,W,0,2026,369.24,142.18,38.50612068031633,42,11.374715632109197,3.3852380952380954,89.18318708698949,27.537644892211027
CW28,corridor,W,0,2026,91.81,59.0,64.26315216207385,1,1.0892059688487092,59.0,106.4154231565189,64.26315216207385
CW29,B2,W,0,2026,32.85,20.46,62.28310502283105,1,3.0441400304414,20.46,277.92998477929984,62.28310502283105
CW29,B3,W,0,2026,387.94,196.58,50.672784451203796,17,4.382120946538125,11.563529411764705,79.54838377068619,35.06727844512038
CW29,corridor,W,0,2026,83.49,45.19,54.12624266379207,2,2.3954964666427117,22.595,144.6879865852198,54.00646784045993
CW30,B2,W,0,2026,5.8500000000000005,3.81,65.12820512820512,4,68.37606837606837,0.9525,420.5128205128205,43.93162393162393
CW30,B3,W,0,2026,376.31,192.46,51.144003614041615,19,5.049028726316069,10.129473684210526,79.26975100316228,25.609205176583135
CW30,corridor,W,0,2026,65.64,26.82,40.85923217550274,6,9.140767824497258,4.47,207.64777574649602,17.443631931748932
CW31,B2,W,0,2026,15.07,10.02,66.48971466489715,1,6.635700066357001,10.02,134.0411413404114,66.48971466489715
CW31,B3,W,0,2026,399.98,209.86,52.467623381169055,30,7.500375018750937,6.995333333333333,139.2319615980799,30.526526326316315
CW31,corridor,W,0,2026,71.61,31.55,44.05809244518922,3,4.189359028068705,10.516666666666667,174.27733556765816,24.982544337383047
CW32,B2,W,0,2026,12.67,9.5,74.9802683504341,3,23.677979479084453,3.166666666666667,203.63062352012628,69.77111286503552
CW32,B3,W,0,2026,385.42,213.95000000000002,55.51087125732967,20,5.189144310103264,10.6975,105.18395516579315,22.95936900005189
CW32,corridor,W,0,2026,92.06,56.97,61.88355420378014,2,2.172496198131653,28.485,256.02867694981535,61.22094286334999
CW33,B2,W,0,2026,34.47,25.400000000000002,73.68726428778648,3,8.703220191470844,8.466666666666667,241.0791993037424,71.59849144183347
CW33,B3,W,0,2026,359.44,237.28,66.0137992432673,24,6.677053193857111,9.886666666666667,100.3505452926775,27.22290229245493
CW33,corridor,W,0,2026,80.0,25.21,31.5125,8,10.0,3.15125,185.5,21.0
CW34,B2,W,0,2026,7.94,6.57,82.7455919395466,2,25.188916876574307,3.285,336.272040302267,76.0705289672544
CW34,B3,W,0,2026,330.92,247.88,74.90632176961199,12,3.626254079535839,20.656666666666666,85.88178411700713,72.31355010274386
CW34,corridor,W,0,2026,59.6,17.34,29.093959731543624,5,8.389261744966444,3.468,195.46979865771812,8.573825503355705
CW35,B2,W,0,2026,24.37,20.05,82.2732868280673,1,4.103405826836274,20.05,203.52892901107919,82.2732868280673
CW35,B3,W,0,2026,382.05,297.57,77.88771103258736,7,1.8322209134929983,42.51,104.46276665357937,74.30179295903677
CW35,corridor,W,0,2026,51.83,15.870000000000001,30.619332432953886,3,5.788153579008297,5.29,178.46806868608914,18.811499131776962
CW36,B2,W,0,2026,21.86,19.05,87.14547118023788,2,9.149130832570906,9.525,103.38517840805123,72.96431838975298
CW36,B3,W,0,2026,386.24,313.09000000000003,81.06099834299917,10,2.589063794531897,31.309,78.50041425020713,77.57094034797018
CW36,corridor,W,0,2026,81.28,20.71,25.47982283464567,7,8.612204724409448,2.958571428571428,221.57972440944883,7.283464566929134
CW37,B2,W,0,2026,17.67,8.82,49.9151103565365,2,11.318619128466326,4.41,190.7187323146576,34.46519524617997
CW37,B3,W,0,2026,362.05,318.48,87.9657505869355,18,4.971688993232979,17.69333333333333,67.7254522855959,84.38061041292639
CW37,corridor,W,0,2026,83.2,4.76,5.721153846153846,7,8.413461538461538,0.68,34.375,4.170673076923077
CW38,B2,W,0,2026,47.31,41.94,88.64933417882054,5,10.56859015007398,8.388,129.57091523990698,86.62016487000633
CW38,B3,W,0,2026,353.38,318.5,90.12960552379874,14,3.961740902145,22.75,62.56720810458996,85.40381459052578
CW38,corridor,W,0,2026,86.34,14.36,16.63192031503359,10,11.582117211026175,1.436,65.90224693073894,10.93351864720871
CW39,B2,W,0,2026,30.970000000000002,24.330000000000002,78.55989667420084,2,6.457862447529867,12.165000000000001,189.5382628350016,77.42977074588312
CW39,B3,W,0,2026,337.74,298.25,88.30757387339374,9,2.6647717178895007,33.138888888888886,97.70829632261503,86.23497364836857
CW39,corridor,W,0,2026,82.3,42.61,51.773997569866346,7,8.50546780072904,6.087142857142857,238.03159173754557,47.50911300121507
CW40,B2,W,0,2026,19.21,14.59,75.95002602811036,3,15.616866215512752,4.863333333333333,187.40239458615304,68.81832378969287
CW40,B3,W,0,2026,369.49,347.75,94.11621424125146,3,0.8119299575089989,115.91666666666666,48.634604454789034,92.08097648109556
CW40,corridor,W,0,2026,83.07000000000001,47.83,57.57794631034068,11,13.241844227759719,4.348181818181819,280.48633682436497,55.06199590706633
CW41,B2,W,0,2026,20.79,15.02,72.24627224627224,5,24.05002405002405,3.004,170.75517075517075,49.97594997594997
CW41,B3,W,0,2026,395.06,348.76,88.28026122614287,4,1.01250442970688,87.19,109.55297929428441,87.93347845896825
CW41,corridor,W,0,2026,83.13,43.910000000000004,52.82088295440876,5,6.014675808973896,8.782,230.0012029351618,51.60591844099603
CW42,B2,W,0,2026,10.65,9.98,93.70892018779342,1,9.389671361502348,9.98,110.7981220657277,93.70892018779342
CW42,B3,W,0,2026,367.42,347.02,94.4477709433346,3,0.8165042730390288,115.67333333333335,57.42746720374503,92.0418050187796
CW42,corridor,W,0,2026,80.97,57.79,71.37211312831913,6,7.410151908114116,9.631666666666666,109.42324317648512,69.44547363220946
CW43,B2,W,0,2026,25.12,20.0,79.61783439490446,2,7.961783439490445,10.0,124.60191082802547,78.94108280254777
CW43,B3,W,0,2026,400.16,370.33,92.54548180727708,3,0.7497001199520191,123.44333333333334,73.19572171131547,92.47550979608157
CW43,corridor,W,0,2026,64.37,40.46,62.855367407177255,3,4.660556159701724,13.486666666666668,149.91455647040544,59.29780953860494
CW44,B2,W,0,2026,24.580000000000002,22.080000000000002,89.82912937347437,1,4.068348250610252,22.080000000000002,93.16517493897477,89.82912937347437
CW44,B3,W,0,2026,400.56,369.37,92.21340123826643,5,1.2482524465747953,73.874,87.05312562412622,91.56181346115439
CW44,corridor,W,0,2026,65.92,39.83,60.421723300970875,2,3.0339805825242716,19.915,193.26456310679612,60.11832524271845
CW45,B2,W,0,2026,24.080000000000002,20.09,83.43023255813954,1,4.152823920265781,20.09,224.25249169435213,83.43023255813954
CW45,B3,W,0,2026,316.54,276.32,87.2938649143868,9,2.8432425601819675,30.702222222222222,125.82927908005307,43.47949706198269
CW45,corridor,W,0,2026,86.26,52.72,61.11755158822166,5,5.796429399489914,10.544,218.98910271272894,58.18455831207976
CW46,B2,W,0,2026,37.44,35.31,94.31089743589743,1,2.670940170940171,35.31,70.77991452991454,94.31089743589743
CW46,B3,W,0,2026,358.86,336.6,93.79702390904531,4,1.1146408069999443,84.15,83.59806052499582,36.490553419160676
CW46,corridor,W,0,2026,63.77,28.02,43.939156343108046,12,18.817625842872822,2.335,231.92723851340756,35.26736710051748
CW47,B2,W,0,2026,26.72,21.95,82.14820359281437,2,7.485029940119761,10.975,163.17365269461078,75.0
CW47,B3,W,0,2026,389.02,344.82,88.63811629222148,7,1.7993933473857386,49.26,119.99383065138039,37.07778520384556
CW47,corridor,W,0,2026,63.32,35.730000000000004,56.42766898294378,5,7.896399241945673,7.146000000000001,204.2008843967151,32.40682248894504
CW48,B2,W,0,2026,11.59,9.03,77.91199309749784,2,17.25625539257981,4.515,170.8369283865401,57.11820534943917
CW48,B3,W,0,2026,379.16,309.91,81.73594260997996,11,2.9011499103280936,28.173636363636366,162.279776347716,33.99620213102648
CW48,corridor,W,0,2026,78.39,54.47,69.48590381426202,1,1.2756729174639623,54.47,141.08942467151422,69.48590381426202
CW49,B2,W,0,2026,24.09,21.16,87.83727687837276,2,8.302200083022,10.58,83.85222083852221,80.98796180987962
CW49,B3,W,0,2026,373.90000000000003,311.89,83.41535169831506,7,1.8721583311045733,44.55571428571429,148.59588125167156,47.726664883658735
CW49,corridor,W,0,2026,81.77,56.67,69.30414577473401,1,1.2229423994129878,56.67,79.7358444417268,69.30414577473401
CW50,B2,W,0,2026,20.56,17.51,85.16536964980544,2,9.72762645914397,8.755,142.02334630350197,49.90272373540856
CW50,B3,W,0,2026,364.68,330.74,90.69321048590545,4,1.0968520346605242,82.685,133.0481518043216,31.825161785675114
CW50,corridor,W,0,2026,48.050000000000004,24.85,51.716961498439126,3,6.243496357960457,8.283333333333333,265.3485952133194,49.09469302809573
CW51,B2,W,0,2026,34.68,32.230000000000004,92.9354094579008,1,2.883506343713956,32.230000000000004,85.92848904267589,92.9354094579008
CW51,B3,W,0,2026,374.95,339.90000000000003,90.65208694492598,6,1.600213361781571,56.65,81.50420056007468,57.73303107080944
CW51,corridor,W,0,2026,45.01,21.3,47.322817151744054,4,8.886914019106866,5.325,67.3183736947345,43.5014441235281
CW52,B2,W,0,2026,10.73,8.6,80.14911463187325,2,18.63932898415657,4.3,150.0465983224604,79.21714818266543
CW52,B3,W,0,2026,370.90000000000003,273.32,73.69102183877055,9,2.4265300620113237,30.368888888888886,163.60204906983012,64.61310326233486
CW52,corridor,W,0,2026,59.370000000000005,33.63,56.64477008590197,6,10.106114199090449,5.605,154.62354724608386,49.87367357251137
CW53,B2,W,0,2026,25.89,24.19,93.43375820780224,2,7.72499034376207,12.095,86.90614136732329,83.31402085747393
CW53,B3,W,0,2026,343.25,288.67,84.09905316824472,12,3.4959941733430444,24.055833333333336,131.42024763292062,56.643845593590676
CW53,corridor,W,0,2026,62.76,34.22,54.52517527087317,3,4.780114722753346,11.406666666666668,228.96749521988528,53.393881453154876
CW54,B2,W,0,2026,38.14,36.94,96.8536969061353,1,2.6219192448872572,36.94,36.182485579444155,96.8536969061353
CW54,B3,W,0,2026,390.07,341.14,87.45609762350347,7,1.794549696208373,48.73428571428572,91.24003384007999,54.54661983746507
CW54,corridor,W,0,2026,48.300000000000004,16.85,34.886128364389236,9,18.633540372670804,1.8722222222222222,226.29399585921323,10.600414078674948
CW55,B2,W,0,2026,31.11,29.400000000000002,94.50337512054001,2,6.428801028608165,14.700000000000001,57.53776920604307,58.18064930890389
CW55,B3,W,0,2026,333.15000000000003,301.49,90.4967732252739,9,2.7014858171994596,33.498888888888885,71.88953924658561,40.06903797088398
CW55,corridor,W,0,2026,56.14,28.060000000000002,49.98218738867118,3,5.3437833986462415,9.353333333333333,156.21660135375845,44.88778054862843
CW56,B2,W,0,2026,13.82,12.69,91.8234442836469,3,21.70767004341534,4.23,86.83068017366136,90.2315484804631
CW56,B3,W,0,2026,306.29,279.02,91.09667308759673,4,1.3059518756733814,69.755,50.670932776127195,56.616278690130265
CW56,corridor,W,0,2026,50.22,19.91,39.64555953803266,4,7.964954201513342,4.9775,217.04500199123856,38.550378335324574
CW57,B2,W,0,2026,33.42,31.68,94.7935368043088,1,2.9922202274087373,31.68,48.773189706762416,94.7935368043088
CW57,B3,W,0,2026,346.37,227.29,65.62057914946445,13,3.7532118832462396,17.483846153846155,31.469238097987702,63.30224904004388
CW57,corridor,W,0,2026,47.92,9.05,18.885642737896493,7,14.607679465776293,1.2928571428571427,155.46744574290483,7.262103505843072
CW58,B2,W,0,2026,10.07,8.8,87.38828202581927,3,29.791459781529294,2.933333333333333,169.81132075471697,59.98013902681232
CW58,B3,W,0,2026,356.67,195.16,54.71724563321838,12,3.364454537808058,16.263333333333332,57.33591274847898,51.99484116970869
CW58,corridor,W,0,2026,60.39,19.27,31.909256499420433,10,16.559032952475576,1.9269999999999998,177.8440139095877,12.468951813214108
CW59,B2,W,0,2026,30.59,29.53,96.53481529911735,1,3.2690421706440014,29.53,65.05393919581563,96.53481529911735
CW59,B3,W,0,2026,345.06,147.59,42.772271489016404,16,4.636874746420912,9.224375,74.47980061438591,27.91108792673738
CW59,corridor,W,0,2026,76.87,44.27,57.59073760895018,3,3.9026928580720694,14.756666666666668,136.0738909847795,57.21347729933654
CW60,B2,W,0,2026,2.37,0.24,10.126582278481013,1,42.19409282700422,0.24,189.873417721519,10.126582278481013
CW60,B3,W,0,2026,333.58,69.71000000000001,20.897535823490617,28,8.393788596438636,2.4896428571428575,118.8320642724384,6.81395767132322
CW60,corridor,W,0,2026,50.86,11.21,22.040896578843885,10,19.661816751867875,1.121,166.92882422335825,9.51631930790405
CW61,B2,W,0,2026,28.43,6.07,21.350685895181147,3,10.552233556102708,2.0233333333333334,87.58353851565248,19.34576151952163
CW61,B3,W,0,2026,359.98,56.46,15.684204678037668,10,2.7779321073392964,5.646,51.28062670148341,13.439635535307517
CW61,corridor,W,0,2026,46.46,5.67,12.204046491605682,6,12.914334911752045,0.9450000000000001,115.15281962978906,7.038312526904864
CW62,B2,W,0,2026,12.3,3.97,32.27642276422764,2,16.260162601626014,1.985,155.28455284552845,21.21951219512195
CW62,B3,W,0,2026,373.57,77.49,20.743100356024307,25,6.692186203388923,3.0995999999999997,71.04424873517681,16.746526755360442
CW62,corridor,W,0,2026,59.61,9.94,16.675054521053514,6,10.065425264217414,1.6566666666666665,121.45613152155678,14.98070793491025
CW63,B2,W,0,2026,6.8,4.29,63.088235294117645,3,44.11764705882353,1.43,210.29411764705884,53.23529411764706
CW63,B3,W,0,2026,365.75,78.4,21.435406698564595,30,8.202323991797677,2.6133333333333333,107.39576213260423,11.125085440874914
CW63,corridor,W,0,2026,76.67,33.01,43.05464979783488,1,1.3042911177774879,33.01,126.25538020086083,43.05464979783488
CW64,B2,W,0,2026,3.24,0.87,26.85185185185185,2,61.72839506172839,0.435,157.4074074074074,13.88888888888889
CW64,B3,W,0,2026,348.5,105.67,30.321377331420372,39,11.190817790530847,2.7094871794871795,159.74175035868006,21.434720229555236
CW64,corridor,W,0,2026,67.34,21.21,31.496881496881496,6,8.91000891000891,3.535,96.67359667359666,27.695277695277696
CW65,B2,W,0,2026,16.62,8.3,49.93983152827918,2,12.033694344163658,4.15,183.51383874849577,30.746089049338146
CW65,B3,W,0,2026,362.93,273.90000000000003,75.4690987242719,13,3.5819579533243324,21.06923076923077,135.342903590224,37.55820681674152
CW65,corridor,W,0,2026,65.33,8.85,13.546609520893924,16,24.491045461503138,0.553125,143.27261594979336,4.086943211388336
CW66,B2,W,0,2026,94.45,38.11,40.34939121228163,12,12.70513499205929,3.1758333333333333,136.6860772895712,35.46850185283218
CW66,B3,W,0,2026,1992.42,780.0500000000001,39.15088184218187,99,4.968831872797904,7.87929292929293,113.98701077082141,23.71487939289909
CW66,corridor,W,0,2026,140.37,8.46,6.026928830946783,11,7.836432286101019,0.769090909090909,66.9658758994087,3.640378998361473
CE01,B2,E,0,2020,172.97,61.56,35.589986702896454,25,14.45337341735561,2.4624,103.89084812395213,22.48944903740533
CE01,B3,E,0,2020,1987.52,682.09,34.31864836580261,110,5.534535501529544,6.200818181818183,83.18909998389954,14.702241990017711
CE01,corridor,E,0,2020,150.4,27.86,18.523936170212767,19,12.632978723404255,1.4663157894736842,114.09574468085106,6.256648936170213
CE02,B2,E,0,2020,72.61,37.27,51.329018041592064,6,8.263324610935133,6.211666666666666,82.49552403250242,45.44828536014323
CE02,B3,E,0,2020,165.63,162.44,98.07402040693111,11,6.641308941616857,14.767272727272728,42.98738151301093,91.154984000483
CE02,corridor,E,0,2020,106.95,28.43,26.582515194015894,27,25.245441795231415,1.0529629629629629,170.2664796633941,9.593267882187938
CE03,B2,E,0,2020,74.27,25.060000000000002,33.741753063147975,10,13.464386697185944,2.506,104.48364077016292,28.127103810421435
CE03,B3,E,0,2020,204.02,177.53,87.01597882560533,11,5.391628271738065,16.13909090909091,79.94314282913439,43.08401137143417
CE03,corridor,E,0,2020,106.97,33.18,31.018042441806113,26,24.305880153314014,1.2761538461538462,209.12405347293634,10.788071421893989
CE04,B2,E,0,2020,81.7,26.88,32.90085679314566,8,9.791921664626683,3.36,109.42472460220318,29.657282741738065
CE04,B3,E,0,2020,248.83,240.28,96.5639191415826,10,4.018808021540811,24.028000000000002,44.528392878672186,64.05578105533898
CE04,corridor,E,0,2020,109.68,16.86,15.37199124726477,24,21.88183807439825,0.7025,139.49671772428883,3.136396790663749
CE05,B2,E,0,2020,81.15,9.56,11.780653111521874,8,9.858287122612445,1.195,48.67529266789895,9.661121380160196
CE05,B3,E,0,2020,176.13,164.59,93.44802134786805,7,3.9743371373417364,23.512857142857143,54.22131380230512,77.60744904332027
CE05,corridor,E,0,2020,106.42,9.28,8.720165382446908,16,15.034767900770532,0.58,81.75155046043976,3.843262544634467
CE06,B2,E,0,2020,53.65,19.26,35.89934762348555,7,13.0475302889096,2.751428571428572,162.16216216216216,30.363466915191054
CE06,B3,E,0,2020,256.63,248.41,96.79694501811947,3,1.1689981685695359,82.80333333333334,21.43163309044149,90.88181428515762
CE06,corridor,E,0,2020,103.37,9.92,9.596594756699236,14,13.543581309857792,0.7085714285714286,66.94398761729708,5.465802457192609
CE07,B2,E,0,2020,56.18,10.450000000000001,18.600925596297614,8,14.239943040227839,1.3062500000000001,122.64150943396227,9.932360270558918
CE07,B3,E,0,2020,330.61,308.82,93.40915277819788,4,1.2098847584767551,77.205,36.90148513354103,84.21100390187834
CE07,corridor,E,0,2020,106.96000000000001,6.86,6.4136125654450264,9,8.414360508601346,0.7622222222222224,46.46596858638743,2.206432311144353
CE08,B2,E,0,2020,70.12,21.990000000000002,31.360524814603536,12,17.113519680547633,1.8325,134.19851682829434,21.919566457501425
CE08,B3,E,0,2020,546.02,516.1800000000001,94.53499871799568,12,2.197721695176001,43.015,36.152521885645214,68.27039302589648
CE08,corridor,E,0,2020,106.91,39.15,36.61958656814143,12,11.224394350388177,3.2625,182.39640819380787,12.056870264708634
CE09,B2,E,0,2020,57.27,9.72,16.972236773179674,10,17.461148943600488,0.9720000000000001,130.26017111925964,4.103370001746115
CE09,B3,E,0,2020,363.34000000000003,340.51,93.71662905267793,7,1.9265701546760607,48.644285714285715,40.18274894038641,48.062420873011504
CE09,corridor,E,0,2020,106.96000000000001,23.240000000000002,21.727748691099478,29,27.112939416604338,0.8013793103448277,173.7097980553478,5.25430067314884
CE10,B2,E,0,2020,50.06,17.3,34.55852976428286,7,13.983220135836994,2.4714285714285715,163.0043947263284,22.59288853375949
CE10,B3,E,0,2020,269.5,231.68,85.96660482374769,20,7.421150278293135,11.584000000000001,88.38589981447124,51.93320964749536
CE10,corridor,E,0,2020,102.16,29.150000000000002,28.533672670321064,13,12.725137039937353,2.2423076923076923,129.79639780736102,19.67501957713391
CE11,B2,E,0,2020,45.300000000000004,21.21,46.82119205298013,4,8.830022075055187,5.3025,200.22075055187636,33.53200883002207
CE11,B3,E,0,2020,140.84,94.38,67.01221243964783,16,11.36040897472309,5.89875,165.00994035785288,44.54700369213292
CE11,corridor,E,0,2020,88.27,26.0,29.455081001472752,15,16.993315962388127,1.7333333333333334,154.29930893848422,10.060043049733771
CE12,B2,E,0,2020,50.01,41.83,83.64327134573085,2,3.9992001599680065,20.915,113.57728454309138,82.90341931613678
CE12,B3,E,0,2020,226.48000000000002,173.81,76.74408336276935,16,7.064641469445425,10.863125,147.87177675732954,32.938890851289294
CE12,corridor,E,0,2020,90.5,17.54,19.38121546961326,17,18.784530386740332,1.031764705882353,123.0939226519337,7.359116022099448
CE13,B2,E,0,2020,49.44,6.46,13.066343042071198,10,20.22653721682848,0.6459999999999999,76.45631067961165,7.281553398058253
CE13,B3,E,0,2020,304.73,229.66,75.36507728152792,18,5.906868375283037,12.75888888888889,76.8877366849342,51.5374265743445
CE13,corridor,E,0,2020,91.25,29.32,32.131506849315066,12,13.150684931506849,2.4433333333333334,115.94520547945206,18.016438356164382
CE14,B2,E,0,2020,51.27,11.58,22.58630778232885,5,9.752291788570313,2.316,69.04622586307782,18.6268773161693
CE14,B3,E,0,2020,353.81,254.28,71.86908227579775,14,3.9569260337469263,18.162857142857142,37.73211610751533,48.44408015601594
CE14,corridor,E,0,2020,93.38,24.59,26.333261940458343,17,18.205183122724353,1.4464705882352942,147.24780466909402,10.45191689869351
CE15,B2,E,0,2020,48.71,21.18,43.48183124615069,2,4.105933073290905,10.59,117.63498254978444,43.13282693492096
CE15,B3,E,0,2020,335.35,222.62,66.38437453406888,6,1.7891754882958102,37.10333333333334,44.78902639033845,36.782466080214704
CE15,corridor,E,0,2020,87.02,44.160000000000004,50.74695472305217,7,8.044127786715698,6.308571428571429,149.3909446104344,28.15444725350494
CE16,B2,E,0,2020,51.29,12.4,24.17625268083447,2,3.8993955936829794,6.2,63.75511795671671,23.747319165529344
CE16,B3,E,0,2020,354.48,224.96,63.461972466711806,6,1.6926201760324981,37.49333333333333,47.25231324757391,33.601331527871814
CE16,corridor,E,0,2020,90.0,9.24,10.266666666666667,19,21.11111111111111,0.4863157894736842,89.44444444444444,4.355555555555555
CE17,B2,E,0,2020,48.72,18.84,38.669950738916256,5,10.262725779967159,3.7680000000000002,144.4991789819376,35.18062397372742
CE17,B3,E,0,2020,301.52,161.65,53.61170071637039,13,4.31148845847705,12.434615384615386,70.07827009816928,30.382727513929424
CE17,corridor,E,0,2020,81.02,43.43,53.60404838311528,5,6.171315724512467,8.686,176.37620340656628,43.91508269563071
CE18,B2,E,0,2020,51.27,33.46,65.26233664911254,3,5.851375073142188,11.153333333333332,154.67134776672518,63.33138287497562
CE18,B3,E,0,2020,349.34000000000003,201.65,57.72313505467453,15,4.293811186809411,13.443333333333333,89.56890135684432,36.55178336291292
CE18,corridor,E,0,2020,79.78,49.75,62.35898721484081,2,2.50689395838556,24.875,166.4577588368012,62.10829781900225
CE19,B2,E,0,2020,45.42,16.64,36.63584324086305,6,13.21003963011889,2.773333333333333,123.95420519594892,23.932188463232055
CE19,B3,E,0,2020,245.81,161.76,65.80692404702819,11,4.4750010170456855,14.705454545454545,113.99048045238192,30.185915951344533
CE19,corridor,E,0,2020,73.44,32.980000000000004,44.907407407407405,4,5.446623093681917,8.245000000000001,122.140522875817,42.78322440087146
CE20,B2,E,0,2020,50.03,8.69,17.36957825304817,4,7.995202878273036,2.1725,64.76114331401159,14.471317209674195
CE20,B3,E,0,2020,341.43,233.74,68.45912778607621,21,6.15060188032686,11.130476190476191,80.27999882845678,38.575989221802416
CE20,corridor,E,0,2020,80.37,38.92,48.42602961303969,6,7.4654721911160875,6.486666666666666,177.42938907552568,46.03707851188254
CE21,B2,E,0,2020,51.25,11.65,22.73170731707317,8,15.609756097560975,1.45625,111.41463414634147,12.370731707317074
CE21,B3,E,0,2020,337.58,246.38,72.98418152734166,16,4.739617275904971,15.39875,55.542389952011376,37.383731263700454
CE21,corridor,E,0,2020,86.72,37.82,43.611623616236166,8,9.22509225092251,4.7275,139.99077490774908,40.80950184501845
CE22,B2,E,0,2020,50.01,18.23,36.45270945810838,4,7.998400319936013,4.5575,103.17936412717457,34.27314537092582
CE22,B3,E,0,2020,329.82,243.84,73.93123521921048,15,4.5479352374022195,16.256,65.03547389485173,36.525983869989695
CE22,corridor,E,0,2020,88.74,49.75,56.062654947036286,8,9.01510029299076,6.21875,112.46337615505973,52.00585981519044
CE23,B2,E,0,2020,48.7,39.78,81.68377823408625,3,6.160164271047227,13.26,142.50513347022587,80.51334702258727
CE23,B3,E,0,2020,304.0,227.35,74.78618421052632,11,3.6184210526315788,20.66818181818182,60.39473684210526,53.6875
CE23,corridor,E,0,2020,84.67,50.93,60.15117515058462,4,4.724223455769458,12.7325,179.28428014645093,59.383488839022085
CE24,B2,E,0,2020,50.04,2.59,5.17585931254996,10,19.984012789768187,0.259,56.754596322941644,1.618705035971223
CE24,B3,E,0,2020,344.1,259.79,75.49840162743388,10,2.906131938390003,25.979000000000003,38.41906422551583,70.93577448416158
CE24,corridor,E,0,2020,84.42,56.47,66.89173181710495,3,3.5536602700781805,18.823333333333334,137.05283108268182,63.14854299928927
CE25,B2,E,0,2020,49.980000000000004,11.52,23.04921968787515,6,12.004801920768307,1.92,161.0644257703081,20.28811524609844
CE25,B3,E,0,2020,341.1,258.76,75.86045148050425,11,3.2248607446496624,23.523636363636367,21.372031662269126,73.63529756669598
CE25,corridor,E,0,2020,84.29,40.02,47.478941748724644,5,5.9319017677067265,8.004,151.73804721793806,36.184600783011035
CE26,B2,E,0,2020,51.28,15.15,29.54368174726989,7,13.650546021840873,2.164285714285714,148.01092043681746,18.91575663026521
CE26,B3,E,0,2020,320.13,222.13,69.3874363539812,18,5.62271577171774,12.340555555555557,71.1273545122294,52.93162152875394
CE26,corridor,E,0,2020,84.43,47.6,56.37806466895653,7,8.290891863081843,6.8,201.2317896482293,54.06845907852659
CE27,B2,E,0,2020,48.71,29.740000000000002,61.05522479983576,3,6.158899609936358,9.913333333333334,197.290084171628,59.94662287004722
CE27,B3,E,0,2020,306.78000000000003,240.0,78.23195775474281,14,4.563530869026664,17.142857142857142,99.5827628919747,35.23697763869874
CE27,corridor,E,0,2020,79.39,35.86,45.169416803123816,4,5.038417936767855,8.965,174.70714195742536,43.544527018516185
CE28,B2,E,0,2020,54.75,33.02,60.31050228310502,6,10.95890410958904,5.503333333333334,164.74885844748857,54.24657534246575
CE28,B3,E,0,2020,428.64,352.95,82.34182530795073,11,2.5662560656961553,32.086363636363636,97.61104889884285,52.046005972377756
CE28,corridor,E,0,2020,86.42,43.27,50.06942837306179,7,8.09997685720898,6.1814285714285715,209.3265447813006,47.037722749363574
CE29,B2,E,0,2020,48.71,29.38,60.3161568466434,7,14.370765756518168,4.1971428571428575,133.64812153561897,55.12215150893041
CE29,B3,E,0,2020,308.21,235.04,76.25969306641575,7,2.271178741766977,33.57714285714286,126.47221050582397,37.61071996366114
CE29,corridor,E,0,2020,80.17,59.99,74.82848945989771,3,3.742048147686167,19.996666666666666,129.10066109517277,72.8202569539728
CE30,B2,E,0,2020,51.27,22.32,43.53423054417788,6,11.702750146284377,3.72,171.64033547883753,20.401794421689097
CE30,B3,E,0,2020,298.66,163.27,54.66751489988616,30,10.044867072925735,5.442333333333334,164.50143976428043,17.411102926404606
CE30,corridor,E,0,2020,81.76,57.370000000000005,70.1687866927593,2,2.446183953033268,28.685000000000002,143.59099804305282,69.9486301369863
CE31,B2,E,0,2020,48.74,24.35,49.958965941731634,6,12.310217480508822,4.058333333333334,272.6713171932704,44.87074271645466
CE31,B3,E,0,2020,303.27,202.69,66.83483364658555,15,4.946087644673064,13.512666666666666,178.9164770666403,19.114980050779835
CE31,corridor,E,0,2020,77.73,57.83,74.39855911488486,1,1.2865045670912132,57.83,113.59835327415412,74.39855911488486
CE32,B2,E,0,2020,50.0,37.28,74.56,2,4.0,18.64,127.4,74.32
CE32,B3,E,0,2020,342.75,195.02,56.89861415025529,39,11.37855579868709,5.000512820512821,164.17213712618528,26.068563092633113
CE32,corridor,E,0,2020,82.56,62.42,75.60562015503876,1,1.2112403100775193,62.42,78.3672480620155,75.60562015503876
CE33,B2,E,0,2020,52.44,40.44,77.11670480549199,4,7.627765064836003,10.11,140.16018306636155,74.92372234935164
CE33,B3,E,0,2020,400.71000000000004,266.91,66.60926854832672,17,4.242469616430835,15.700588235294118,168.1764867360435,33.807491702228546
CE33,corridor,E,0,2020,87.76,49.78,56.7228805834093,5,5.6973564266180485,9.956000000000001,158.38650865998176,55.87967183226983
CE34,B2,E,0,2020,51.36,44.49,86.62383177570094,2,3.8940809968847354,22.245,79.04984423676012,86.33177570093459
CE34,B3,E,0,2020,344.93,185.99,53.921085437625024,36,10.436900240628534,5.166388888888889,197.17044037920738,35.83625663178036
CE34,corridor,E,0,2020,84.04,43.660000000000004,51.951451689671586,4,4.75963826749167,10.915000000000001,161.47072822465492,33.138981437410756
CE35,B2,E,0,2020,48.730000000000004,38.29,78.57582597988919,1,2.0521239482864764,38.29,232.91606813051507,78.57582597988919
CE35,B3,E,0,2020,321.11,193.8,60.35315001089969,25,7.78549406745352,7.752000000000001,198.99722836411198,42.82644576624833
CE35,corridor,E,0,2020,85.91,48.57,56.53590967291351,1,1.1640088464672331,48.57,171.6913048539169,56.53590967291351
CE36,B2,E,0,2020,49.92,32.58,65.26442307692308,3,6.009615384615384,10.86,240.3846153846154,63.2411858974359
CE36,B3,E,0,2020,338.66,247.84,73.18254296344416,8,2.362251225417823,30.98,155.2294336502687,55.60444103230378
CE36,corridor,E,0,2020,88.85000000000001,46.910000000000004,52.796848621271806,5,5.6274620146314005,9.382000000000001,184.0180078784468,48.32864378165447
CE37,B2,E,0,2020,51.4,48.59,94.53307392996109,1,1.9455252918287937,48.59,67.12062256809338,94.53307392996109
CE37,B3,E,0,2020,393.95,317.98,80.71582688158395,18,4.569107754791217,17.665555555555557,108.1863180606676,62.23632440665059
CE37,corridor,E,0,2020,80.46000000000001,48.42,60.17897091722595,5,6.214267959234402,9.684,124.78250062142678,49.16728809346259
CE38,B2,E,0,2020,48.76,37.37,76.64068908941755,1,2.0508613617719442,37.37,305.1681706316653,76.64068908941755
CE38,B3,E,0,2020,337.07,264.7,78.52968226184473,26,7.7135313139703925,10.180769230769231,117.30501082861127,64.0015427062628
CE38,corridor,E,0,2020,81.22,43.71,53.81679389312977,5,6.156119182467372,8.742,138.75892637281459,51.94533366165969
CE39,B2,E,0,2020,51.26,31.34,61.1392898946547,10,19.508388607101054,3.134,222.78579789309404,57.4131876706984
CE39,B3,E,0,2020,362.76,250.09,68.94089756312714,12,3.307972213033411,20.840833333333336,132.34645495644503,63.21259234755762
CE39,corridor,E,0,2020,85.59,52.19,60.976749620282746,5,5.84180394905947,10.438,137.8665731978035,59.98364294894263
CE40,B2,E,0,2020,48.72,42.58,87.39737274220033,2,4.105090311986864,21.29,107.34811165845649,86.6584564860427
CE40,B3,E,0,2020,380.97,256.35,67.28876289471611,25,6.562196498411948,10.254000000000001,160.90505814106098,55.46368480457779
CE40,corridor,E,0,2020,81.87,44.31,54.12238915353609,7,8.55014046659338,6.33,150.72676193966043,52.29021619640894
CE41,B2,E,0,2020,51.97,49.800000000000004,95.82451414277467,1,1.9241870309794114,49.800000000000004,49.83644410236675,95.82451414277467
CE41,B3,E,0,2020,460.69,335.67,72.86244546224142,26,5.643708350517702,12.910384615384615,156.98191842670778,67.85908094380169
CE41,corridor,E,0,2020,81.73,56.93,69.65618499938823,1,1.223540927444023,56.93,93.84558913495655,69.65618499938823
CE42,B2,E,0,2020,50.0,29.48,58.96,12,24.0,2.4566666666666666,255.4,41.96
CE42,B3,E,0,2020,399.87,333.08,83.29707154825319,12,3.000975316978018,27.756666666666664,102.5083152024408,78.77310125790882
CE42,corridor,E,0,2020,89.84,58.61,65.23820124666074,1,1.1130899376669634,58.61,106.18878005342832,65.23820124666074
CE43,B2,E,0,2020,49.980000000000004,40.76,81.55262104841937,3,6.002400960384153,13.586666666666668,156.46258503401359,80.812324929972
CE43,B3,E,0,2020,400.02,326.63,81.65341732913355,16,3.9998000099995004,20.414375,82.77086145692715,78.57857107144643
CE43,corridor,E,0,2020,89.09,62.120000000000005,69.72724211471545,2,2.2449208665394544,31.060000000000002,74.41912672578292,67.62824110450107
CE44,B2,E,0,2020,157.72,127.68,80.95358863809282,3,1.90210499619579,42.56,119.19857976160284,80.68095358863809
CE44,B3,E,0,2020,2743.8,2412.0,87.90728187185655,36,1.3120489831620379,67.0,59.32648152197682,87.12442597856986
CE44,corridor,E,0,2020,175.95000000000002,137.08,77.90849673202614,1,0.5683432793407217,137.08,56.94799658994032,77.90849673202614
CE01,B2,E,0,2024,180.67000000000002,69.27,38.34062102175237,26,14.390878397077543,2.664230769230769,174.95987158908505,23.390712348480655
CE01,B3,E,0,2024,2012.27,658.57,32.72771546561843,151,7.503963185854781,4.361390728476821,117.51405129530332,12.668280101576826
CE01,corridor,E,0,2024,150.4,36.52,24.28191489361702,27,17.95212765957447,1.3525925925925928,172.27393617021275,11.236702127659575
CE02,B2,E,0,2024,78.69,34.53,43.88105223027068,9,11.437285550895922,3.836666666666667,138.64531706697167,36.89159994916762
CE02,B3,E,0,2024,166.93,159.67000000000002,95.65087162283592,9,5.391481459294314,17.74111111111111,57.389324866710595,88.36039058287905
CE02,corridor,E,0,2024,106.95,39.660000000000004,37.08274894810659,29,27.115474520804113,1.3675862068965519,306.9658719027583,9.499766245909303
CE03,B2,E,0,2024,84.63,17.11,20.21741699161054,10,11.816140848398913,1.711,102.56410256410257,10.327307101500649
CE03,B3,E,0,2024,209.97,174.72,83.2118874124875,9,4.286326618088299,19.413333333333334,122.01743106158023,41.42972805638901
CE03,corridor,E,0,2024,106.97,44.32,41.43217724595681,18,16.827147798448163,2.4622222222222225,353.5570720762831,26.19426007291764
CE04,B2,E,0,2024,91.05,30.96,34.00329489291598,4,4.393190554640308,7.74,164.1954969796815,31.510159253157607
CE04,B3,E,0,2024,255.8,242.46,94.78498827208757,8,3.1274433150899137,30.3075,63.096168881939015,62.37685691946834
CE04,corridor,E,0,2024,109.68,28.98,26.422319474835888,18,16.411378555798684,1.61,210.52151714077314,17.74252370532458
CE05,B2,E,0,2024,82.09,14.4,17.541722499695457,13,15.836277256669508,1.1076923076923078,162.99183822633694,13.741015958094774
CE05,B3,E,0,2024,180.59,163.76,90.68054709563098,6,3.3224431031618584,27.293333333333337,76.08394706240655,76.59338833822471
CE05,corridor,E,0,2024,106.02,12.3,11.601584606677985,19,17.921146953405017,0.6473684210526317,140.2565553669119,2.3391812865497075
CE06,B2,E,0,2024,53.45,16.7,31.244153414405986,12,22.450888681010287,1.3916666666666666,256.12722170252573,15.042095416276894
CE06,B3,E,0,2024,261.94,246.8,94.22005039321982,6,2.2906009009696877,41.13333333333333,40.42910590211499,89.20745208826449
CE06,corridor,E,0,2024,101.81,14.450000000000001,14.193104803064532,20,19.644435713584127,0.7225,155.38748649445046,7.572929967586681
CE07,B2,E,0,2024,54.11,27.13,50.13860654222879,6,11.088523378303456,4.521666666666667,382.5540565514692,27.57346146738126
CE07,B3,E,0,2024,332.72,298.94,89.84731906708343,13,3.907189228179851,22.995384615384616,60.05049290694878,83.04279874969944
CE07,corridor,E,0,2024,106.91,15.96,14.928444486016275,13,12.159760546253858,1.2276923076923079,138.15358712936114,7.183612384248433
CE08,B2,E,0,2024,65.74,29.73,45.223608153331305,8,12.169151201703682,3.71625,280.6510495892912,42.63766352296927
CE08,B3,E,0,2024,553.96,509.49,91.97234457361543,3,0.5415553469564589,169.83,84.64510072929453,67.89479384793125
CE08,corridor,E,0,2024,106.91,35.11,32.840707136844074,21,19.64269011317931,1.671904761904762,246.56252923019363,23.805069684781593
CE09,B2,E,0,2024,54.21,16.81,31.009038922707987,21,38.7382401770891,0.8004761904761906,291.2746725696366,14.019553587898912
CE09,B3,E,0,2024,362.93,337.28000000000003,92.93252142286391,9,2.4798170446091534,37.47555555555556,56.15407929903838,48.000991926817846
CE09,corridor,E,0,2024,106.85000000000001,26.73,25.016378100140383,17,15.910154422087036,1.5723529411764707,181.75011698642956,18.848853532990173
CE10,B2,E,0,2024,50.0,24.95,49.9,4,8.0,6.2375,228.2,41.76
CE10,B3,E,0,2024,271.3,214.32,78.997419830446,20,7.371913011426465,10.716,153.70438628824178,45.274603759675635
CE10,corridor,E,0,2024,99.77,18.12,18.16177207577428,21,21.04841134609602,0.862857142857143,156.05893555176908,8.03848852360429
CE11,B2,E,0,2024,45.300000000000004,31.810000000000002,70.22075055187638,3,6.62251655629139,10.603333333333333,404.41501103752756,56.84326710816777
CE11,B3,E,0,2024,143.53,86.3,60.12680275900509,23,16.024524489653732,3.752173913043478,269.97840172786175,35.504772521424094
CE11,corridor,E,0,2024,87.58,27.060000000000002,30.89746517469742,14,15.985384791048185,1.9328571428571428,218.99977163736014,18.383192509705413
CE12,B2,E,0,2024,50.01,39.9,79.78404319136173,2,3.9992001599680065,19.95,244.1511697660468,79.44411117776444
CE12,B3,E,0,2024,231.68,160.23,69.16004834254143,16,6.906077348066298,10.014375,175.32803867403314,27.391229281767956
CE12,corridor,E,0,2024,88.88,26.150000000000002,29.42169216921692,17,19.126912691269126,1.538235294117647,197.007200720072,22.01845184518452
CE13,B2,E,0,2024,49.44,19.22,38.87540453074433,2,4.045307443365696,9.61,120.75242718446603,36.75161812297735
CE13,B3,E,0,2024,308.96,208.5,67.48446400828587,25,8.091662351113413,8.34,88.6198860693941,50.57936302433972
CE13,corridor,E,0,2024,87.98,33.62,38.213230279609,14,15.912707433507615,2.4014285714285712,187.20163673562172,26.915208001818595
CE14,B2,E,0,2024,51.27,18.150000000000002,35.40081919251024,1,1.9504583577140626,18.150000000000002,118.58786814901501,35.40081919251024
CE14,B3,E,0,2024,356.25,244.26,68.56421052631579,14,3.9298245614035086,17.447142857142858,92.71578947368421,48.00280701754386
CE14,corridor,E,0,2024,90.82000000000001,30.400000000000002,33.47280334728033,13,14.314027747192247,2.3384615384615386,206.34221537106362,17.914556265139836
CE15,B2,E,0,2024,48.71,18.23,37.4255799630466,5,10.264832683227263,3.6460000000000004,215.35618969410797,28.371997536440155
CE15,B3,E,0,2024,337.28000000000003,219.46,65.06759962049335,7,2.075426944971537,31.351428571428574,53.19022770398482,36.64018026565465
CE15,corridor,E,0,2024,85.82000000000001,37.910000000000004,44.173852248893034,5,5.8261477511069675,7.582000000000001,226.1710556979725,28.74621300396178
CE16,B2,E,0,2024,51.29,11.33,22.090076038214075,6,11.698186781048937,1.8883333333333334,162.79976603626437,19.165529342951842
CE16,B3,E,0,2024,355.69,216.83,60.960386853720934,13,3.654868003036352,16.67923076923077,66.46236891675335,28.724451066940315
CE16,corridor,E,0,2024,88.64,7.4,8.348375451263538,15,16.922382671480143,0.49333333333333335,92.84747292418773,4.6141696750902526
CE17,B2,E,0,2024,48.72,22.54,46.264367816091955,3,6.157635467980295,7.513333333333334,187.39737274220033,45.11494252873563
CE17,B3,E,0,2024,305.61,169.70000000000002,55.52828768692124,21,6.871502895847649,8.08095238095238,110.99113248912012,30.882497300481006
CE17,corridor,E,0,2024,79.73,40.230000000000004,50.457795058321835,5,6.271165182490907,8.046000000000001,220.36874451273044,41.96663740122915
CE18,B2,E,0,2024,51.27,36.08,70.37253754632339,1,1.9504583577140626,36.08,295.6894870294519,70.37253754632339
CE18,B3,E,0,2024,352.84000000000003,204.97,58.091486226051465,30,8.502437365378075,6.832333333333334,120.73461058836865,36.333749008048976
CE18,corridor,E,0,2024,79.83,36.78,46.07290492296129,1,1.2526619065514217,36.78,183.13917073781786,46.07290492296129
CE19,B2,E,0,2024,45.42,20.31,44.71598414795245,11,24.218405988551297,1.8463636363636362,168.6481726111845,21.400264200792602
CE19,B3,E,0,2024,251.78,168.77,67.0307411232028,12,4.766065612836603,14.064166666666667,138.05703391850028,29.70450393200413
CE19,corridor,E,0,2024,73.88,25.46,34.4612885760693,7,9.474824038982133,3.6371428571428575,170.27612344342177,24.891716296697346
CE20,B2,E,0,2024,50.03,13.26,26.504097541475115,8,15.990405756546073,1.6575,137.11772936238256,21.107335598640816
CE20,B3,E,0,2024,348.55,242.12,69.46492612250753,18,5.164251900731602,13.45111111111111,129.90962559173718,37.53263520298379
CE20,corridor,E,0,2024,81.63,29.22,35.79566335905917,8,9.800318510351588,3.6525,142.22712238147741,16.1337743476663
CE21,B2,E,0,2024,51.25,14.06,27.434146341463414,8,15.609756097560975,1.7575,143.02439024390245,13.268292682926829
CE21,B3,E,0,2024,342.0,243.52,71.2046783625731,16,4.678362573099415,15.22,99.76608187134502,36.75438596491228
CE21,corridor,E,0,2024,87.4,26.67,30.51487414187643,21,24.027459954233407,1.27,189.35926773455375,20.45766590389016
CE22,B2,E,0,2024,50.01,31.810000000000002,63.60727854429114,2,3.9992001599680065,15.905000000000001,269.74605078984206,63.3873225354929
CE22,B3,E,0,2024,337.95,245.45000000000002,72.6290871430685,15,4.438526409232135,16.363333333333333,101.49430389110816,35.65912117177097
CE22,corridor,E,0,2024,89.74,46.71,52.05036772899487,10,11.143302874972143,4.671,205.3710719857366,47.425897035881434
CE23,B2,E,0,2024,48.7,30.7,63.03901437371663,3,6.160164271047227,10.233333333333334,166.73511293634496,60.328542094455855
CE23,B3,E,0,2024,310.0,231.37,74.63548387096775,11,3.5483870967741935,21.033636363636365,79.35483870967742,52.54516129032258
CE23,corridor,E,0,2024,84.53,35.550000000000004,42.05607476635514,5,5.915059742103395,7.11,220.63172838045665,41.275286880397495
CE24,B2,E,0,2024,50.04,1.99,3.976818545163869,9,17.98561151079137,0.22111111111111112,49.36051159072742,1.0191846522781776
CE24,B3,E,0,2024,347.3,250.51000000000002,72.13072271811114,10,2.8793550244745174,25.051,55.68672617333717,68.26374892024187
CE24,corridor,E,0,2024,85.04,46.09,54.198024459078084,5,5.879586077140169,9.218,196.26058325493884,50.952492944496704
CE25,B2,E,0,2024,49.980000000000004,11.03,22.068827531012406,15,30.012004801920767,0.7353333333333333,213.28531412565025,10.304121648659464
CE25,B3,E,0,2024,345.32,257.19,74.47874435306383,10,2.895864705200973,25.719,29.856365110622033,72.43136800648674
CE25,corridor,E,0,2024,85.08,17.53,20.60413728255759,13,15.279736718382699,1.3484615384615384,158.3215796897038,6.123648330982604
CE26,B2,E,0,2024,51.28,11.63,22.67940717628705,7,13.650546021840873,1.6614285714285715,189.74258970358815,18.194227769110764
CE26,B3,E,0,2024,325.76,219.64000000000001,67.42387033398822,13,3.9906679764243616,16.895384615384614,99.3983300589391,51.11431728880157
CE26,corridor,E,0,2024,86.24,29.32,33.998144712430424,12,13.91465677179963,2.4433333333333334,211.50278293135437,28.525046382189238
CE27,B2,E,0,2024,48.71,12.85,26.380619995894065,10,20.529665366454527,1.285,188.05173475672345,18.04557585711353
CE27,B3,E,0,2024,313.78000000000003,223.86,71.3429791573714,12,3.824335521703104,18.655,164.54203582127604,34.090764229715084
CE27,corridor,E,0,2024,80.85000000000001,29.04,35.91836734693877,11,13.605442176870747,2.64,232.5293753865182,25.244279529993815
CE28,B2,E,0,2024,54.75,21.2,38.721461187214615,16,29.22374429223744,1.325,349.2237442922374,15.726027397260275
CE28,B3,E,0,2024,433.98,331.7,76.43209364486843,23,5.299783400156689,14.421739130434784,131.3655007143186,50.89405041706991
CE28,corridor,E,0,2024,88.95,31.17,35.04215851602024,15,16.863406408094434,2.0780000000000003,222.37211916807195,25.03653738055087
CE29,B2,E,0,2024,48.71,19.77,40.5871484294806,8,16.42373229316362,2.47125,267.706836378567,35.167316772736605
CE29,B3,E,0,2024,313.6,203.54,64.90433673469387,20,6.377551020408163,10.177000000000001,200.3188775510204,36.004464285714285
CE29,corridor,E,0,2024,83.22,45.1,54.19370343667388,9,10.814708002883922,5.011111111111111,246.6955058880077,51.32179764479692
CE30,B2,E,0,2024,51.27,19.76,38.54105714842988,9,17.554125219426563,2.1955555555555555,195.4359274429491,20.343280670957675
CE30,B3,E,0,2024,304.37,169.3,55.623090317705426,33,10.84206722081677,5.13030303030303,262.6737194861517,16.74278016887341
CE30,corridor,E,0,2024,84.9,46.02,54.20494699646643,3,3.5335689045936394,15.34,175.26501766784452,53.42756183745583
CE31,B2,E,0,2024,48.74,27.54,56.503898235535495,4,8.206811653672547,6.885,262.2076323348379,54.94460402133771
CE31,B3,E,0,2024,311.74,167.54,53.743504202219796,33,10.585744530698658,5.076969696969697,251.74825174825173,28.73227689741451
CE31,corridor,E,0,2024,80.72,49.97,61.905351833498514,2,2.4777006937561943,24.985,166.37760158572846,61.76907829534192
CE32,B2,E,0,2024,50.0,34.07,68.14,1,2.0,34.07,225.0,68.14
CE32,B3,E,0,2024,347.85,192.02,55.20195486560299,25,7.187005893344832,7.6808000000000005,269.34023285899093,42.36596234008912
CE32,corridor,E,0,2024,86.43,61.56,71.22526900381811,1,1.1570056693277797,61.56,93.94886034941571,71.22526900381811
CE33,B2,E,0,2024,52.44,39.03,74.4279176201373,2,3.8138825324180017,19.515,178.87109077040427,73.70327993897789
CE33,B3,E,0,2024,408.6,233.95000000000002,57.256485560450315,25,6.1184532550171316,9.358,270.0440528634361,33.272148800783164
CE33,corridor,E,0,2024,93.02,37.9,40.743926037411306,7,7.525263384218448,5.414285714285715,167.81337346807138,36.46527628466996
CE34,B2,E,0,2024,51.44,44.5,86.5085536547434,1,1.944012441679627,44.5,127.52721617418352,86.5085536547434
CE34,B3,E,0,2024,348.38,147.81,42.42780871462197,50,14.352144210345026,2.9562,271.97313278603826,15.574946897066422
CE34,corridor,E,0,2024,93.67,37.37,39.89537738870503,12,12.810931995302658,3.1141666666666667,151.16899754457137,20.881819152343333
CE35,B2,E,0,2024,48.730000000000004,39.050000000000004,80.13544018058691,1,2.0521239482864764,39.050000000000004,222.86066078391133,80.13544018058691
CE35,B3,E,0,2024,325.83,163.22,50.093607095724764,30,9.207255317189945,5.440666666666667,236.62646165178163,36.261240524199735
CE35,corridor,E,0,2024,87.99,46.15,52.44914194794863,6,6.818956699624958,7.691666666666666,173.76974656210933,49.801113762927606
CE36,B2,E,0,2024,49.92,33.61,67.32772435897436,1,2.003205128205128,33.61,238.38141025641025,67.32772435897436
CE36,B3,E,0,2024,342.81,233.58,68.13686881946268,19,5.542428750619877,12.293684210526317,204.34059683206442,48.94839707126397
CE36,corridor,E,0,2024,90.01,38.1,42.328630152205314,10,11.109876680368847,3.81,192.7563604043995,39.70669925563826
CE37,B2,E,0,2024,52.480000000000004,47.59,90.68216463414635,1,1.9054878048780486,47.59,89.17682926829268,90.68216463414635
CE37,B3,E,0,2024,395.74,300.17,75.85030575630465,19,4.801132056400667,15.79842105263158,118.41107798049224,58.48031535856876
CE37,corridor,E,0,2024,86.47,43.49,50.29489996530589,6,6.938822713079681,7.248333333333334,134.15057245287383,40.464901121776336
CE38,B2,E,0,2024,48.76,32.14,65.91468416735029,3,6.152584085315833,10.713333333333333,296.75963904840035,63.84331419196062
CE38,B3,E,0,2024,337.40000000000003,228.81,67.81564908120924,22,6.5204505038529925,10.400454545454545,155.9869590989923,57.439241256668645
CE38,corridor,E,0,2024,87.66,36.07,41.14761578827287,5,5.703855806525211,7.2139999999999995,154.3463381245722,40.611453342459505
CE39,B2,E,0,2024,51.26,33.09,64.55325790089739,9,17.557549746390947,3.6766666666666667,294.9668357393679,57.78384705423332
CE39,B3,E,0,2024,364.67,217.76,59.714262209669016,12,3.2906463377848465,18.14666666666667,199.90676502042942,55.038802204733045
CE39,corridor,E,0,2024,89.28,46.88,52.5089605734767,4,4.480286738351254,11.72,172.04301075268816,51.299283154121866
CE40,B2,E,0,2024,48.72,43.37,89.01888341543514,2,4.105090311986864,21.685,158.2512315270936,88.11576354679804
CE40,B3,E,0,2024,381.03000000000003,240.51,63.12101409337848,28,7.348502742566201,8.589642857142858,191.06107130672123,31.044799622077
CE40,corridor,E,0,2024,86.7,43.81,50.53056516724337,7,8.073817762399077,6.258571428571429,174.50980392156862,48.858131487889274
CE41,B2,E,0,2024,51.97,49.96,96.13238406773138,1,1.9241870309794114,49.96,67.15412738118145,96.13238406773138
CE41,B3,E,0,2024,460.69,319.13,69.272178688489,27,5.860774056306844,11.819629629629631,208.81720896915496,65.54733117714733
CE41,corridor,E,0,2024,89.05,54.42,61.11173498034812,3,3.368893879842785,18.14,109.3767546322291,59.011791128579446
CE42,B2,E,0,2024,50.0,38.94,77.88,1,2.0,38.94,276.0,77.88
CE42,B3,E,0,2024,399.87,318.94,79.76092229974742,17,4.2513816990521915,18.761176470588236,154.35016380323606,75.81714057068547
CE42,corridor,E,0,2024,93.83,54.730000000000004,58.3288926782479,2,2.1315144410103377,27.365000000000002,129.3829265693275,58.21165938399233
CE43,B2,E,0,2024,49.980000000000004,41.74,83.51340536214485,1,2.000800320128051,41.74,197.07883153261304,83.51340536214485
CE43,B3,E,0,2024,400.02,312.99,78.24358782060897,22,5.4997250137493126,14.226818181818183,121.19394030298486,75.91870406479676
CE43,corridor,E,0,2024,93.22,64.42,69.10534220124437,2,2.145462347135808,32.21,85.38940141600516,66.4235142673246
CE44,B2,E,0,2024,160.95000000000002,95.82000000000001,59.53401677539608,9,5.591798695246971,10.646666666666668,152.65610438024228,50.469089779434604
CE44,B3,E,0,2024,2758.86,2299.4500000000003,83.34783207556744,35,1.2686399454847292,65.69857142857143,70.44576382998774,82.89510884930732
CE44,corridor,E,0,2024,183.26,130.72,71.33035032194697,1,0.5456728145803776,130.72,97.51173196551348,71.33035032194697
CE01,B2,E,0,2026,181.07,69.01,38.112332247197216,24,13.254542442149445,2.8754166666666667,181.75291323797427,21.511017838405035
CE01,B3,E,0,2026,1999.52,637.84,31.89965591742018,194,9.702328558854125,3.2878350515463914,129.56109466271906,12.476494358646075
CE01,corridor,E,0,2026,150.4,33.67,22.386968085106382,33,21.94148936170213,1.0203030303030303,159.1755319148936,11.70877659574468
CE02,B2,E,0,2026,79.94,28.05,35.08881661245935,15,18.764073054791094,1.87,156.49236927695773,24.530898173630224
CE02,B3,E,0,2026,165.6,153.64000000000001,92.77777777777777,14,8.454106280193237,10.974285714285713,92.7536231884058,84.29347826086956
CE02,corridor,E,0,2026,106.95,31.54,29.49041608228144,24,22.44039270687237,1.3141666666666667,234.68910705937353,9.67741935483871
CE03,B2,E,0,2026,86.95,20.21,23.243243243243242,11,12.650948821161586,1.8372727272727272,130.30477285796434,11.960897067280046
CE03,B3,E,0,2026,205.35,175.59,85.50766983199415,9,4.382761139517896,19.51,120.42853664475287,42.4981738495252
CE03,corridor,E,0,2026,106.97,40.89,38.22567074880808,23,21.50135552023932,1.777826086956522,331.8687482471721,10.769374591006825
CE04,B2,E,0,2026,93.72,30.39,32.42637644046095,12,12.804097311139564,2.5325,128.57447716602647,28.28638497652582
CE04,B3,E,0,2026,248.21,238.02,95.89460537448129,6,2.4173079247411464,39.67,62.72914064703275,64.08686193142903
CE04,corridor,E,0,2026,109.68,29.23,26.650255288110866,17,15.49963530269876,1.7194117647058824,180.70751276440552,7.503646973012399
CE05,B2,E,0,2026,83.9,16.57,19.749702026221694,13,15.494636471990464,1.2746153846153847,194.63647199046483,5.184743742550656
CE05,B3,E,0,2026,177.02,160.75,90.80894814145294,5,2.8245396000451923,32.15,74.9067901931985,78.00813467404814
CE05,corridor,E,0,2026,105.99000000000001,19.88,18.756486460986885,22,20.756675158033776,0.9036363636363636,172.1860552882347,7.12331352014341
CE06,B2,E,0,2026,53.33,11.620000000000001,21.78886180386274,19,35.62722670166885,0.611578947368421,163.69773110819426,7.706731670729421
CE06,B3,E,0,2026,260.5,241.38,92.66026871401152,7,2.6871401151631478,34.48285714285714,38.92514395393474,89.90403071017275
CE06,corridor,E,0,2026,100.94,17.84,17.673865662769963,21,20.804438280166437,0.8495238095238095,165.14761244303548,10.877749157915593
CE07,B2,E,0,2026,54.21,8.89,16.399188341634385,6,11.068068622025457,1.4816666666666667,100.53495665006456,6.640841173215274
CE07,B3,E,0,2026,329.3,293.44,89.11023382933496,16,4.858791375645308,18.34,49.40783480109322,84.18159732766475
CE07,corridor,E,0,2026,106.7,10.63,9.962511715089034,19,17.806935332708527,0.5594736842105263,114.8078725398313,3.8894095595126523
CE08,B2,E,0,2026,65.45,22.75,34.75935828877005,15,22.918258212375857,1.5166666666666666,219.55691367456072,23.9572192513369
CE08,B3,E,0,2026,539.51,488.8,90.60073029230227,9,1.6681803859057294,54.31111111111112,87.19022817000612,69.09232451669106
CE08,corridor,E,0,2026,106.81,43.72,40.93249695721374,15,14.043628873700964,2.9146666666666663,275.5359985020129,23.64010860406329
CE09,B2,E,0,2026,54.24,13.93,25.682153392330385,15,27.654867256637168,0.9286666666666666,264.1961651917404,14.122418879056047
CE09,B3,E,0,2026,361.14,332.63,92.10555463255247,6,1.661405549094534,55.43833333333333,50.035997120230384,48.189067951486955
CE09,corridor,E,0,2026,106.85000000000001,24.85,23.256902199344875,16,14.97426298549368,1.553125,178.56808610201216,19.44782405240992
CE10,B2,E,0,2026,50.0,23.55,47.1,8,16.0,2.94375,263.8,39.22
CE10,B3,E,0,2026,266.68,215.44,80.7859607019649,25,9.374531273436327,8.6176,153.36733163341833,46.33643317834108
CE10,corridor,E,0,2026,99.3,14.780000000000001,14.884189325276939,27,27.19033232628399,0.5474074074074075,146.2235649546828,5.39778449144008
CE11,B2,E,0,2026,45.300000000000004,24.01,53.00220750551876,5,11.037527593818984,4.802,368.43267108167765,42.16335540838852
CE11,B3,E,0,2026,140.4,84.39,60.10683760683761,22,15.669515669515668,3.835909090909091,277.13675213675214,33.24074074074074
CE11,corridor,E,0,2026,85.27,24.5,28.732262225870763,20,23.45490793948634,1.225,216.4888002814589,10.038700598100153
CE12,B2,E,0,2026,50.01,39.26,78.50429914017197,4,7.998400319936013,9.815,281.9436112777445,41.87162567486503
CE12,B3,E,0,2026,221.70000000000002,151.84,68.48894903022102,26,11.727559765448804,5.84,206.3148398737032,20.414975191700496
CE12,corridor,E,0,2026,88.09,26.060000000000002,29.58338063344307,19,21.56885003973209,1.3715789473684212,209.10432512203428,13.406743103644
CE13,B2,E,0,2026,49.44,24.43,49.413430420711975,7,14.158576051779935,3.49,188.10679611650485,41.403721682847895
CE13,B3,E,0,2026,302.41,230.06,76.07552660295624,21,6.9442148077113846,10.955238095238096,116.99348566515657,51.459938494097415
CE13,corridor,E,0,2026,87.11,34.81,39.96096888990931,18,20.66352887154173,1.933888888888889,228.21719664791644,27.37917575479279
CE14,B2,E,0,2026,51.27,20.02,39.048176321435534,4,7.8018334308562505,5.005,127.36493075872829,37.83889213965282
CE14,B3,E,0,2026,354.09000000000003,260.93,73.69030472478748,20,5.6482815103504755,13.046500000000002,111.41235279166312,48.24762066141376
CE14,corridor,E,0,2026,91.08,33.14,36.38559508124725,16,17.56697408871322,2.07125,200.0439174352218,13.427755819060167
CE15,B2,E,0,2026,48.71,24.900000000000002,51.118866762471775,6,12.317799219872716,4.15,267.91213303223157,48.963251898994045
CE15,B3,E,0,2026,336.23,235.64000000000001,70.0829789132439,25,7.435386491389822,9.4256,72.09350742051572,36.67727448472772
CE15,corridor,E,0,2026,85.57000000000001,38.25,44.70024541311207,6,7.011803202056795,6.375,232.3244127614818,30.080635736823652
CE16,B2,E,0,2026,51.29,15.1,29.44043673230649,7,13.647884577890427,2.1571428571428575,213.8818483135114,23.903294989276663
CE16,B3,E,0,2026,354.08,215.22,60.782873926796206,26,7.342973339358338,8.277692307692307,83.68165386353367,28.34670131043832
CE16,corridor,E,0,2026,87.48,13.120000000000001,14.997713763145862,13,14.860539551897576,1.0092307692307692,133.05898491083676,8.859167809785093
CE17,B2,E,0,2026,48.72,25.080000000000002,51.477832512315274,4,8.210180623973727,6.2700000000000005,191.29720853858785,49.9384236453202
CE17,B3,E,0,2026,301.02,169.18,56.202245697960265,21,6.976280645804266,8.056190476190476,122.58321706198925,30.851770646468673
CE17,corridor,E,0,2026,78.59,41.95,53.37829240361369,6,7.634559104211731,6.991666666666666,243.2879501208805,43.45336556813844
CE18,B2,E,0,2026,51.27,36.96,72.08894090111176,3,5.851375073142188,12.32,262.72674078408426,71.46479422664326
CE18,B3,E,0,2026,349.98,211.09,60.31487513572204,21,6.000342876735814,10.051904761904762,123.06417509571975,36.53923081318933
CE18,corridor,E,0,2026,79.75,35.69,44.75235109717868,3,3.761755485893417,11.896666666666668,182.4451410658307,43.310344827586206
CE19,B2,E,0,2026,45.42,25.93,57.08938793483047,7,15.411712901805371,3.7042857142857146,250.99075297225892,35.2928225451343
CE19,B3,E,0,2026,246.76000000000002,165.89000000000001,67.22726535905333,21,8.510293402496352,7.89952380952381,155.45469281893335,29.875182363430053
CE19,corridor,E,0,2026,73.14,26.810000000000002,36.655728739403884,6,8.203445447087777,4.468333333333333,164.61580530489474,30.831282471971562
CE20,B2,E,0,2026,50.03,19.22,38.41694983010194,10,19.98800719568259,1.922,247.05176893863683,30.18189086548071
CE20,B3,E,0,2026,340.1,242.59,71.32902087621288,15,4.410467509556013,16.172666666666668,142.51690679211995,38.44751543663628
CE20,corridor,E,0,2026,80.77,30.240000000000002,37.43964343196731,9,11.142751021418844,3.36,182.49350006190417,15.971276464033675
CE21,B2,E,0,2026,51.25,26.560000000000002,51.82439024390244,7,13.658536585365853,3.7942857142857145,217.5609756097561,47.88292682926829
CE21,B3,E,0,2026,337.56,258.67,76.62933996919067,14,4.14741083066714,18.47642857142857,120.36378717857566,37.14302642493186
CE21,corridor,E,0,2026,87.23,26.98,30.929726011693226,21,24.074286369368334,1.2847619047619048,183.53777370170812,15.086552791470824
CE22,B2,E,0,2026,50.01,35.87,71.7256548690262,2,3.9992001599680065,17.935,269.9460107978404,70.98580283943211
CE22,B3,E,0,2026,332.0,258.92,77.98795180722891,15,4.518072289156627,17.261333333333337,105.18072289156626,36.21987951807229
CE22,corridor,E,0,2026,88.28,52.03,58.937471681014955,9,10.194834617127322,5.781111111111111,189.17082011780698,50.7816039873131
CE23,B2,E,0,2026,48.7,37.64,77.28952772073922,3,6.160164271047227,12.546666666666667,130.80082135523614,76.28336755646818
CE23,B3,E,0,2026,307.06,233.51,76.04702663974467,20,6.513385006187716,11.6755,89.59161076011203,52.96033348531232
CE23,corridor,E,0,2026,83.8,42.31,50.48926014319809,7,8.353221957040573,6.0442857142857145,225.77565632458234,48.866348448687354
CE24,B2,E,0,2026,50.04,4.62,9.232613908872901,13,25.97921662669864,0.3553846153846154,111.71063149480416,1.5987210231814548
CE24,B3,E,0,2026,346.8,256.36,73.92156862745098,16,4.61361014994233,16.0225,67.84890426758939,68.68223760092272
CE24,corridor,E,0,2026,85.02,49.81,58.58621500823336,8,9.409550693954364,6.22625,190.1905434015526,54.22253587391202
CE25,B2,E,0,2026,49.980000000000004,19.16,38.33533413365346,6,12.004801920768307,3.1933333333333334,260.3041216486594,19.10764305722289
CE25,B3,E,0,2026,344.95,261.12,75.69792723583129,12,3.478765038411364,21.76,38.81721988694014,72.70908827366284
CE25,corridor,E,0,2026,84.54,31.68,37.47338537970192,10,11.828720132481665,3.168,228.8857345635202,19.410929737402412
CE26,B2,E,0,2026,51.28,16.740000000000002,32.64430577223089,6,11.700468018720748,2.79,226.01404056162247,29.6801872074883
CE26,B3,E,0,2026,319.41,226.25,70.83372467987853,16,5.0092357784665476,14.140625,116.05773144234682,51.36345136345136
CE26,corridor,E,0,2026,85.64,46.1,53.82998598785614,5,5.838393274170948,9.22,252.5688930406352,53.26950023353573
CE27,B2,E,0,2026,48.7,20.6,42.299794661190965,7,14.37371663244353,2.9428571428571426,276.79671457905545,34.53798767967146
CE27,B3,E,0,2026,306.88,250.53,81.63777372262774,14,4.562043795620438,17.895,170.32716371220022,34.583550573514074
CE27,corridor,E,0,2026,82.31,36.01,43.74924067549508,7,8.504434455108735,5.144285714285714,267.4037176527761,41.16146276272628
CE28,B2,E,0,2026,54.75,22.68,41.42465753424658,18,32.87671232876713,1.26,380.0913242009132,13.424657534246576
CE28,B3,E,0,2026,428.48,347.86,81.18465272591486,12,2.8005974607916353,28.988333333333337,131.23132935026138,51.74570575056012
CE28,corridor,E,0,2026,89.89,36.25,40.32706641450662,14,15.574591166981866,2.5892857142857144,263.43308488152184,27.93414172877962
CE29,B2,E,0,2026,48.71,27.64,56.74399507288031,7,14.370765756518168,3.9485714285714284,290.289468281667,53.60295627181277
CE29,B3,E,0,2026,308.76,222.19,71.96204171524809,11,3.562637647363648,20.19909090909091,215.83106620028502,37.02876020209872
CE29,corridor,E,0,2026,82.3,50.870000000000005,61.81044957472661,5,6.075334143377886,10.174,233.53584447144593,60.680437424058326
CE30,B2,E,0,2026,51.27,20.71,40.39399258825824,6,11.702750146284377,3.451666666666667,187.43904817632142,38.950653403549836
CE30,B3,E,0,2026,299.07,185.93,62.16939178118835,16,5.349918079379409,11.620625,271.6086534924934,29.86257397933594
CE30,corridor,E,0,2026,84.53,54.61,64.60428250325329,1,1.1830119484206791,54.61,178.7531054063646,64.60428250325329
CE31,B2,E,0,2026,48.74,27.59,56.6064833812064,4,8.206811653672547,6.8975,302.2158391464916,54.985638079606076
CE31,B3,E,0,2026,305.48,184.19,60.29527301296321,21,6.8744271310724105,8.77095238095238,274.74793767186065,28.92497053816944
CE31,corridor,E,0,2026,80.58,50.14,62.22387689252916,1,1.2410027302060065,50.14,152.0228344502358,62.22387689252916
CE32,B2,E,0,2026,50.0,31.400000000000002,62.8,2,4.0,15.700000000000001,242.0,62.42
CE32,B3,E,0,2026,345.1,208.59,60.443349753694584,21,6.085192697768762,9.932857142857143,268.67574616053315,28.504781222833962
CE32,corridor,E,0,2026,85.58,58.01,67.78452909558308,3,3.5054919373685443,19.33666666666667,98.15377424631923,66.97826594998831
CE33,B2,E,0,2026,52.44,33.410000000000004,63.71090770404272,5,9.534706331045005,6.682,222.1586575133486,62.09000762776507
CE33,B3,E,0,2026,403.13,246.44,61.13164487882321,21,5.209237714881056,11.735238095238097,285.9127328653288,36.509314613152085
CE33,corridor,E,0,2026,90.47,46.6,51.50878744335139,5,5.526693931690063,9.32,185.4758483475185,50.49187575992042
CE34,B2,E,0,2026,51.44,45.88,89.19129082426127,1,1.944012441679627,45.88,129.47122861586314,89.19129082426127
CE34,B3,E,0,2026,346.2,161.5,46.649335644136336,42,12.131715771230503,3.8452380952380953,259.2143269786251,15.583477758521086
CE34,corridor,E,0,2026,90.31,41.19,45.60956704683867,9,9.96567379027793,4.576666666666667,158.4542132654191,25.910751854722623
CE35,B2,E,0,2026,48.730000000000004,28.04,57.5415555099528,4,8.208495793145905,7.01,249.33305971680687,56.392366098912376
CE35,B3,E,0,2026,321.44,152.13,47.32765057242409,25,7.777501244400199,6.0852,224.89422598307615,30.714907914385265
CE35,corridor,E,0,2026,88.75,43.29,48.777464788732395,3,3.380281690140845,14.43,190.8732394366197,46.32112676056338
CE36,B2,E,0,2026,49.92,19.12,38.30128205128205,8,16.025641025641026,2.39,178.08493589743588,33.493589743589745
CE36,B3,E,0,2026,338.83,230.32,67.9750907534752,16,4.7221320426172415,14.395,214.82749461381815,49.48499247410206
CE36,corridor,E,0,2026,90.61,50.19,55.39123717029025,8,8.829047566493765,6.27375,210.57278446087628,52.31210683147555
CE37,B2,E,0,2026,51.81,41.02,79.17390465161166,1,1.9301293186643504,41.02,121.98417293958694,79.17390465161166
CE37,B3,E,0,2026,393.56,315.31,80.11738997865636,15,3.8113629433885556,21.020666666666667,144.6031100721618,63.388047565809536
CE37,corridor,E,0,2026,82.54,49.82,60.35861400533075,3,3.6346014053792097,16.60666666666667,147.4436636782166,48.78846619820693
CE38,B2,E,0,2026,48.76,23.55,48.29778506972929,4,8.203445447087777,5.8875,345.980311730927,46.24692370795734
CE38,B3,E,0,2026,336.13,238.55,70.96956534674085,18,5.35507095469015,13.252777777777778,184.06568887037753,56.844078184035936
CE38,corridor,E,0,2026,85.34,42.410000000000004,49.69533630185142,7,8.202484180923365,6.058571428571429,177.64237168971172,47.93766112022498
CE39,B2,E,0,2026,51.26,27.54,53.7261022239563,10,19.508388607101054,2.754,243.46468981662116,50.25360905189231
CE39,B3,E,0,2026,361.56,193.92000000000002,53.634251576501825,20,5.531585352361987,9.696,179.99778736585907,38.02964929748866
CE39,corridor,E,0,2026,89.75,44.480000000000004,49.559888579387184,6,6.685236768802229,7.413333333333334,161.22562674094706,48.155988857938716
CE40,B2,E,0,2026,48.72,39.49,81.05500821018063,4,8.210180623973727,9.8725,158.86699507389162,79.67980295566502
CE40,B3,E,0,2026,380.36,205.72,54.08560311284047,38,9.990535282364077,5.413684210526315,178.67283626038488,24.34009885371753
CE40,corridor,E,0,2026,84.37,47.83,56.690766860258385,4,4.741021690174232,11.9575,172.33613843783334,56.216664691240965
CE41,B2,E,0,2026,51.99,47.45,91.26755145220234,1,1.9234468166955183,47.45,118.09963454510482,91.26755145220234
CE41,B3,E,0,2026,460.69,291.44,63.26162929518765,34,7.380233996830841,8.571764705882353,218.4983394473507,58.0867828691745
CE41,corridor,E,0,2026,86.7,55.76,64.31372549019608,1,1.1534025374855825,55.76,113.2641291810842,64.31372549019608
CE42,B2,E,0,2026,50.0,29.28,58.56,5,10.0,5.856000000000001,311.6,57.02
CE42,B3,E,0,2026,399.87,300.52,75.15442518818617,17,4.2513816990521915,17.67764705882353,141.67104308900392,36.96951509240503
CE42,corridor,E,0,2026,95.28,56.45,59.24643157010915,2,2.0990764063811924,28.225,108.6272040302267,59.14147774979009
CE43,B2,E,0,2026,49.980000000000004,34.87,69.76790716286514,3,6.002400960384153,11.623333333333333,164.8659463785514,69.26770708283313
CE43,B3,E,0,2026,400.02,306.94,76.7311634418279,25,6.249687515624219,12.2776,138.91805409729514,74.9037548122594
CE43,corridor,E,0,2026,97.07000000000001,64.28,66.22025342536314,2,2.060368806016277,32.14,85.6083238899763,63.974451426805395
CE44,B2,E,0,2026,165.31,112.34,67.95717137499244,4,2.419696328110822,28.085,159.51848043070595,67.63656161151775
CE44,B3,E,0,2026,2778.65,2355.73,84.77965918701528,55,1.9793784751588002,42.83145454545455,79.89131412736401,84.14481852698253
CE44,corridor,E,0,2026,188.70000000000002,135.54,71.82829888712241,1,0.5299417064122945,135.54,84.89666136724959,71.82829888712241
